2026-08-19 22:40:39,105 - INFO -    - income: 27 records
2026-08-19 22:40:39,119 - INFO -    - unemployment: 27 records
2026-08-19 22:40:39,128 - INFO -    - rental: 27 records
2026-08-19 22:40:39,131 - INFO -    - igpm: 27 records
2026-08-19 22:40:39,134 - INFO -    - affordability: 27 records
2026-08-25 20:46:09,682 - INFO - ============================================================
2026-08-25 20:46:09,765 - ERROR - Traceback (most recent call last):
  File "<ipython-input-1-809207e05f4d>", line 44, in main
    default_data = extractor.extract_bacen_vehicle_defaults()
                   ^^^^^^^^^^^^^^^^^^^^^^^^^^^^^^^^^^^^^^^^
AttributeError: 'DataExtractor' object has no attribute 'extract_bacen_vehicle_defaults'. Did you mean: 'extract_bacen_defaults'?

2026-08-25 20:49:32,892 - INFO - >>> Starting Credit Risk Vehicle Loans Analysis Pipeline
2026-08-25 20:49:32,895 - INFO - ============================================================
2026-08-25 20:49:32,897 - INFO - >>> Step 1: Extracting data from BACEN public API...
2026-08-25 20:49:34,788 - INFO - Extracted 30 default records for BR
2026-08-25 20:49:34,798 - INFO - Extracted 30 records from BACEN
2026-08-25 20:49:34,812 - INFO - Saved: c:\Users\user\Documents\Projects\credit-risk-vehicle-loans\data\raw\raw_vehicle_defaults_20260825_204934.csv
2026-08-25 20:49:34,814 - INFO - >>> Step 2: Storing data in SQLite...
2026-08-25 20:49:34,827 - INFO - ✅ Connected to database: data\credit_risk.db
2026-08-25 20:49:34,830 - WARNING - ⚠️ Schema file not found: queries/schema.sql
2026-08-25 20:49:34,834 - INFO - ✅ Connected to database: data\credit_risk.db
2026-08-25 20:49:34,876 - INFO - ✅ Inserted 30 rows into scr_monthly
2026-08-25 20:49:34,879 - INFO - >>> Step 3: Adding macroeconomic indicators...
2026-08-25 20:49:34,881 - INFO - Extracting IBGE income data...
2026-08-25 20:49:35,936 - ERROR - SIDRA API error: HTTPSConnectionPool(host='api.sidra.ibge.gov.br', port=443): Max retries exceeded with url: /values/t/6823/n1/1/n2/3/v/9713/v/750/p/2026Q1 (Caused by SSLError(SSLCertVerificationError(1, "[SSL: CERTIFICATE_VERIFY_FAILED] certificate verify failed: Hostname mismatch, certificate is not valid for 'api.sidra.ibge.gov.br'. (_ssl.c:1032)")))
2026-08-25 20:49:37,139 - ERROR - SIDRA API error: HTTPSConnectionPool(host='api.sidra.ibge.gov.br', port=443): Max retries exceeded with url: /values/t/6823/n1/1/n2/3/v/9713/v/750/p/2025Q4 (Caused by SSLError(SSLCertVerificationError(1, "[SSL: CERTIFICATE_VERIFY_FAILED] certificate verify failed: Hostname mismatch, certificate is not valid for 'api.sidra.ibge.gov.br'. (_ssl.c:1032)")))
2026-08-25 20:49:38,126 - ERROR - SIDRA API error: HTTPSConnectionPool(host='api.sidra.ibge.gov.br', port=443): Max retries exceeded with url: /values/t/6823/n1/1/n2/3/v/9713/v/750/p/2025Q3 (Caused by SSLError(SSLCertVerificationError(1, "[SSL: CERTIFICATE_VERIFY_FAILED] certificate verify failed: Hostname mismatch, certificate is not valid for 'api.sidra.ibge.gov.br'. (_ssl.c:1032)")))
2026-08-25 20:49:39,175 - ERROR - SIDRA API error: HTTPSConnectionPool(host='api.sidra.ibge.gov.br', port=443): Max retries exceeded with url: /values/t/6823/n1/1/n2/3/v/9713/v/750/p/2025Q2 (Caused by SSLError(SSLCertVerificationError(1, "[SSL: CERTIFICATE_VERIFY_FAILED] certificate verify failed: Hostname mismatch, certificate is not valid for 'api.sidra.ibge.gov.br'. (_ssl.c:1032)")))
2026-08-25 20:49:40,231 - ERROR - SIDRA API error: HTTPSConnectionPool(host='api.sidra.ibge.gov.br', port=443): Max retries exceeded with url: /values/t/6823/n1/1/n2/3/v/9713/v/750/p/2025Q1 (Caused by SSLError(SSLCertVerificationError(1, "[SSL: CERTIFICATE_VERIFY_FAILED] certificate verify failed: Hostname mismatch, certificate is not valid for 'api.sidra.ibge.gov.br'. (_ssl.c:1032)")))
2026-08-25 20:49:41,258 - ERROR - SIDRA API error: HTTPSConnectionPool(host='api.sidra.ibge.gov.br', port=443): Max retries exceeded with url: /values/t/6823/n1/1/n2/3/v/9713/v/750/p/2024Q4 (Caused by SSLError(SSLCertVerificationError(1, "[SSL: CERTIFICATE_VERIFY_FAILED] certificate verify failed: Hostname mismatch, certificate is not valid for 'api.sidra.ibge.gov.br'. (_ssl.c:1032)")))
2026-08-25 20:49:41,260 - WARNING - Using fallback income data
2026-08-25 20:49:41,273 - INFO - ✅ Connected to database: data\credit_risk.db
2026-08-25 20:49:41,295 - INFO - ✅ Inserted 27 rows into macro_indicators
2026-08-25 20:49:41,297 - INFO -    Added income data for 27 states
2026-08-25 20:49:41,300 - INFO - Extracting IBGE unemployment data...
2026-08-25 20:49:43,097 - ERROR - SIDRA API error: HTTPSConnectionPool(host='api.sidra.ibge.gov.br', port=443): Max retries exceeded with url: /values/t/4092/n1/1/n2/3/v/4099/p/2026Q1 (Caused by SSLError(SSLCertVerificationError(1, "[SSL: CERTIFICATE_VERIFY_FAILED] certificate verify failed: Hostname mismatch, certificate is not valid for 'api.sidra.ibge.gov.br'. (_ssl.c:1032)")))
2026-08-25 20:49:44,365 - ERROR - SIDRA API error: HTTPSConnectionPool(host='api.sidra.ibge.gov.br', port=443): Max retries exceeded with url: /values/t/4092/n1/1/n2/3/v/4099/p/2025Q4 (Caused by SSLError(SSLCertVerificationError(1, "[SSL: CERTIFICATE_VERIFY_FAILED] certificate verify failed: Hostname mismatch, certificate is not valid for 'api.sidra.ibge.gov.br'. (_ssl.c:1032)")))
2026-08-25 20:49:45,329 - ERROR - SIDRA API error: HTTPSConnectionPool(host='api.sidra.ibge.gov.br', port=443): Max retries exceeded with url: /values/t/4092/n1/1/n2/3/v/4099/p/2025Q3 (Caused by SSLError(SSLCertVerificationError(1, "[SSL: CERTIFICATE_VERIFY_FAILED] certificate verify failed: Hostname mismatch, certificate is not valid for 'api.sidra.ibge.gov.br'. (_ssl.c:1032)")))
2026-08-25 20:49:46,349 - ERROR - SIDRA API error: HTTPSConnectionPool(host='api.sidra.ibge.gov.br', port=443): Max retries exceeded with url: /values/t/4092/n1/1/n2/3/v/4099/p/2025Q2 (Caused by SSLError(SSLCertVerificationError(1, "[SSL: CERTIFICATE_VERIFY_FAILED] certificate verify failed: Hostname mismatch, certificate is not valid for 'api.sidra.ibge.gov.br'. (_ssl.c:1032)")))
2026-08-25 20:49:47,468 - ERROR - SIDRA API error: HTTPSConnectionPool(host='api.sidra.ibge.gov.br', port=443): Max retries exceeded with url: /values/t/4092/n1/1/n2/3/v/4099/p/2025Q1 (Caused by SSLError(SSLCertVerificationError(1, "[SSL: CERTIFICATE_VERIFY_FAILED] certificate verify failed: Hostname mismatch, certificate is not valid for 'api.sidra.ibge.gov.br'. (_ssl.c:1032)")))
2026-08-25 20:49:48,395 - ERROR - SIDRA API error: HTTPSConnectionPool(host='api.sidra.ibge.gov.br', port=443): Max retries exceeded with url: /values/t/4092/n1/1/n2/3/v/4099/p/2024Q4 (Caused by SSLError(SSLCertVerificationError(1, "[SSL: CERTIFICATE_VERIFY_FAILED] certificate verify failed: Hostname mismatch, certificate is not valid for 'api.sidra.ibge.gov.br'. (_ssl.c:1032)")))
2026-08-25 20:49:48,396 - WARNING - Using fallback unemployment data
2026-08-25 20:49:48,401 - INFO - ✅ Connected to database: data\credit_risk.db
2026-08-25 20:49:48,405 - ERROR - ❌ Failed to insert data into macro_indicators: Execution failed
2026-08-25 20:49:48,408 - ERROR - Pipeline failed: Execution failed
2026-08-25 20:49:48,573 - ERROR - Traceback (most recent call last):
  File "c:\Users\user\Documents\Projects\credit-risk-vehicle-loans\venv\Lib\site-packages\pandas\io\sql.py", line 2614, in _execute_insert
    conn.executemany(self.insert_statement(num_rows=1), data_list)
    ~~~~~~~~~~~~~~~~^^^^^^^^^^^^^^^^^^^^^^^^^^^^^^^^^^^^^^^^^^^^^^
sqlite3.OperationalError: table macro_indicators has no column named unemployment_rate

The above exception was the direct cause of the following exception:

Traceback (most recent call last):
  File "<ipython-input-1-392450438626>", line 76, in main
    db.insert_data('macro_indicators', unemployment_data)
    ~~~~~~~~~~~~~~^^^^^^^^^^^^^^^^^^^^^^^^^^^^^^^^^^^^^^^
  File "c:\Users\user\Documents\Projects\credit-risk-vehicle-loans\src\database.py", line 138, in insert_data
    df.to_sql(table, self.connection, if_exists=if_exists, index=False)
    ~~~~~~~~~^^^^^^^^^^^^^^^^^^^^^^^^^^^^^^^^^^^^^^^^^^^^^^^^^^^^^^^^^^
  File "c:\Users\user\Documents\Projects\credit-risk-vehicle-loans\venv\Lib\site-packages\pandas\core\generic.py", line 3040, in to_sql
    return sql.to_sql(
           ~~~~~~~~~~^
        self,
        ^^^^^
    ...<8 lines>...
        method=method,
        ^^^^^^^^^^^^^^
    )
    ^
  File "c:\Users\user\Documents\Projects\credit-risk-vehicle-loans\venv\Lib\site-packages\pandas\io\sql.py", line 841, in to_sql
    return pandas_sql.to_sql(
           ~~~~~~~~~~~~~~~~~^
        frame,
        ^^^^^^
    ...<9 lines>...
        **engine_kwargs,
        ^^^^^^^^^^^^^^^^
    )
    ^
  File "c:\Users\user\Documents\Projects\credit-risk-vehicle-loans\venv\Lib\site-packages\pandas\io\sql.py", line 2923, in to_sql
    return table.insert(chunksize, method)
           ~~~~~~~~~~~~^^^^^^^^^^^^^^^^^^^
  File "c:\Users\user\Documents\Projects\credit-risk-vehicle-loans\venv\Lib\site-packages\pandas\io\sql.py", line 1122, in insert
    num_inserted = exec_insert(conn, keys, chunk_iter)
  File "c:\Users\user\Documents\Projects\credit-risk-vehicle-loans\venv\Lib\site-packages\pandas\io\sql.py", line 2616, in _execute_insert
    raise DatabaseError("Execution failed") from exc
pandas.errors.DatabaseError: Execution failed

2026-08-25 20:54:51,160 - INFO - >>> Starting Credit Risk Vehicle Loans Analysis Pipeline
2026-08-25 20:54:51,164 - INFO - ============================================================
2026-08-25 20:54:51,166 - INFO - >>> Step 1: Extracting data from BACEN public API...
2026-08-25 20:54:52,228 - INFO - Extracted 30 default records for BR
2026-08-25 20:54:52,232 - INFO - Extracted 30 records from BACEN
2026-08-25 20:54:52,243 - INFO - Saved: c:\Users\user\Documents\Projects\credit-risk-vehicle-loans\data\raw\raw_vehicle_defaults_20260825_205452.csv
2026-08-25 20:54:52,246 - INFO - >>> Step 2: Storing data in SQLite...
2026-08-25 20:54:52,253 - INFO - Connected to database: data\credit_risk.db
2026-08-25 20:54:52,256 - WARNING - Schema file not found: queries/schema.sql
2026-08-25 20:54:52,285 - ERROR - Failed to initialize database: no such column: month_date
2026-08-25 20:54:52,287 - ERROR - Pipeline failed: no such column: month_date
2026-08-25 20:54:52,295 - ERROR - Traceback (most recent call last):
  File "<ipython-input-1-392450438626>", line 59, in main
    db.init_database('queries/schema.sql')
    ~~~~~~~~~~~~~~~~^^^^^^^^^^^^^^^^^^^^^^
  File "c:\Users\user\Documents\Projects\credit-risk-vehicle-loans\src\database.py", line 60, in init_database
    self._create_default_tables()
    ~~~~~~~~~~~~~~~~~~~~~~~~~~~^^
  File "c:\Users\user\Documents\Projects\credit-risk-vehicle-loans\src\database.py", line 135, in _create_default_tables
    self.cursor.execute("CREATE INDEX IF NOT EXISTS idx_macro_state_date ON macro_indicators(state_code, month_date)")
    ~~~~~~~~~~~~~~~~~~~^^^^^^^^^^^^^^^^^^^^^^^^^^^^^^^^^^^^^^^^^^^^^^^^^^^^^^^^^^^^^^^^^^^^^^^^^^^^^^^^^^^^^^^^^^^^^^^
sqlite3.OperationalError: no such column: month_date

2026-08-25 20:58:13,614 - INFO - >>> Starting Credit Risk Vehicle Loans Analysis Pipeline
2026-08-25 20:58:13,617 - INFO - ============================================================
2026-08-25 20:58:13,622 - INFO - >>> Step 1: Extracting data from BACEN public API...
2026-08-25 20:58:14,870 - INFO - Extracted 30 default records for BR
2026-08-25 20:58:14,874 - INFO - Extracted 30 records from BACEN
2026-08-25 20:58:14,888 - INFO - Saved: c:\Users\user\Documents\Projects\credit-risk-vehicle-loans\data\raw\raw_vehicle_defaults_20260825_205814.csv
2026-08-25 20:58:14,891 - INFO - >>> Step 2: Storing data in SQLite...
2026-08-25 20:58:14,910 - INFO - Connected to database: data\credit_risk.db
2026-08-25 20:58:14,914 - WARNING - Schema file not found: queries/schema.sql
2026-08-25 20:58:14,972 - ERROR - Failed to initialize database: no such column: month_date
2026-08-25 20:58:14,975 - ERROR - Pipeline failed: no such column: month_date
2026-08-25 20:58:14,986 - ERROR - Traceback (most recent call last):
  File "<ipython-input-1-d10c1da0eef5>", line 58, in main
    db.init_database('queries/schema.sql')
    ~~~~~~~~~~~~~~~~^^^^^^^^^^^^^^^^^^^^^^
  File "c:\Users\user\Documents\Projects\credit-risk-vehicle-loans\src\database.py", line 60, in init_database
    self._create_default_tables()
    ~~~~~~~~~~~~~~~~~~~~~~~~~~~^^
  File "c:\Users\user\Documents\Projects\credit-risk-vehicle-loans\src\database.py", line 135, in _create_default_tables
    self.cursor.execute("CREATE INDEX IF NOT EXISTS idx_macro_state_date ON macro_indicators(state_code, month_date)")
    ~~~~~~~~~~~~~~~~~~~^^^^^^^^^^^^^^^^^^^^^^^^^^^^^^^^^^^^^^^^^^^^^^^^^^^^^^^^^^^^^^^^^^^^^^^^^^^^^^^^^^^^^^^^^^^^^^^
sqlite3.OperationalError: no such column: month_date

2026-08-25 20:59:51,464 - INFO - >>> Starting Credit Risk Vehicle Loans Analysis Pipeline
2026-08-25 20:59:51,466 - INFO - ============================================================
2026-08-25 20:59:51,468 - INFO - >>> Step 1: Extracting data from BACEN public API...
2026-08-25 20:59:52,566 - INFO - Extracted 30 default records for BR
2026-08-25 20:59:52,569 - INFO - Extracted 30 records from BACEN
2026-08-25 20:59:52,577 - INFO - Saved: c:\Users\user\Documents\Projects\credit-risk-vehicle-loans\data\raw\raw_vehicle_defaults_20260825_205952.csv
2026-08-25 20:59:52,581 - INFO - >>> Step 2: Storing data in SQLite...
2026-08-25 20:59:52,586 - INFO - Connected to database: data\credit_risk.db
2026-08-25 20:59:52,591 - WARNING - Schema file not found: queries/schema.sql
2026-08-25 20:59:52,691 - INFO - Default tables created successfully
2026-08-25 20:59:52,706 - INFO - Database initialized with default schema
2026-08-25 20:59:52,711 - INFO - Connected to database: data\credit_risk.db
2026-08-25 20:59:52,725 - INFO - Connected to database: data\credit_risk.db
2026-08-25 20:59:52,783 - INFO - Inserted 30 rows into scr_monthly
2026-08-25 20:59:52,785 - INFO - >>> Step 3: Adding macroeconomic indicators...
2026-08-25 20:59:52,787 - INFO - Extracting IBGE income data...
2026-08-25 20:59:53,613 - ERROR - SIDRA API error: 404 Client Error: Not Found for url: https://api.sidra.ibge.gov.br/values/t/6823/n1/1/n2/3/v/9713/v/750/p/2026Q1
2026-08-25 20:59:54,281 - ERROR - SIDRA API error: 404 Client Error: Not Found for url: https://api.sidra.ibge.gov.br/values/t/6823/n1/1/n2/3/v/9713/v/750/p/2025Q4
2026-08-25 20:59:54,950 - ERROR - SIDRA API error: 404 Client Error: Not Found for url: https://api.sidra.ibge.gov.br/values/t/6823/n1/1/n2/3/v/9713/v/750/p/2025Q3
2026-08-25 20:59:55,614 - ERROR - SIDRA API error: 404 Client Error: Not Found for url: https://api.sidra.ibge.gov.br/values/t/6823/n1/1/n2/3/v/9713/v/750/p/2025Q2
2026-08-25 20:59:56,274 - ERROR - SIDRA API error: 404 Client Error: Not Found for url: https://api.sidra.ibge.gov.br/values/t/6823/n1/1/n2/3/v/9713/v/750/p/2025Q1
2026-08-25 20:59:56,938 - ERROR - SIDRA API error: 404 Client Error: Not Found for url: https://api.sidra.ibge.gov.br/values/t/6823/n1/1/n2/3/v/9713/v/750/p/2024Q4
2026-08-25 20:59:56,941 - WARNING - Using fallback income data
2026-08-25 20:59:56,948 - INFO - Connected to database: data\credit_risk.db
2026-08-25 20:59:56,953 - INFO - Connected to database: data\credit_risk.db
2026-08-25 20:59:57,003 - INFO - Inserted 27 rows into macro_indicators
2026-08-25 20:59:57,005 - INFO -    Added income data for 27 states
2026-08-25 20:59:57,007 - INFO - Extracting IBGE unemployment data...
2026-08-25 20:59:57,665 - ERROR - SIDRA API error: 404 Client Error: Not Found for url: https://api.sidra.ibge.gov.br/values/t/4092/n1/1/n2/3/v/4099/p/2026Q1
2026-08-25 20:59:58,325 - ERROR - SIDRA API error: 404 Client Error: Not Found for url: https://api.sidra.ibge.gov.br/values/t/4092/n1/1/n2/3/v/4099/p/2025Q4
2026-08-25 20:59:59,011 - ERROR - SIDRA API error: 404 Client Error: Not Found for url: https://api.sidra.ibge.gov.br/values/t/4092/n1/1/n2/3/v/4099/p/2025Q3
2026-08-25 20:59:59,675 - ERROR - SIDRA API error: 404 Client Error: Not Found for url: https://api.sidra.ibge.gov.br/values/t/4092/n1/1/n2/3/v/4099/p/2025Q2
2026-08-25 21:00:00,368 - ERROR - SIDRA API error: 404 Client Error: Not Found for url: https://api.sidra.ibge.gov.br/values/t/4092/n1/1/n2/3/v/4099/p/2025Q1
2026-08-25 21:00:01,062 - ERROR - SIDRA API error: 404 Client Error: Not Found for url: https://api.sidra.ibge.gov.br/values/t/4092/n1/1/n2/3/v/4099/p/2024Q4
2026-08-25 21:00:01,064 - WARNING - Using fallback unemployment data
2026-08-25 21:00:01,070 - INFO - Connected to database: data\credit_risk.db
2026-08-25 21:00:01,075 - INFO - Connected to database: data\credit_risk.db
2026-08-25 21:00:01,093 - INFO - Inserted 27 rows into macro_indicators
2026-08-25 21:00:01,095 - INFO -    Added unemployment data for 27 states
2026-08-25 21:00:01,097 - INFO - Extracting rental values from IBGE Census...
2026-08-25 21:00:01,790 - ERROR - SIDRA API error: 404 Client Error: Not Found for url: https://api.sidra.ibge.gov.br/values/t/7069/n1/1/n2/3/v/129/p/last
2026-08-25 21:00:01,792 - WARNING - Using fallback rental data
2026-08-25 21:00:01,799 - INFO - Connected to database: data\credit_risk.db
2026-08-25 21:00:01,803 - INFO - Connected to database: data\credit_risk.db
2026-08-25 21:00:01,821 - INFO - Inserted 27 rows into macro_indicators
2026-08-25 21:00:01,823 - INFO -    Added rental data for 27 states
2026-08-25 21:00:01,825 - INFO - Extracting IGPM data...
2026-08-25 21:00:01,827 - WARNING - Using fallback IGPM data
2026-08-25 21:00:01,833 - INFO - Connected to database: data\credit_risk.db
2026-08-25 21:00:01,839 - INFO - Connected to database: data\credit_risk.db
2026-08-25 21:00:01,858 - INFO - Inserted 27 rows into macro_indicators
2026-08-25 21:00:01,861 - INFO -    Added IGPM data for 27 states
2026-08-25 21:00:01,863 - INFO - >>> Step 4: Calculating affordability index...
2026-08-25 21:00:01,870 - INFO - Connected to database: data\credit_risk.db
2026-08-25 21:00:01,881 - INFO - Connected to database: data\credit_risk.db
2026-08-25 21:00:01,885 - ERROR - Query execution failed: Execution failed on sql 'SELECT state_code, median_rent FROM macro_indicators WHERE median_rent IS NOT NULL': no such column: median_rent
2026-08-25 21:00:01,887 - ERROR - Pipeline failed: Execution failed on sql 'SELECT state_code, median_rent FROM macro_indicators WHERE median_rent IS NOT NULL': no such column: median_rent
2026-08-25 21:00:01,908 - ERROR - Traceback (most recent call last):
  File "c:\Users\user\Documents\Projects\credit-risk-vehicle-loans\venv\Lib\site-packages\pandas\io\sql.py", line 2745, in execute
    cur.execute(sql, *args)
    ~~~~~~~~~~~^^^^^^^^^^^^
sqlite3.OperationalError: no such column: median_rent

The above exception was the direct cause of the following exception:

Traceback (most recent call last):
  File "<ipython-input-1-d10c1da0eef5>", line 98, in main
    rental_df = db.query_to_dataframe(rental_query)
  File "c:\Users\user\Documents\Projects\credit-risk-vehicle-loans\src\database.py", line 205, in query_to_dataframe
    df = pd.read_sql_query(query, self.connection, params=params)
  File "c:\Users\user\Documents\Projects\credit-risk-vehicle-loans\venv\Lib\site-packages\pandas\io\sql.py", line 497, in read_sql_query
    return pandas_sql.read_query(
           ~~~~~~~~~~~~~~~~~~~~~^
        sql,
        ^^^^
    ...<6 lines>...
        dtype_backend=dtype_backend,
        ^^^^^^^^^^^^^^^^^^^^^^^^^^^^
    )
    ^
  File "c:\Users\user\Documents\Projects\credit-risk-vehicle-loans\venv\Lib\site-packages\pandas\io\sql.py", line 2809, in read_query
    cursor = self.execute(sql, params)
  File "c:\Users\user\Documents\Projects\credit-risk-vehicle-loans\venv\Lib\site-packages\pandas\io\sql.py", line 2757, in execute
    raise ex from exc
pandas.errors.DatabaseError: Execution failed on sql 'SELECT state_code, median_rent FROM macro_indicators WHERE median_rent IS NOT NULL': no such column: median_rent

2026-08-25 21:01:58,032 - INFO - >>> Starting Credit Risk Vehicle Loans Analysis Pipeline
2026-08-25 21:01:58,033 - INFO - ============================================================
2026-08-25 21:01:58,036 - INFO - >>> Step 1: Extracting data from BACEN public API...
2026-08-25 21:01:59,171 - INFO - Extracted 30 default records for BR
2026-08-25 21:01:59,175 - INFO - Extracted 30 records from BACEN
2026-08-25 21:01:59,185 - INFO - Saved: c:\Users\user\Documents\Projects\credit-risk-vehicle-loans\data\raw\raw_vehicle_defaults_20260825_210159.csv
2026-08-25 21:01:59,187 - INFO - >>> Step 2: Storing data in SQLite...
2026-08-25 21:01:59,190 - INFO - Resetting database...
2026-08-25 21:01:59,196 - INFO - Connected to database: data\credit_risk.db
2026-08-25 21:01:59,269 - INFO - Default tables created successfully
2026-08-25 21:01:59,284 - INFO - Database reset completed
2026-08-25 21:01:59,290 - INFO - Connected to database: data\credit_risk.db
2026-08-25 21:01:59,301 - INFO - Connected to database: data\credit_risk.db
2026-08-25 21:01:59,353 - INFO - Inserted 30 rows into scr_monthly
2026-08-25 21:01:59,355 - INFO - >>> Step 3: Adding macroeconomic indicators...
2026-08-25 21:01:59,357 - INFO - Extracting IBGE income data...
2026-08-25 21:02:00,066 - ERROR - SIDRA API error: 404 Client Error: Not Found for url: https://api.sidra.ibge.gov.br/values/t/6823/n1/1/n2/3/v/9713/v/750/p/2026Q1
2026-08-25 21:02:00,764 - ERROR - SIDRA API error: 404 Client Error: Not Found for url: https://api.sidra.ibge.gov.br/values/t/6823/n1/1/n2/3/v/9713/v/750/p/2025Q4
2026-08-25 21:02:01,428 - ERROR - SIDRA API error: 404 Client Error: Not Found for url: https://api.sidra.ibge.gov.br/values/t/6823/n1/1/n2/3/v/9713/v/750/p/2025Q3
2026-08-25 21:02:02,087 - ERROR - SIDRA API error: 404 Client Error: Not Found for url: https://api.sidra.ibge.gov.br/values/t/6823/n1/1/n2/3/v/9713/v/750/p/2025Q2
2026-08-25 21:02:02,767 - ERROR - SIDRA API error: 404 Client Error: Not Found for url: https://api.sidra.ibge.gov.br/values/t/6823/n1/1/n2/3/v/9713/v/750/p/2025Q1
2026-08-25 21:02:03,429 - ERROR - SIDRA API error: 404 Client Error: Not Found for url: https://api.sidra.ibge.gov.br/values/t/6823/n1/1/n2/3/v/9713/v/750/p/2024Q4
2026-08-25 21:02:03,431 - WARNING - Using fallback income data
2026-08-25 21:02:03,438 - INFO - Connected to database: data\credit_risk.db
2026-08-25 21:02:03,444 - INFO - Connected to database: data\credit_risk.db
2026-08-25 21:02:03,500 - INFO - Inserted 27 rows into macro_indicators
2026-08-25 21:02:03,501 - INFO -    Added income data for 27 states
2026-08-25 21:02:03,504 - INFO - Extracting IBGE unemployment data...
2026-08-25 21:02:04,181 - ERROR - SIDRA API error: 404 Client Error: Not Found for url: https://api.sidra.ibge.gov.br/values/t/4092/n1/1/n2/3/v/4099/p/2026Q1
2026-08-25 21:02:04,869 - ERROR - SIDRA API error: 404 Client Error: Not Found for url: https://api.sidra.ibge.gov.br/values/t/4092/n1/1/n2/3/v/4099/p/2025Q4
2026-08-25 21:02:05,539 - ERROR - SIDRA API error: 404 Client Error: Not Found for url: https://api.sidra.ibge.gov.br/values/t/4092/n1/1/n2/3/v/4099/p/2025Q3
2026-08-25 21:02:06,211 - ERROR - SIDRA API error: 404 Client Error: Not Found for url: https://api.sidra.ibge.gov.br/values/t/4092/n1/1/n2/3/v/4099/p/2025Q2
2026-08-25 21:02:06,874 - ERROR - SIDRA API error: 404 Client Error: Not Found for url: https://api.sidra.ibge.gov.br/values/t/4092/n1/1/n2/3/v/4099/p/2025Q1
2026-08-25 21:02:07,537 - ERROR - SIDRA API error: 404 Client Error: Not Found for url: https://api.sidra.ibge.gov.br/values/t/4092/n1/1/n2/3/v/4099/p/2024Q4
2026-08-25 21:02:07,539 - WARNING - Using fallback unemployment data
2026-08-25 21:02:07,545 - INFO - Connected to database: data\credit_risk.db
2026-08-25 21:02:07,549 - INFO - Connected to database: data\credit_risk.db
2026-08-25 21:02:07,567 - INFO - Inserted 27 rows into macro_indicators
2026-08-25 21:02:07,569 - INFO -    Added unemployment data for 27 states
2026-08-25 21:02:07,571 - INFO - Extracting rental values from IBGE Census...
2026-08-25 21:02:08,232 - ERROR - SIDRA API error: 404 Client Error: Not Found for url: https://api.sidra.ibge.gov.br/values/t/7069/n1/1/n2/3/v/129/p/last
2026-08-25 21:02:08,234 - WARNING - Using fallback rental data
2026-08-25 21:02:08,240 - INFO - Connected to database: data\credit_risk.db
2026-08-25 21:02:08,245 - INFO - Connected to database: data\credit_risk.db
2026-08-25 21:02:08,263 - INFO - Inserted 27 rows into macro_indicators
2026-08-25 21:02:08,265 - INFO -    Added rental data for 27 states
2026-08-25 21:02:08,267 - INFO - Extracting IGPM data...
2026-08-25 21:02:08,269 - WARNING - Using fallback IGPM data
2026-08-25 21:02:08,276 - INFO - Connected to database: data\credit_risk.db
2026-08-25 21:02:08,283 - INFO - Connected to database: data\credit_risk.db
2026-08-25 21:02:08,301 - INFO - Inserted 27 rows into macro_indicators
2026-08-25 21:02:08,304 - INFO -    Added IGPM data for 27 states
2026-08-25 21:02:08,306 - INFO - >>> Step 4: Calculating affordability index...
2026-08-25 21:02:08,311 - INFO - Connected to database: data\credit_risk.db
2026-08-25 21:02:08,314 - INFO - Available columns in macro_indicators: ['state_code', 'median_income', 'gini_index', 'quarter']
2026-08-25 21:02:08,317 - INFO - Connected to database: data\credit_risk.db
2026-08-25 21:02:08,322 - INFO - Connected to database: data\credit_risk.db
2026-08-25 21:02:08,326 - ERROR - Query execution failed: Execution failed on sql 'SELECT state_code, median_rent FROM macro_indicators WHERE median_rent IS NOT NULL': no such column: median_rent
2026-08-25 21:02:08,329 - ERROR - Query: SELECT state_code, median_rent FROM macro_indicators WHERE median_rent IS NOT NULL
2026-08-25 21:02:08,334 - INFO - Available columns in macro_indicators: ['state_code', 'median_income', 'gini_index', 'quarter']
2026-08-25 21:02:08,336 - WARNING -    Affordability calculation skipped: Execution failed on sql 'SELECT state_code, median_rent FROM macro_indicators WHERE median_rent IS NOT NULL': no such column: median_rent
2026-08-25 21:02:08,338 - INFO - >>> Step 5: Running statistical analysis...
2026-08-25 21:02:08,340 - INFO - 📈 Running full analysis...
2026-08-25 21:02:08,345 - INFO - Connected to database: data\credit_risk.db
2026-08-25 21:02:08,347 - ERROR - Query execution failed: Execution failed on sql '
        WITH state_defaults AS (
            SELECT 
                state_code,
                month_date,
                default_rate_90
            FROM scr_monthly
            WHERE default_rate_90 IS NOT NULL
        )
        SELECT 
            state_code,
            COUNT(*) as observations,
            ROUND(AVG(default_rate_90) * 100, 2) as avg_default_pct,
            ROUND(MEDIAN(default_rate_90) * 100, 2) as median_default_pct,
            ROUND(MIN(default_rate_90) * 100, 2) as min_default_pct,
            ROUND(MAX(default_rate_90) * 100, 2) as max_default_pct,
            ROUND(STDDEV(default_rate_90) * 100, 2) as std_default_pct
        FROM state_defaults
        GROUP BY state_code
        ORDER BY median_default_pct DESC
        ': no such function: MEDIAN
2026-08-25 21:02:08,350 - ERROR - Query: 
        WITH state_defaults AS (
            SELECT 
                state_code,
                month_date,
                default_rate_90
            FROM scr_monthly
            WHERE default_rate_90 IS NOT NULL
        )
        SELECT 
            state_code,
            COUNT(*) as observations,
            ROUND(AVG(default_rate_90) * 100, 2) as avg_default_pct,
            ROUND(MEDIAN(default_rate_90) * 100, 2) as median_default_pct,
            ROUND(MIN(default_rate_90) * 100, 2) as min_default_pct,
            ROUND(MAX(default_rate_90) * 100, 2) as max_default_pct,
            ROUND(STDDEV(default_rate_90) * 100, 2) as std_default_pct
        FROM state_defaults
        GROUP BY state_code
        ORDER BY median_default_pct DESC
        
2026-08-25 21:02:08,352 - INFO - Available columns in scr_monthly: ['month_date', 'default_rate_90', 'state_code']
2026-08-25 21:02:08,354 - ERROR - Pipeline failed: Execution failed on sql '
        WITH state_defaults AS (
            SELECT 
                state_code,
                month_date,
                default_rate_90
            FROM scr_monthly
            WHERE default_rate_90 IS NOT NULL
        )
        SELECT 
            state_code,
            COUNT(*) as observations,
            ROUND(AVG(default_rate_90) * 100, 2) as avg_default_pct,
            ROUND(MEDIAN(default_rate_90) * 100, 2) as median_default_pct,
            ROUND(MIN(default_rate_90) * 100, 2) as min_default_pct,
            ROUND(MAX(default_rate_90) * 100, 2) as max_default_pct,
            ROUND(STDDEV(default_rate_90) * 100, 2) as std_default_pct
        FROM state_defaults
        GROUP BY state_code
        ORDER BY median_default_pct DESC
        ': no such function: MEDIAN
2026-08-25 21:02:08,379 - ERROR - Traceback (most recent call last):
  File "c:\Users\user\Documents\Projects\credit-risk-vehicle-loans\venv\Lib\site-packages\pandas\io\sql.py", line 2745, in execute
    cur.execute(sql, *args)
    ~~~~~~~~~~~^^^^^^^^^^^^
sqlite3.OperationalError: no such function: MEDIAN

The above exception was the direct cause of the following exception:

Traceback (most recent call last):
  File "<ipython-input-1-254117991981>", line 142, in main
    results = analyzer.run_full_analysis()
  File "c:\Users\user\Documents\Projects\credit-risk-vehicle-loans\src\analysis.py", line 28, in run_full_analysis
    results['state_medians'] = self.calculate_state_medians()
                               ~~~~~~~~~~~~~~~~~~~~~~~~~~~~^^
  File "c:\Users\user\Documents\Projects\credit-risk-vehicle-loans\src\analysis.py", line 72, in calculate_state_medians
    df = self.db.query_to_dataframe(query)
  File "c:\Users\user\Documents\Projects\credit-risk-vehicle-loans\src\database.py", line 203, in query_to_dataframe
    df = pd.read_sql_query(query, self.connection, params=params)
  File "c:\Users\user\Documents\Projects\credit-risk-vehicle-loans\venv\Lib\site-packages\pandas\io\sql.py", line 497, in read_sql_query
    return pandas_sql.read_query(
           ~~~~~~~~~~~~~~~~~~~~~^
        sql,
        ^^^^
    ...<6 lines>...
        dtype_backend=dtype_backend,
        ^^^^^^^^^^^^^^^^^^^^^^^^^^^^
    )
    ^
  File "c:\Users\user\Documents\Projects\credit-risk-vehicle-loans\venv\Lib\site-packages\pandas\io\sql.py", line 2809, in read_query
    cursor = self.execute(sql, params)
  File "c:\Users\user\Documents\Projects\credit-risk-vehicle-loans\venv\Lib\site-packages\pandas\io\sql.py", line 2757, in execute
    raise ex from exc
pandas.errors.DatabaseError: Execution failed on sql '
        WITH state_defaults AS (
            SELECT 
                state_code,
                month_date,
                default_rate_90
            FROM scr_monthly
            WHERE default_rate_90 IS NOT NULL
        )
        SELECT 
            state_code,
            COUNT(*) as observations,
            ROUND(AVG(default_rate_90) * 100, 2) as avg_default_pct,
            ROUND(MEDIAN(default_rate_90) * 100, 2) as median_default_pct,
            ROUND(MIN(default_rate_90) * 100, 2) as min_default_pct,
            ROUND(MAX(default_rate_90) * 100, 2) as max_default_pct,
            ROUND(STDDEV(default_rate_90) * 100, 2) as std_default_pct
        FROM state_defaults
        GROUP BY state_code
        ORDER BY median_default_pct DESC
        ': no such function: MEDIAN

2026-08-25 21:03:36,899 - INFO - >>> Starting Credit Risk Vehicle Loans Analysis Pipeline
2026-08-25 21:03:36,901 - INFO - ============================================================
2026-08-25 21:03:36,903 - INFO - >>> Step 1: Extracting data from BACEN public API...
2026-08-25 21:03:38,073 - INFO - Extracted 30 default records for BR
2026-08-25 21:03:38,077 - INFO - Extracted 30 records from BACEN
2026-08-25 21:03:38,091 - INFO - Saved: c:\Users\user\Documents\Projects\credit-risk-vehicle-loans\data\raw\raw_vehicle_defaults_20260825_210338.csv
2026-08-25 21:03:38,097 - INFO - >>> Step 2: Storing data in SQLite...
2026-08-25 21:03:38,107 - INFO - Resetting database...
2026-08-25 21:03:38,110 - INFO - Connected to database: data\credit_risk.db
2026-08-25 21:03:38,220 - INFO - Default tables created successfully
2026-08-25 21:03:38,237 - INFO - Database reset completed
2026-08-25 21:03:38,244 - INFO - Connected to database: data\credit_risk.db
2026-08-25 21:03:38,255 - INFO - Connected to database: data\credit_risk.db
2026-08-25 21:03:38,320 - INFO - Inserted 30 rows into scr_monthly
2026-08-25 21:03:38,323 - INFO - >>> Step 3: Adding macroeconomic indicators...
2026-08-25 21:03:38,325 - INFO - Extracting IBGE income data...
2026-08-25 21:03:39,099 - ERROR - SIDRA API error: 404 Client Error: Not Found for url: https://api.sidra.ibge.gov.br/values/t/6823/n1/1/n2/3/v/9713/v/750/p/2026Q1
2026-08-25 21:03:39,766 - ERROR - SIDRA API error: 404 Client Error: Not Found for url: https://api.sidra.ibge.gov.br/values/t/6823/n1/1/n2/3/v/9713/v/750/p/2025Q4
2026-08-25 21:03:40,431 - ERROR - SIDRA API error: 404 Client Error: Not Found for url: https://api.sidra.ibge.gov.br/values/t/6823/n1/1/n2/3/v/9713/v/750/p/2025Q3
2026-08-25 21:03:41,098 - ERROR - SIDRA API error: 404 Client Error: Not Found for url: https://api.sidra.ibge.gov.br/values/t/6823/n1/1/n2/3/v/9713/v/750/p/2025Q2
2026-08-25 21:03:41,763 - ERROR - SIDRA API error: 404 Client Error: Not Found for url: https://api.sidra.ibge.gov.br/values/t/6823/n1/1/n2/3/v/9713/v/750/p/2025Q1
2026-08-25 21:03:42,420 - ERROR - SIDRA API error: 404 Client Error: Not Found for url: https://api.sidra.ibge.gov.br/values/t/6823/n1/1/n2/3/v/9713/v/750/p/2024Q4
2026-08-25 21:03:42,422 - WARNING - Using fallback income data
2026-08-25 21:03:42,430 - INFO - Connected to database: data\credit_risk.db
2026-08-25 21:03:42,435 - INFO - Connected to database: data\credit_risk.db
2026-08-25 21:03:42,485 - INFO - Inserted 27 rows into macro_indicators
2026-08-25 21:03:42,487 - INFO -    Added income data for 27 states
2026-08-25 21:03:42,489 - INFO - Extracting IBGE unemployment data...
2026-08-25 21:03:43,150 - ERROR - SIDRA API error: 404 Client Error: Not Found for url: https://api.sidra.ibge.gov.br/values/t/4092/n1/1/n2/3/v/4099/p/2026Q1
2026-08-25 21:03:43,854 - ERROR - SIDRA API error: 404 Client Error: Not Found for url: https://api.sidra.ibge.gov.br/values/t/4092/n1/1/n2/3/v/4099/p/2025Q4
2026-08-25 21:03:44,521 - ERROR - SIDRA API error: 404 Client Error: Not Found for url: https://api.sidra.ibge.gov.br/values/t/4092/n1/1/n2/3/v/4099/p/2025Q3
2026-08-25 21:03:45,191 - ERROR - SIDRA API error: 404 Client Error: Not Found for url: https://api.sidra.ibge.gov.br/values/t/4092/n1/1/n2/3/v/4099/p/2025Q2
2026-08-25 21:03:45,973 - ERROR - SIDRA API error: 404 Client Error: Not Found for url: https://api.sidra.ibge.gov.br/values/t/4092/n1/1/n2/3/v/4099/p/2025Q1
2026-08-25 21:03:46,689 - ERROR - SIDRA API error: 404 Client Error: Not Found for url: https://api.sidra.ibge.gov.br/values/t/4092/n1/1/n2/3/v/4099/p/2024Q4
2026-08-25 21:03:46,691 - WARNING - Using fallback unemployment data
2026-08-25 21:03:46,699 - INFO - Connected to database: data\credit_risk.db
2026-08-25 21:03:46,704 - INFO - Connected to database: data\credit_risk.db
2026-08-25 21:03:46,724 - INFO - Inserted 27 rows into macro_indicators
2026-08-25 21:03:46,726 - INFO -    Added unemployment data for 27 states
2026-08-25 21:03:46,728 - INFO - Extracting rental values from IBGE Census...
2026-08-25 21:03:47,387 - ERROR - SIDRA API error: 404 Client Error: Not Found for url: https://api.sidra.ibge.gov.br/values/t/7069/n1/1/n2/3/v/129/p/last
2026-08-25 21:03:47,389 - WARNING - Using fallback rental data
2026-08-25 21:03:47,395 - INFO - Connected to database: data\credit_risk.db
2026-08-25 21:03:47,400 - INFO - Connected to database: data\credit_risk.db
2026-08-25 21:03:47,420 - INFO - Inserted 27 rows into macro_indicators
2026-08-25 21:03:47,423 - INFO -    Added rental data for 27 states
2026-08-25 21:03:47,425 - INFO - Extracting IGPM data...
2026-08-25 21:03:47,428 - WARNING - Using fallback IGPM data
2026-08-25 21:03:47,434 - INFO - Connected to database: data\credit_risk.db
2026-08-25 21:03:47,441 - INFO - Connected to database: data\credit_risk.db
2026-08-25 21:03:47,461 - INFO - Inserted 27 rows into macro_indicators
2026-08-25 21:03:47,464 - INFO -    Added IGPM data for 27 states
2026-08-25 21:03:47,467 - INFO - >>> Step 4: Calculating affordability index...
2026-08-25 21:03:47,475 - INFO - Connected to database: data\credit_risk.db
2026-08-25 21:03:47,479 - INFO - Available columns in macro_indicators: ['state_code', 'median_income', 'gini_index', 'quarter']
2026-08-25 21:03:47,484 - INFO - Connected to database: data\credit_risk.db
2026-08-25 21:03:47,492 - INFO - Connected to database: data\credit_risk.db
2026-08-25 21:03:47,498 - ERROR - Query execution failed: Execution failed on sql 'SELECT state_code, median_rent FROM macro_indicators WHERE median_rent IS NOT NULL': no such column: median_rent
2026-08-25 21:03:47,501 - ERROR - Query: SELECT state_code, median_rent FROM macro_indicators WHERE median_rent IS NOT NULL
2026-08-25 21:03:47,505 - INFO - Available columns in macro_indicators: ['state_code', 'median_income', 'gini_index', 'quarter']
2026-08-25 21:03:47,508 - WARNING -    Affordability calculation skipped: Execution failed on sql 'SELECT state_code, median_rent FROM macro_indicators WHERE median_rent IS NOT NULL': no such column: median_rent
2026-08-25 21:03:47,512 - INFO - >>> Step 5: Running statistical analysis...
2026-08-25 21:03:47,515 - INFO - Running full analysis...
2026-08-25 21:03:47,521 - INFO - Connected to database: data\credit_risk.db
2026-08-25 21:03:47,559 - INFO - Calculated medians for 1 states
2026-08-25 21:03:47,563 - INFO - Connected to database: data\credit_risk.db
2026-08-25 21:03:47,568 - ERROR - Query execution failed: Execution failed on sql '
        SELECT 
            s.state_code,
            s.default_rate_90,
            m.median_income,
            m.gini_index,
            m.unemployment_rate,
            m.median_rent,
            m.affordability_index,
            m.igpm_variation
        FROM scr_monthly s
        JOIN macro_indicators m ON s.state_code = m.state_code 
            AND s.month_date = m.month_date
        WHERE s.default_rate_90 IS NOT NULL
        ': no such column: m.unemployment_rate
2026-08-25 21:03:47,586 - ERROR - Query: 
        SELECT 
            s.state_code,
            s.default_rate_90,
            m.median_income,
            m.gini_index,
            m.unemployment_rate,
            m.median_rent,
            m.affordability_index,
            m.igpm_variation
        FROM scr_monthly s
        JOIN macro_indicators m ON s.state_code = m.state_code 
            AND s.month_date = m.month_date
        WHERE s.default_rate_90 IS NOT NULL
        
2026-08-25 21:03:47,589 - ERROR - Pipeline failed: Execution failed on sql '
        SELECT 
            s.state_code,
            s.default_rate_90,
            m.median_income,
            m.gini_index,
            m.unemployment_rate,
            m.median_rent,
            m.affordability_index,
            m.igpm_variation
        FROM scr_monthly s
        JOIN macro_indicators m ON s.state_code = m.state_code 
            AND s.month_date = m.month_date
        WHERE s.default_rate_90 IS NOT NULL
        ': no such column: m.unemployment_rate
2026-08-25 21:03:47,618 - ERROR - Traceback (most recent call last):
  File "c:\Users\user\Documents\Projects\credit-risk-vehicle-loans\venv\Lib\site-packages\pandas\io\sql.py", line 2745, in execute
    cur.execute(sql, *args)
    ~~~~~~~~~~~^^^^^^^^^^^^
sqlite3.OperationalError: no such column: m.unemployment_rate

The above exception was the direct cause of the following exception:

Traceback (most recent call last):
  File "<ipython-input-1-254117991981>", line 142, in main
    results = analyzer.run_full_analysis()
  File "c:\Users\user\Documents\Projects\credit-risk-vehicle-loans\src\analysis.py", line 31, in run_full_analysis
    results['correlations'] = self.compute_correlation_matrix()
                              ~~~~~~~~~~~~~~~~~~~~~~~~~~~~~~~^^
  File "c:\Users\user\Documents\Projects\credit-risk-vehicle-loans\src\analysis.py", line 107, in compute_correlation_matrix
    df = self.db.query_to_dataframe(query)
  File "c:\Users\user\Documents\Projects\credit-risk-vehicle-loans\src\database.py", line 203, in query_to_dataframe
    df = pd.read_sql_query(query, self.connection, params=params)
  File "c:\Users\user\Documents\Projects\credit-risk-vehicle-loans\venv\Lib\site-packages\pandas\io\sql.py", line 497, in read_sql_query
    return pandas_sql.read_query(
           ~~~~~~~~~~~~~~~~~~~~~^
        sql,
        ^^^^
    ...<6 lines>...
        dtype_backend=dtype_backend,
        ^^^^^^^^^^^^^^^^^^^^^^^^^^^^
    )
    ^
  File "c:\Users\user\Documents\Projects\credit-risk-vehicle-loans\venv\Lib\site-packages\pandas\io\sql.py", line 2809, in read_query
    cursor = self.execute(sql, params)
  File "c:\Users\user\Documents\Projects\credit-risk-vehicle-loans\venv\Lib\site-packages\pandas\io\sql.py", line 2757, in execute
    raise ex from exc
pandas.errors.DatabaseError: Execution failed on sql '
        SELECT 
            s.state_code,
            s.default_rate_90,
            m.median_income,
            m.gini_index,
            m.unemployment_rate,
            m.median_rent,
            m.affordability_index,
            m.igpm_variation
        FROM scr_monthly s
        JOIN macro_indicators m ON s.state_code = m.state_code 
            AND s.month_date = m.month_date
        WHERE s.default_rate_90 IS NOT NULL
        ': no such column: m.unemployment_rate

2026-08-25 21:06:27,321 - INFO - >>> Starting Credit Risk Vehicle Loans Analysis Pipeline
2026-08-25 21:06:27,324 - INFO - ============================================================
2026-08-25 21:06:27,326 - INFO - >>> Step 1: Extracting data from BACEN public API...
2026-08-25 21:06:28,612 - INFO - Extracted 30 default records for BR
2026-08-25 21:06:28,616 - INFO - Extracted 30 records from BACEN
2026-08-25 21:06:28,632 - INFO - Saved: c:\Users\user\Documents\Projects\credit-risk-vehicle-loans\data\raw\raw_vehicle_defaults_20260825_210628.csv
2026-08-25 21:06:28,641 - INFO - >>> Step 2: Storing data in SQLite...
2026-08-25 21:06:28,647 - INFO - Resetting database...
2026-08-25 21:06:28,651 - INFO - Connected to database: data\credit_risk.db
2026-08-25 21:06:28,736 - INFO - Default tables created successfully
2026-08-25 21:06:28,756 - INFO - Database reset completed
2026-08-25 21:06:28,762 - INFO - Connected to database: data\credit_risk.db
2026-08-25 21:06:28,769 - INFO - Connected to database: data\credit_risk.db
2026-08-25 21:06:28,822 - INFO - Inserted 30 rows into scr_monthly
2026-08-25 21:06:28,824 - INFO - >>> Step 3: Adding macroeconomic indicators...
2026-08-25 21:06:28,826 - INFO - Extracting IBGE income data...
2026-08-25 21:06:29,623 - ERROR - SIDRA API error: 404 Client Error: Not Found for url: https://api.sidra.ibge.gov.br/values/t/6823/n1/1/n2/3/v/9713/v/750/p/2026Q1
2026-08-25 21:06:30,309 - ERROR - SIDRA API error: 404 Client Error: Not Found for url: https://api.sidra.ibge.gov.br/values/t/6823/n1/1/n2/3/v/9713/v/750/p/2025Q4
2026-08-25 21:06:30,997 - ERROR - SIDRA API error: 404 Client Error: Not Found for url: https://api.sidra.ibge.gov.br/values/t/6823/n1/1/n2/3/v/9713/v/750/p/2025Q3
2026-08-25 21:06:31,681 - ERROR - SIDRA API error: 404 Client Error: Not Found for url: https://api.sidra.ibge.gov.br/values/t/6823/n1/1/n2/3/v/9713/v/750/p/2025Q2
2026-08-25 21:06:32,367 - ERROR - SIDRA API error: 404 Client Error: Not Found for url: https://api.sidra.ibge.gov.br/values/t/6823/n1/1/n2/3/v/9713/v/750/p/2025Q1
2026-08-25 21:06:33,051 - ERROR - SIDRA API error: 404 Client Error: Not Found for url: https://api.sidra.ibge.gov.br/values/t/6823/n1/1/n2/3/v/9713/v/750/p/2024Q4
2026-08-25 21:06:33,056 - WARNING - Using fallback income data
2026-08-25 21:06:33,062 - INFO - Connected to database: data\credit_risk.db
2026-08-25 21:06:33,067 - INFO - Connected to database: data\credit_risk.db
2026-08-25 21:06:33,118 - INFO - Inserted 27 rows into macro_indicators
2026-08-25 21:06:33,121 - INFO -    Added income data for 27 states
2026-08-25 21:06:33,125 - INFO - Extracting IBGE unemployment data...
2026-08-25 21:06:33,816 - ERROR - SIDRA API error: 404 Client Error: Not Found for url: https://api.sidra.ibge.gov.br/values/t/4092/n1/1/n2/3/v/4099/p/2026Q1
2026-08-25 21:06:34,537 - ERROR - SIDRA API error: 404 Client Error: Not Found for url: https://api.sidra.ibge.gov.br/values/t/4092/n1/1/n2/3/v/4099/p/2025Q4
2026-08-25 21:06:35,228 - ERROR - SIDRA API error: 404 Client Error: Not Found for url: https://api.sidra.ibge.gov.br/values/t/4092/n1/1/n2/3/v/4099/p/2025Q3
2026-08-25 21:06:35,907 - ERROR - SIDRA API error: 404 Client Error: Not Found for url: https://api.sidra.ibge.gov.br/values/t/4092/n1/1/n2/3/v/4099/p/2025Q2
2026-08-25 21:06:36,607 - ERROR - SIDRA API error: 404 Client Error: Not Found for url: https://api.sidra.ibge.gov.br/values/t/4092/n1/1/n2/3/v/4099/p/2025Q1
2026-08-25 21:06:37,283 - ERROR - SIDRA API error: 404 Client Error: Not Found for url: https://api.sidra.ibge.gov.br/values/t/4092/n1/1/n2/3/v/4099/p/2024Q4
2026-08-25 21:06:37,285 - WARNING - Using fallback unemployment data
2026-08-25 21:06:37,292 - INFO - Connected to database: data\credit_risk.db
2026-08-25 21:06:37,296 - INFO - Connected to database: data\credit_risk.db
2026-08-25 21:06:37,315 - INFO - Inserted 27 rows into macro_indicators
2026-08-25 21:06:37,316 - INFO -    Added unemployment data for 27 states
2026-08-25 21:06:37,319 - INFO - Extracting rental values from IBGE Census...
2026-08-25 21:06:38,011 - ERROR - SIDRA API error: 404 Client Error: Not Found for url: https://api.sidra.ibge.gov.br/values/t/7069/n1/1/n2/3/v/129/p/last
2026-08-25 21:06:38,014 - WARNING - Using fallback rental data
2026-08-25 21:06:38,019 - INFO - Connected to database: data\credit_risk.db
2026-08-25 21:06:38,024 - INFO - Connected to database: data\credit_risk.db
2026-08-25 21:06:38,045 - INFO - Inserted 27 rows into macro_indicators
2026-08-25 21:06:38,048 - INFO -    Added rental data for 27 states
2026-08-25 21:06:38,051 - INFO - Extracting IGPM data...
2026-08-25 21:06:38,054 - WARNING - Using fallback IGPM data
2026-08-25 21:06:38,059 - INFO - Connected to database: data\credit_risk.db
2026-08-25 21:06:38,065 - INFO - Connected to database: data\credit_risk.db
2026-08-25 21:06:38,086 - INFO - Inserted 27 rows into macro_indicators
2026-08-25 21:06:38,089 - INFO -    Added IGPM data for 27 states
2026-08-25 21:06:38,093 - INFO - >>> Step 4: Calculating affordability index...
2026-08-25 21:06:38,104 - INFO - Connected to database: data\credit_risk.db
2026-08-25 21:06:38,112 - INFO - Available columns in macro_indicators: ['state_code', 'median_income', 'gini_index', 'quarter']
2026-08-25 21:06:38,116 - INFO - Connected to database: data\credit_risk.db
2026-08-25 21:06:38,124 - INFO - Connected to database: data\credit_risk.db
2026-08-25 21:06:38,131 - ERROR - Query execution failed: Execution failed on sql 'SELECT state_code, median_rent FROM macro_indicators WHERE median_rent IS NOT NULL': no such column: median_rent
2026-08-25 21:06:38,133 - ERROR - Query: SELECT state_code, median_rent FROM macro_indicators WHERE median_rent IS NOT NULL
2026-08-25 21:06:38,140 - INFO - Available columns in macro_indicators: ['state_code', 'median_income', 'gini_index', 'quarter']
2026-08-25 21:06:38,144 - WARNING -    Affordability calculation skipped: Execution failed on sql 'SELECT state_code, median_rent FROM macro_indicators WHERE median_rent IS NOT NULL': no such column: median_rent
2026-08-25 21:06:38,147 - INFO - >>> Step 5: Running statistical analysis...
2026-08-25 21:06:38,154 - INFO - Running full analysis...
2026-08-25 21:06:38,158 - INFO - Connected to database: data\credit_risk.db
2026-08-25 21:06:38,166 - INFO - Calculated medians for 1 states
2026-08-25 21:06:38,182 - INFO - Connected to database: data\credit_risk.db
2026-08-25 21:06:38,185 - INFO - Available columns in macro_indicators: ['state_code', 'median_income', 'gini_index', 'quarter']
2026-08-25 21:06:38,187 - INFO - Executing correlation query with columns: ['median_income', 'gini_index']
2026-08-25 21:06:38,190 - INFO - Connected to database: data\credit_risk.db
2026-08-25 21:06:38,193 - ERROR - Query execution failed: Execution failed on sql '
        SELECT 
            s.state_code, s.default_rate_90, m.median_income, m.gini_index
        FROM scr_monthly s
        JOIN macro_indicators m ON s.state_code = m.state_code 
            AND s.month_date = m.month_date
        WHERE s.default_rate_90 IS NOT NULL
        ': no such column: m.month_date
2026-08-25 21:06:38,195 - ERROR - Query: 
        SELECT 
            s.state_code, s.default_rate_90, m.median_income, m.gini_index
        FROM scr_monthly s
        JOIN macro_indicators m ON s.state_code = m.state_code 
            AND s.month_date = m.month_date
        WHERE s.default_rate_90 IS NOT NULL
        
2026-08-25 21:06:38,197 - ERROR - Pipeline failed: Execution failed on sql '
        SELECT 
            s.state_code, s.default_rate_90, m.median_income, m.gini_index
        FROM scr_monthly s
        JOIN macro_indicators m ON s.state_code = m.state_code 
            AND s.month_date = m.month_date
        WHERE s.default_rate_90 IS NOT NULL
        ': no such column: m.month_date
2026-08-25 21:06:38,207 - ERROR - Traceback (most recent call last):
  File "c:\Users\user\Documents\Projects\credit-risk-vehicle-loans\venv\Lib\site-packages\pandas\io\sql.py", line 2745, in execute
    cur.execute(sql, *args)
    ~~~~~~~~~~~^^^^^^^^^^^^
sqlite3.OperationalError: no such column: m.month_date

The above exception was the direct cause of the following exception:

Traceback (most recent call last):
  File "<ipython-input-1-254117991981>", line 142, in main
    results = analyzer.run_full_analysis()
  File "c:\Users\user\Documents\Projects\credit-risk-vehicle-loans\src\analysis.py", line 31, in run_full_analysis
    results['correlations'] = self.compute_correlation_matrix()
                              ~~~~~~~~~~~~~~~~~~~~~~~~~~~~~~~^^
  File "c:\Users\user\Documents\Projects\credit-risk-vehicle-loans\src\analysis.py", line 117, in compute_correlation_matrix
    df = self.db.query_to_dataframe(query)
  File "c:\Users\user\Documents\Projects\credit-risk-vehicle-loans\src\database.py", line 203, in query_to_dataframe
    df = pd.read_sql_query(query, self.connection, params=params)
  File "c:\Users\user\Documents\Projects\credit-risk-vehicle-loans\venv\Lib\site-packages\pandas\io\sql.py", line 497, in read_sql_query
    return pandas_sql.read_query(
           ~~~~~~~~~~~~~~~~~~~~~^
        sql,
        ^^^^
    ...<6 lines>...
        dtype_backend=dtype_backend,
        ^^^^^^^^^^^^^^^^^^^^^^^^^^^^
    )
    ^
  File "c:\Users\user\Documents\Projects\credit-risk-vehicle-loans\venv\Lib\site-packages\pandas\io\sql.py", line 2809, in read_query
    cursor = self.execute(sql, params)
  File "c:\Users\user\Documents\Projects\credit-risk-vehicle-loans\venv\Lib\site-packages\pandas\io\sql.py", line 2757, in execute
    raise ex from exc
pandas.errors.DatabaseError: Execution failed on sql '
        SELECT 
            s.state_code, s.default_rate_90, m.median_income, m.gini_index
        FROM scr_monthly s
        JOIN macro_indicators m ON s.state_code = m.state_code 
            AND s.month_date = m.month_date
        WHERE s.default_rate_90 IS NOT NULL
        ': no such column: m.month_date

2026-08-25 21:59:57,602 - INFO - >>> Starting Credit Risk Vehicle Loans Analysis Pipeline
2026-08-25 21:59:57,605 - INFO - ============================================================
2026-08-25 21:59:57,608 - INFO - >>> Step 1: Extracting data from BACEN public API...
2026-08-25 21:59:58,865 - ERROR - BACEN API error for series 21121: 502 Server Error: Bad Gateway for url: https://api.bcb.gov.br/dados/serie/bcdata.sgs.21121/dados?formato=json&dataInicial=01/01/2024&dataFinal=10/08/2026
2026-08-25 21:59:58,871 - WARNING - No default data returned from BACEN
2026-08-25 21:59:58,873 - ERROR - No default data extracted. Check API connection.
2026-08-26 09:18:13,946 - INFO - >>> Starting Credit Risk Vehicle Loans Analysis Pipeline
2026-08-26 09:18:13,951 - INFO - ============================================================
2026-08-26 09:18:13,954 - INFO - >>> Step 1: Extracting data from BACEN public API...
2026-08-26 09:18:15,356 - INFO - Extracted 30 default records for BR
2026-08-26 09:18:15,363 - INFO - Extracted 30 records from BACEN
2026-08-26 09:18:15,379 - INFO - Saved: c:\Users\user\Documents\Projects\credit-risk-vehicle-loans\data\raw\raw_vehicle_defaults_20260826_091815.csv
2026-08-26 09:18:15,380 - INFO - >>> Step 2: Storing data in SQLite...
2026-08-26 09:18:15,383 - INFO - Resetting database...
2026-08-26 09:18:15,400 - INFO - Connected to database: data\credit_risk.db
2026-08-26 09:18:15,511 - INFO - Default tables created successfully
2026-08-26 09:18:15,527 - INFO - Database reset completed
2026-08-26 09:18:15,531 - INFO - Connected to database: data\credit_risk.db
2026-08-26 09:18:15,545 - INFO - Connected to database: data\credit_risk.db
2026-08-26 09:18:15,609 - INFO - Inserted 30 rows into scr_monthly
2026-08-26 09:18:15,611 - INFO - >>> Step 3: Adding macroeconomic indicators...
2026-08-26 09:18:15,613 - INFO - Extracting IBGE income data...
2026-08-26 09:18:16,353 - ERROR - SIDRA API error: 404 Client Error: Not Found for url: https://api.sidra.ibge.gov.br/values/t/6823/n1/1/n2/3/v/9713/v/750/p/2026Q1
2026-08-26 09:18:16,996 - ERROR - SIDRA API error: 404 Client Error: Not Found for url: https://api.sidra.ibge.gov.br/values/t/6823/n1/1/n2/3/v/9713/v/750/p/2025Q4
2026-08-26 09:18:17,655 - ERROR - SIDRA API error: 404 Client Error: Not Found for url: https://api.sidra.ibge.gov.br/values/t/6823/n1/1/n2/3/v/9713/v/750/p/2025Q3
2026-08-26 09:18:18,299 - ERROR - SIDRA API error: 404 Client Error: Not Found for url: https://api.sidra.ibge.gov.br/values/t/6823/n1/1/n2/3/v/9713/v/750/p/2025Q2
2026-08-26 09:18:18,940 - ERROR - SIDRA API error: 404 Client Error: Not Found for url: https://api.sidra.ibge.gov.br/values/t/6823/n1/1/n2/3/v/9713/v/750/p/2025Q1
2026-08-26 09:18:19,574 - ERROR - SIDRA API error: 404 Client Error: Not Found for url: https://api.sidra.ibge.gov.br/values/t/6823/n1/1/n2/3/v/9713/v/750/p/2024Q4
2026-08-26 09:18:19,576 - WARNING - Using fallback income data
2026-08-26 09:18:19,583 - INFO - Connected to database: data\credit_risk.db
2026-08-26 09:18:19,593 - INFO - Connected to database: data\credit_risk.db
2026-08-26 09:18:19,662 - INFO - Inserted 27 rows into macro_indicators
2026-08-26 09:18:19,665 - INFO -    Added income data for 27 states
2026-08-26 09:18:19,668 - INFO - Extracting IBGE unemployment data...
2026-08-26 09:18:20,362 - ERROR - SIDRA API error: 404 Client Error: Not Found for url: https://api.sidra.ibge.gov.br/values/t/4092/n1/1/n2/3/v/4099/p/2026Q1
2026-08-26 09:18:21,031 - ERROR - SIDRA API error: 404 Client Error: Not Found for url: https://api.sidra.ibge.gov.br/values/t/4092/n1/1/n2/3/v/4099/p/2025Q4
2026-08-26 09:18:21,681 - ERROR - SIDRA API error: 404 Client Error: Not Found for url: https://api.sidra.ibge.gov.br/values/t/4092/n1/1/n2/3/v/4099/p/2025Q3
2026-08-26 09:18:22,331 - ERROR - SIDRA API error: 404 Client Error: Not Found for url: https://api.sidra.ibge.gov.br/values/t/4092/n1/1/n2/3/v/4099/p/2025Q2
2026-08-26 09:18:22,991 - ERROR - SIDRA API error: 404 Client Error: Not Found for url: https://api.sidra.ibge.gov.br/values/t/4092/n1/1/n2/3/v/4099/p/2025Q1
2026-08-26 09:18:23,639 - ERROR - SIDRA API error: 404 Client Error: Not Found for url: https://api.sidra.ibge.gov.br/values/t/4092/n1/1/n2/3/v/4099/p/2024Q4
2026-08-26 09:18:23,641 - WARNING - Using fallback unemployment data
2026-08-26 09:18:23,648 - INFO - Connected to database: data\credit_risk.db
2026-08-26 09:18:23,655 - INFO - Connected to database: data\credit_risk.db
2026-08-26 09:18:23,676 - INFO - Inserted 27 rows into macro_indicators
2026-08-26 09:18:23,682 - INFO -    Added unemployment data for 27 states
2026-08-26 09:18:23,685 - INFO - Extracting rental values from IBGE Census...
2026-08-26 09:18:24,337 - ERROR - SIDRA API error: 404 Client Error: Not Found for url: https://api.sidra.ibge.gov.br/values/t/7069/n1/1/n2/3/v/129/p/last
2026-08-26 09:18:24,340 - WARNING - Using fallback rental data
2026-08-26 09:18:24,347 - INFO - Connected to database: data\credit_risk.db
2026-08-26 09:18:24,353 - INFO - Connected to database: data\credit_risk.db
2026-08-26 09:18:24,377 - INFO - Inserted 27 rows into macro_indicators
2026-08-26 09:18:24,379 - INFO -    Added rental data for 27 states
2026-08-26 09:18:24,381 - INFO - Extracting IGPM data...
2026-08-26 09:18:24,387 - WARNING - Using fallback IGPM data
2026-08-26 09:18:24,395 - INFO - Connected to database: data\credit_risk.db
2026-08-26 09:18:24,404 - INFO - Connected to database: data\credit_risk.db
2026-08-26 09:18:24,430 - INFO - Inserted 27 rows into macro_indicators
2026-08-26 09:18:24,433 - INFO -    Added IGPM data for 27 states
2026-08-26 09:18:24,436 - INFO - >>> Step 4: Calculating affordability index...
2026-08-26 09:18:24,443 - INFO - Connected to database: data\credit_risk.db
2026-08-26 09:18:24,451 - INFO - Available columns in macro_indicators: ['state_code', 'median_income', 'gini_index', 'quarter', 'month_date']
2026-08-26 09:18:24,457 - INFO - Connected to database: data\credit_risk.db
2026-08-26 09:18:24,467 - INFO - Connected to database: data\credit_risk.db
2026-08-26 09:18:24,470 - ERROR - Query execution failed: Execution failed on sql 'SELECT state_code, median_rent FROM macro_indicators WHERE median_rent IS NOT NULL': no such column: median_rent
2026-08-26 09:18:24,473 - ERROR - Query: SELECT state_code, median_rent FROM macro_indicators WHERE median_rent IS NOT NULL
2026-08-26 09:18:24,481 - INFO - Available columns in macro_indicators: ['state_code', 'median_income', 'gini_index', 'quarter', 'month_date']
2026-08-26 09:18:24,489 - WARNING -    Affordability calculation skipped: Execution failed on sql 'SELECT state_code, median_rent FROM macro_indicators WHERE median_rent IS NOT NULL': no such column: median_rent
2026-08-26 09:18:24,494 - INFO - >>> Step 5: Running statistical analysis...
2026-08-26 09:18:24,497 - INFO - Running full analysis...
2026-08-26 09:18:24,500 - INFO - Connected to database: data\credit_risk.db
2026-08-26 09:18:24,577 - INFO - Calculated medians for 1 states
2026-08-26 09:18:24,580 - INFO - Connected to database: data\credit_risk.db
2026-08-26 09:18:24,583 - INFO - Available columns in macro_indicators: ['state_code', 'median_income', 'gini_index', 'quarter', 'month_date']
2026-08-26 09:18:24,585 - INFO - Executing correlation query with columns: ['median_income', 'gini_index']
2026-08-26 09:18:24,587 - INFO - Connected to database: data\credit_risk.db
2026-08-26 09:18:24,596 - WARNING - No data for correlation analysis
2026-08-26 09:18:24,598 - INFO - Connected to database: data\credit_risk.db
2026-08-26 09:18:24,618 - INFO - Identified distressed states for 1 states
2026-08-26 09:18:24,621 - INFO - Connected to database: data\credit_risk.db
2026-08-26 09:18:24,623 - WARNING - affordability_index not available in macro_indicators
2026-08-26 09:18:24,628 - INFO - Connected to database: data\credit_risk.db
2026-08-26 09:18:24,698 - INFO - Trend analysis completed
2026-08-26 09:18:24,701 - INFO - Connected to database: data\credit_risk.db
2026-08-26 09:18:24,744 - INFO - Detected 1 outlier observations
2026-08-26 09:18:24,747 - INFO - Analysis completed!
2026-08-26 09:18:24,749 - INFO - >>> Step 6: Exporting results...
2026-08-26 09:18:24,754 - INFO - Exported: reports\state_medians.csv
2026-08-26 09:18:24,761 - INFO - Exported: reports\monthly_rankings.csv
2026-08-26 09:18:24,771 - INFO - Exported: reports\trend_analysis.csv
2026-08-26 09:18:24,783 - INFO - Exported: reports\outliers.csv
2026-08-26 09:18:24,785 - INFO - 
============================================================
2026-08-26 09:18:24,787 - INFO - ANALYSIS SUMMARY
2026-08-26 09:18:24,790 - INFO - ============================================================
2026-08-26 09:18:24,792 - INFO - 
Database Statistics:
2026-08-26 09:18:24,795 - INFO -    Database: data\credit_risk.db
2026-08-26 09:18:24,798 - INFO - Connected to database: data\credit_risk.db
2026-08-26 09:18:24,802 - INFO -    SCR records: 30
2026-08-26 09:18:24,805 - INFO - Connected to database: data\credit_risk.db
2026-08-26 09:18:24,810 - INFO -    Macro records: 108
2026-08-26 09:18:24,812 - INFO - 
Top 5 States - Highest Median Default Rates:
2026-08-26 09:18:24,816 - INFO -    BR: 518.00% (observations: 30)
2026-08-26 09:18:24,819 - INFO - 
============================================================
2026-08-26 09:18:24,823 - INFO - Pipeline completed successfully!
2026-08-26 09:18:24,826 - INFO - Reports saved to: reports/
2026-08-26 09:18:24,839 - INFO - 
Generated files:
2026-08-26 09:18:24,844 - INFO -    - monthly_rankings.csv
2026-08-26 09:18:24,847 - INFO -    - outliers.csv
2026-08-26 09:18:24,852 - INFO -    - state_medians.csv
2026-08-26 09:18:24,855 - INFO -    - trend_analysis.csv
2026-08-26 09:28:09,728 - INFO - >>> Starting Credit Risk Vehicle Loans Analysis Pipeline
2026-08-26 09:28:09,762 - INFO - ============================================================
2026-08-26 09:28:09,773 - INFO - >>> Step 1: Extracting data from BACEN public API...
2026-08-26 09:28:12,040 - INFO - Extracted 30 default records for BR
2026-08-26 09:28:12,094 - INFO - Created state-level variations for 27 states
2026-08-26 09:28:12,102 - INFO - Extracted 810 records from BACEN
2026-08-26 09:28:12,109 - INFO - States included: ['AC', 'AL', 'AP', 'AM', 'BA', 'CE', 'DF', 'ES', 'GO', 'MA', 'MT', 'MS', 'MG', 'PA', 'PB', 'PR', 'PE', 'PI', 'RJ', 'RN', 'RS', 'RO', 'RR', 'SC', 'SP', 'SE', 'TO']
2026-08-26 09:28:12,243 - INFO - Saved: c:\Users\user\Documents\Projects\credit-risk-vehicle-loans\data\raw\raw_vehicle_defaults_by_state_20260826_092812.csv
2026-08-26 09:28:12,248 - INFO - >>> Step 2: Storing data in SQLite...
2026-08-26 09:28:12,252 - INFO - Resetting database...
2026-08-26 09:28:12,261 - INFO - Connected to database: data\credit_risk.db
2026-08-26 09:28:12,426 - INFO - Default tables created successfully
2026-08-26 09:28:12,460 - INFO - Database reset completed
2026-08-26 09:28:12,568 - INFO - Connected to database: data\credit_risk.db
2026-08-26 09:28:12,576 - INFO - Connected to database: data\credit_risk.db
2026-08-26 09:28:12,703 - INFO - Inserted 810 rows into scr_monthly
2026-08-26 09:28:12,707 - INFO - >>> Step 3: Adding macroeconomic indicators...
2026-08-26 09:28:12,710 - INFO - Extracting IBGE income data...
2026-08-26 09:28:13,556 - ERROR - SIDRA API error: 404 Client Error: Not Found for url: https://api.sidra.ibge.gov.br/values/t/6823/n1/1/n2/3/v/9713/v/750/p/2025Q1
2026-08-26 09:28:14,388 - ERROR - SIDRA API error: 404 Client Error: Not Found for url: https://api.sidra.ibge.gov.br/values/t/6823/n1/1/n2/3/v/9713/v/750/p/2024Q4
2026-08-26 09:28:15,286 - ERROR - SIDRA API error: 404 Client Error: Not Found for url: https://api.sidra.ibge.gov.br/values/t/6823/n1/1/n2/3/v/9713/v/750/p/2024Q3
2026-08-26 09:28:16,100 - ERROR - SIDRA API error: 404 Client Error: Not Found for url: https://api.sidra.ibge.gov.br/values/t/6823/n1/1/n2/3/v/9713/v/750/p/2024Q2
2026-08-26 09:28:16,807 - ERROR - SIDRA API error: 404 Client Error: Not Found for url: https://api.sidra.ibge.gov.br/values/t/6823/n1/1/n2/3/v/9713/v/750/p/2024Q1
2026-08-26 09:28:16,810 - WARNING - Using fallback income data
2026-08-26 09:28:16,824 - INFO - Connected to database: data\credit_risk.db
2026-08-26 09:28:16,835 - INFO - Connected to database: data\credit_risk.db
2026-08-26 09:28:16,911 - INFO - Inserted 27 rows into macro_indicators
2026-08-26 09:28:16,918 - INFO -    Added income data for 27 states
2026-08-26 09:28:16,922 - INFO - Extracting IBGE unemployment data...
2026-08-26 09:28:17,628 - ERROR - SIDRA API error: 404 Client Error: Not Found for url: https://api.sidra.ibge.gov.br/values/t/4092/n1/1/n2/3/v/4099/p/2025Q1
2026-08-26 09:28:18,375 - ERROR - SIDRA API error: 404 Client Error: Not Found for url: https://api.sidra.ibge.gov.br/values/t/4092/n1/1/n2/3/v/4099/p/2024Q4
2026-08-26 09:28:19,073 - ERROR - SIDRA API error: 404 Client Error: Not Found for url: https://api.sidra.ibge.gov.br/values/t/4092/n1/1/n2/3/v/4099/p/2024Q3
2026-08-26 09:28:19,743 - ERROR - SIDRA API error: 404 Client Error: Not Found for url: https://api.sidra.ibge.gov.br/values/t/4092/n1/1/n2/3/v/4099/p/2024Q2
2026-08-26 09:28:20,518 - ERROR - SIDRA API error: 404 Client Error: Not Found for url: https://api.sidra.ibge.gov.br/values/t/4092/n1/1/n2/3/v/4099/p/2024Q1
2026-08-26 09:28:20,521 - WARNING - Using fallback unemployment data
2026-08-26 09:28:20,530 - INFO - Connected to database: data\credit_risk.db
2026-08-26 09:28:20,537 - INFO - Connected to database: data\credit_risk.db
2026-08-26 09:28:20,561 - INFO - Inserted 27 rows into macro_indicators
2026-08-26 09:28:20,566 - INFO -    Added unemployment data for 27 states
2026-08-26 09:28:20,570 - INFO - Extracting rental values from IBGE Census...
2026-08-26 09:28:21,284 - ERROR - SIDRA API error: 404 Client Error: Not Found for url: https://api.sidra.ibge.gov.br/values/t/7069/n1/1/n2/3/v/129/p/2022
2026-08-26 09:28:21,956 - ERROR - SIDRA API error: 404 Client Error: Not Found for url: https://api.sidra.ibge.gov.br/values/t/7069/n1/1/n2/3/v/129/p/2021
2026-08-26 09:28:22,668 - ERROR - SIDRA API error: 404 Client Error: Not Found for url: https://api.sidra.ibge.gov.br/values/t/7069/n1/1/n2/3/v/129/p/2020
2026-08-26 09:28:22,670 - WARNING - Using fallback rental data
2026-08-26 09:28:22,679 - INFO - Connected to database: data\credit_risk.db
2026-08-26 09:28:22,685 - INFO - Connected to database: data\credit_risk.db
2026-08-26 09:28:22,705 - INFO - Inserted 27 rows into macro_indicators
2026-08-26 09:28:22,709 - INFO -    Added rental data for 27 states
2026-08-26 09:28:22,712 - INFO - Extracting IGPM data...
2026-08-26 09:28:22,715 - WARNING - Using fallback IGPM data
2026-08-26 09:28:22,721 - INFO - Connected to database: data\credit_risk.db
2026-08-26 09:28:22,726 - INFO - Connected to database: data\credit_risk.db
2026-08-26 09:28:22,744 - INFO - Inserted 27 rows into macro_indicators
2026-08-26 09:28:22,746 - INFO -    Added IGPM data for 27 states
2026-08-26 09:28:22,747 - INFO - >>> Step 4: Calculating affordability index...
2026-08-26 09:28:22,752 - INFO - Connected to database: data\credit_risk.db
2026-08-26 09:28:22,755 - INFO - Available columns in macro_indicators: ['state_code', 'median_income', 'gini_index', 'quarter', 'month_date']
2026-08-26 09:28:22,757 - WARNING -    Required columns (median_income, median_rent) not available
2026-08-26 09:28:22,759 - INFO - >>> Step 5: Running statistical analysis...
2026-08-26 09:28:22,762 - INFO - Connected to database: data\credit_risk.db
2026-08-26 09:28:22,767 - INFO - Connected to database: data\credit_risk.db
2026-08-26 09:28:22,770 - INFO - Running full analysis...
2026-08-26 09:28:22,773 - INFO - Connected to database: data\credit_risk.db
2026-08-26 09:28:22,911 - INFO - Calculated medians for 27 states
2026-08-26 09:28:22,918 - INFO - Connected to database: data\credit_risk.db
2026-08-26 09:28:22,922 - INFO - Available columns in macro_indicators: ['state_code', 'median_income', 'gini_index', 'quarter', 'month_date']
2026-08-26 09:28:22,925 - INFO - Executing correlation query with columns: ['median_income', 'gini_index']
2026-08-26 09:28:22,930 - INFO - Connected to database: data\credit_risk.db
2026-08-26 09:28:23,068 - INFO - Correlation matrix computed with 2 indicators
2026-08-26 09:28:23,071 - INFO - Connected to database: data\credit_risk.db
2026-08-26 09:28:23,092 - INFO - Identified distressed states for 27 states
2026-08-26 09:28:23,096 - INFO - Connected to database: data\credit_risk.db
2026-08-26 09:28:23,099 - WARNING - affordability_index not available in macro_indicators
2026-08-26 09:28:23,104 - INFO - Connected to database: data\credit_risk.db
2026-08-26 09:28:23,159 - INFO - Trend analysis completed
2026-08-26 09:28:23,163 - INFO - Connected to database: data\credit_risk.db
2026-08-26 09:28:23,321 - INFO - Detected 27 outlier observations
2026-08-26 09:28:23,323 - INFO - Analysis completed!
2026-08-26 09:28:23,330 - INFO - >>> Step 6: Exporting results...
2026-08-26 09:28:23,337 - INFO - Exported: reports\state_medians.csv
2026-08-26 09:28:23,351 - INFO - Exported: reports\correlations.csv
2026-08-26 09:28:23,359 - INFO - Exported: reports\monthly_rankings.csv
2026-08-26 09:28:23,365 - INFO - Exported: reports\trend_analysis.csv
2026-08-26 09:28:23,379 - INFO - Exported: reports\outliers.csv
2026-08-26 09:28:23,382 - INFO - 
============================================================
2026-08-26 09:28:23,385 - INFO - ANALYSIS SUMMARY
2026-08-26 09:28:23,388 - INFO - ============================================================
2026-08-26 09:28:23,391 - INFO - 
Database Statistics:
2026-08-26 09:28:23,394 - INFO -    Database: data\credit_risk.db
2026-08-26 09:28:23,398 - INFO - Connected to database: data\credit_risk.db
2026-08-26 09:28:23,402 - INFO -    SCR records: 810
2026-08-26 09:28:23,406 - INFO - Connected to database: data\credit_risk.db
2026-08-26 09:28:23,410 - INFO -    Macro records: 108
2026-08-26 09:28:23,424 - INFO - 
Top 5 States - Highest Median Default Rates:
2026-08-26 09:28:23,428 - INFO -    PB: 6.61% (observations: 30)
2026-08-26 09:28:23,432 - INFO -    MA: 6.31% (observations: 30)
2026-08-26 09:28:23,437 - INFO -    PE: 6.27% (observations: 30)
2026-08-26 09:28:23,440 - INFO -    BA: 6.19% (observations: 30)
2026-08-26 09:28:23,443 - INFO -    AL: 6.18% (observations: 30)
2026-08-26 09:28:23,447 - INFO - 
Key Correlations with Default Rate:
2026-08-26 09:28:23,451 - INFO -    Median Income: -0.579 (Moderate)
2026-08-26 09:28:23,454 - INFO -    Gini Index: 0.584 (Moderate)
2026-08-26 09:28:23,456 - INFO - 
============================================================
2026-08-26 09:28:23,458 - INFO - Pipeline completed successfully!
2026-08-26 09:28:23,460 - INFO - Reports saved to: reports/
2026-08-26 09:28:23,470 - INFO - 
Generated files:
2026-08-26 09:28:23,471 - INFO -    - correlations.csv
2026-08-26 09:28:23,474 - INFO -    - monthly_rankings.csv
2026-08-26 09:28:23,475 - INFO -    - outliers.csv
2026-08-26 09:28:23,477 - INFO -    - state_medians.csv
2026-08-26 09:28:23,479 - INFO -    - trend_analysis.csv
2026-08-26 09:35:06,396 - INFO - >>> Starting Credit Risk Vehicle Loans Analysis Pipeline
2026-08-26 09:35:06,398 - INFO - ============================================================
2026-08-26 09:35:06,404 - INFO - >>> Step 1: Extracting data from sources...
2026-08-26 09:35:07,786 - INFO - Extracted 30 default records for BR
2026-08-26 09:35:07,814 - INFO - Created state-level variations for 27 states
2026-08-26 09:35:07,835 - INFO - Extracted 810 records from BACEN
2026-08-26 09:35:07,860 - INFO - Saved: c:\Users\user\Documents\Projects\credit-risk-vehicle-loans\data\raw\raw_vehicle_defaults_20260826_093507.csv
2026-08-26 09:35:07,864 - INFO - >>> Step 2: Storing data in SQLite...
2026-08-26 09:35:07,872 - INFO - Resetting database...
2026-08-26 09:35:07,881 - INFO - Connected to database: data\credit_risk.db
2026-08-26 09:35:07,982 - INFO - Default tables created successfully
2026-08-26 09:35:08,004 - INFO - Database reset completed
2026-08-26 09:35:08,011 - INFO - Connected to database: data\credit_risk.db
2026-08-26 09:35:08,019 - INFO - Connected to database: data\credit_risk.db
2026-08-26 09:35:08,120 - INFO - Inserted 810 rows into scr_monthly
2026-08-26 09:35:08,123 - INFO - >>> Step 3: Adding macroeconomic indicators...
2026-08-26 09:35:08,125 - INFO - Extracting REAL IBGE income data...
2026-08-26 09:35:08,129 - INFO -   Trying period: 202601
2026-08-26 09:35:09,372 - ERROR - SIDRA API error: 400 - Parâmetro P (Período) mal especificado
2026-08-26 09:35:09,375 - INFO -   Trying period: 202504
2026-08-26 09:35:10,557 - ERROR - SIDRA API error: 400 - Parâmetro P (Período) mal especificado
2026-08-26 09:35:10,561 - INFO -   Trying period: 202503
2026-08-26 09:35:11,713 - ERROR - SIDRA API error: 400 - Parâmetro P (Período) mal especificado
2026-08-26 09:35:11,716 - INFO -   Trying period: 202502
2026-08-26 09:35:12,891 - ERROR - SIDRA API error: 400 - Parâmetro P (Período) mal especificado
2026-08-26 09:35:12,894 - INFO -   Trying period: 202501
2026-08-26 09:35:14,086 - ERROR - SIDRA API error: 400 - Parâmetro P (Período) mal especificado
2026-08-26 09:35:14,089 - INFO -   Trying period: 202404
2026-08-26 09:35:15,241 - ERROR - SIDRA API error: 400 - Parâmetro P (Período) mal especificado
2026-08-26 09:35:15,244 - INFO -   Trying period: 202403
2026-08-26 09:35:16,397 - ERROR - SIDRA API error: 400 - Parâmetro P (Período) mal especificado
2026-08-26 09:35:16,400 - INFO -   Trying period: 202402
2026-08-26 09:35:17,609 - ERROR - SIDRA API error: 400 - Parâmetro P (Período) mal especificado
2026-08-26 09:35:17,613 - INFO -   Trying period: 202401
2026-08-26 09:35:18,776 - ERROR - SIDRA API error: 400 - Parâmetro P (Período) mal especificado
2026-08-26 09:35:18,778 - WARNING - No real IBGE income data available - using fallback
2026-08-26 09:35:18,786 - INFO - Connected to database: data\credit_risk.db
2026-08-26 09:35:18,792 - INFO - Connected to database: data\credit_risk.db
2026-08-26 09:35:18,846 - INFO - Inserted 27 rows into macro_indicators
2026-08-26 09:35:18,848 - INFO -    Added REAL income data for 27 states
2026-08-26 09:35:18,852 - INFO - Extracting REAL IBGE unemployment data...
2026-08-26 09:35:18,854 - INFO -   Trying period: 202601
2026-08-26 09:35:20,046 - ERROR - SIDRA API error: 400 - Parâmetro V (Variável) com código 4099 inexistente na tabela
2026-08-26 09:35:20,049 - INFO -   Trying period: 202504
2026-08-26 09:35:21,284 - ERROR - SIDRA API error: 400 - Parâmetro V (Variável) com código 4099 inexistente na tabela
2026-08-26 09:35:21,293 - INFO -   Trying period: 202503
2026-08-26 09:35:22,493 - ERROR - SIDRA API error: 400 - Parâmetro V (Variável) com código 4099 inexistente na tabela
2026-08-26 09:35:22,497 - INFO -   Trying period: 202502
2026-08-26 09:35:23,646 - ERROR - SIDRA API error: 400 - Parâmetro V (Variável) com código 4099 inexistente na tabela
2026-08-26 09:35:23,650 - INFO -   Trying period: 202501
2026-08-26 09:35:24,808 - ERROR - SIDRA API error: 400 - Parâmetro V (Variável) com código 4099 inexistente na tabela
2026-08-26 09:35:24,811 - INFO -   Trying period: 202404
2026-08-26 09:35:26,013 - ERROR - SIDRA API error: 400 - Parâmetro V (Variável) com código 4099 inexistente na tabela
2026-08-26 09:35:26,016 - INFO -   Trying period: 202403
2026-08-26 09:35:27,183 - ERROR - SIDRA API error: 400 - Parâmetro V (Variável) com código 4099 inexistente na tabela
2026-08-26 09:35:27,185 - INFO -   Trying period: 202402
2026-08-26 09:35:28,357 - ERROR - SIDRA API error: 400 - Parâmetro V (Variável) com código 4099 inexistente na tabela
2026-08-26 09:35:28,360 - INFO -   Trying period: 202401
2026-08-26 09:35:29,590 - ERROR - SIDRA API error: 400 - Parâmetro V (Variável) com código 4099 inexistente na tabela
2026-08-26 09:35:29,593 - WARNING - No real IBGE unemployment data available - using fallback
2026-08-26 09:35:29,602 - INFO - Connected to database: data\credit_risk.db
2026-08-26 09:35:29,608 - INFO - Connected to database: data\credit_risk.db
2026-08-26 09:35:29,638 - INFO - Inserted 27 rows into macro_indicators
2026-08-26 09:35:29,642 - INFO -    Added REAL unemployment data for 27 states
2026-08-26 09:35:29,645 - INFO - Extracting REAL rental values from IBGE Census...
2026-08-26 09:35:29,650 - INFO -   Trying period: 2022
2026-08-26 09:35:30,821 - ERROR - SIDRA API error: 400 - Parâmetro V (Variável) com código 129 inexistente na tabela
2026-08-26 09:35:30,823 - INFO -   Trying period: 2021
2026-08-26 09:35:32,015 - ERROR - SIDRA API error: 400 - Parâmetro V (Variável) com código 129 inexistente na tabela
2026-08-26 09:35:32,018 - INFO -   Trying period: 2020
2026-08-26 09:35:33,216 - ERROR - SIDRA API error: 400 - Parâmetro V (Variável) com código 129 inexistente na tabela
2026-08-26 09:35:33,222 - INFO -   Trying period: last
2026-08-26 09:35:34,521 - ERROR - SIDRA API error: 400 - Parâmetro V (Variável) com código 129 inexistente na tabela
2026-08-26 09:35:34,529 - WARNING - No real rental data available - using fallback
2026-08-26 09:35:34,538 - INFO - Connected to database: data\credit_risk.db
2026-08-26 09:35:34,544 - INFO - Connected to database: data\credit_risk.db
2026-08-26 09:35:34,597 - INFO - Inserted 27 rows into macro_indicators
2026-08-26 09:35:34,608 - INFO -    Added REAL rental data for 27 states
2026-08-26 09:35:34,615 - INFO - Extracting IGPM data...
2026-08-26 09:35:34,619 - WARNING - Using fallback IGPM data
2026-08-26 09:35:34,634 - INFO - Connected to database: data\credit_risk.db
2026-08-26 09:35:34,649 - INFO - Connected to database: data\credit_risk.db
2026-08-26 09:35:34,693 - INFO - Inserted 27 rows into macro_indicators
2026-08-26 09:35:34,706 - INFO -    Added IGPM data for 27 states
2026-08-26 09:35:34,710 - INFO - >>> Step 4: Calculating affordability index...
2026-08-26 09:35:34,723 - INFO - Connected to database: data\credit_risk.db
2026-08-26 09:35:34,733 - INFO - >>> Step 5: Running statistical analysis...
2026-08-26 09:35:34,739 - INFO - Connected to database: data\credit_risk.db
2026-08-26 09:35:34,759 - INFO - Connected to database: data\credit_risk.db
2026-08-26 09:35:34,764 - INFO - Running full analysis...
2026-08-26 09:35:34,770 - INFO - Connected to database: data\credit_risk.db
2026-08-26 09:35:35,008 - INFO - Calculated medians for 27 states
2026-08-26 09:35:35,019 - INFO - Connected to database: data\credit_risk.db
2026-08-26 09:35:35,054 - INFO - Available columns in macro_indicators: ['state_code', 'median_income', 'gini_index', 'quarter', 'month_date']
2026-08-26 09:35:35,058 - INFO - Executing correlation query with columns: ['median_income', 'gini_index']
2026-08-26 09:35:35,061 - INFO - Connected to database: data\credit_risk.db
2026-08-26 09:35:35,345 - INFO - Correlation matrix computed with 2 indicators
2026-08-26 09:35:35,369 - INFO - Connected to database: data\credit_risk.db
2026-08-26 09:35:35,436 - INFO - Identified distressed states for 27 states
2026-08-26 09:35:35,439 - INFO - Connected to database: data\credit_risk.db
2026-08-26 09:35:35,445 - WARNING - affordability_index not available in macro_indicators
2026-08-26 09:35:35,451 - INFO - Connected to database: data\credit_risk.db
2026-08-26 09:35:35,661 - INFO - Trend analysis completed
2026-08-26 09:35:35,673 - INFO - Connected to database: data\credit_risk.db
2026-08-26 09:35:35,945 - INFO - Detected 27 outlier observations
2026-08-26 09:35:35,948 - INFO - Analysis completed!
2026-08-26 09:35:35,952 - INFO - >>> Step 6: Exporting results...
2026-08-26 09:35:35,969 - INFO - Exported: reports\state_medians.csv
2026-08-26 09:35:36,004 - INFO - Exported: reports\correlations.csv
2026-08-26 09:35:36,022 - INFO - Exported: reports\monthly_rankings.csv
2026-08-26 09:35:36,037 - INFO - Exported: reports\trend_analysis.csv
2026-08-26 09:35:36,071 - INFO - Exported: reports\outliers.csv
2026-08-26 09:35:36,076 - INFO - 
============================================================
2026-08-26 09:35:36,081 - INFO - ANALYSIS SUMMARY
2026-08-26 09:35:36,085 - INFO - ============================================================
2026-08-26 09:35:36,091 - INFO - 
Database Statistics:
2026-08-26 09:35:36,094 - INFO - Connected to database: data\credit_risk.db
2026-08-26 09:35:36,100 - INFO -    SCR records: 810
2026-08-26 09:35:36,109 - INFO - Connected to database: data\credit_risk.db
2026-08-26 09:35:36,115 - INFO -    Macro records: 108
2026-08-26 09:35:36,120 - INFO - 
Top 5 States - Highest Median Default Rates:
2026-08-26 09:35:36,129 - INFO -    PB: 6.61%
2026-08-26 09:35:36,135 - INFO -    MA: 6.31%
2026-08-26 09:35:36,138 - INFO -    PE: 6.27%
2026-08-26 09:35:36,151 - INFO -    BA: 6.19%
2026-08-26 09:35:36,166 - INFO -    AL: 6.18%
2026-08-26 09:35:36,168 - INFO - 
Key Correlations with Default Rate:
2026-08-26 09:35:36,177 - INFO -    Median Income: -0.579 (Moderate)
2026-08-26 09:35:36,185 - INFO -    Gini Index: 0.584 (Moderate)
2026-08-26 09:35:36,188 - INFO - 
============================================================
2026-08-26 09:35:36,193 - INFO - Pipeline completed successfully!
2026-08-26 09:52:17,127 - INFO - >>> Starting Credit Risk Vehicle Loans Analysis Pipeline
2026-08-26 09:52:17,129 - INFO - ============================================================
2026-08-26 09:52:17,133 - INFO - >>> Step 1: Extracting data from sources...
2026-08-26 09:52:17,145 - ERROR - Pipeline failed: 'DataExtractor' object has no attribute 'extract_bacen_defaults_by_state_with_variation'
2026-08-26 09:52:17,150 - ERROR - Traceback (most recent call last):
  File "<ipython-input-1-2cea2ce6158f>", line 43, in main
    default_data = extractor.extract_bacen_defaults_by_state_with_variation()
                   ^^^^^^^^^^^^^^^^^^^^^^^^^^^^^^^^^^^^^^^^^^^^^^^^^^^^^^^^
AttributeError: 'DataExtractor' object has no attribute 'extract_bacen_defaults_by_state_with_variation'

2026-08-26 09:53:56,659 - INFO - >>> Starting Credit Risk Vehicle Loans Analysis Pipeline
2026-08-26 09:53:56,661 - INFO - ============================================================
2026-08-26 09:53:56,664 - INFO - >>> Step 1: Extracting data from sources...
2026-08-26 09:53:58,987 - INFO - Criados dados por estado para 27 estados
2026-08-26 09:53:58,989 - INFO - Extracted 810 records from BACEN
2026-08-26 09:53:59,006 - INFO - Salvo: c:\Users\user\Documents\Projects\credit-risk-vehicle-loans\data\raw\raw_vehicle_defaults_20260826_095358.csv
2026-08-26 09:53:59,010 - INFO - >>> Step 2: Storing data in SQLite...
2026-08-26 09:53:59,015 - INFO - Resetting database...
2026-08-26 09:53:59,022 - INFO - Connected to database: data\credit_risk.db
2026-08-26 09:53:59,184 - INFO - Default tables created successfully
2026-08-26 09:53:59,203 - INFO - Database reset completed
2026-08-26 09:53:59,211 - INFO - Connected to database: data\credit_risk.db
2026-08-26 09:53:59,223 - INFO - Connected to database: data\credit_risk.db
2026-08-26 09:53:59,311 - INFO - Inserted 810 rows into scr_monthly
2026-08-26 09:53:59,314 - INFO - >>> Step 3: Adding macroeconomic indicators...
2026-08-26 09:53:59,321 - INFO - Extraindo dados de renda da PNAD Contínua...
2026-08-26 09:53:59,324 - INFO -   Tentando período: 202501
2026-08-26 09:54:00,738 - ERROR - SIDRA API error: 400 - Parâmetro V (Variável) mal especificado
2026-08-26 09:54:00,741 - INFO -   Tentando período: 202504
2026-08-26 09:54:01,919 - ERROR - SIDRA API error: 400 - Parâmetro V (Variável) mal especificado
2026-08-26 09:54:01,923 - INFO -   Tentando período: 202503
2026-08-26 09:54:03,106 - ERROR - SIDRA API error: 400 - Parâmetro V (Variável) mal especificado
2026-08-26 09:54:03,110 - INFO -   Tentando período: 202502
2026-08-26 09:54:04,292 - ERROR - SIDRA API error: 400 - Parâmetro V (Variável) mal especificado
2026-08-26 09:54:04,294 - INFO -   Tentando período: 202404
2026-08-26 09:54:05,492 - ERROR - SIDRA API error: 400 - Parâmetro V (Variável) mal especificado
2026-08-26 09:54:05,494 - INFO -   Tentando período: 202403
2026-08-26 09:54:06,767 - ERROR - SIDRA API error: 400 - Parâmetro V (Variável) mal especificado
2026-08-26 09:54:06,771 - INFO -   Tentando período: 202402
2026-08-26 09:54:08,017 - ERROR - SIDRA API error: 400 - Parâmetro V (Variável) mal especificado
2026-08-26 09:54:08,020 - INFO -   Tentando período: 202401
2026-08-26 09:54:09,184 - ERROR - SIDRA API error: 400 - Parâmetro V (Variável) mal especificado
2026-08-26 09:54:09,188 - WARNING - Usando fallback para dados de renda
2026-08-26 09:54:09,200 - INFO - Connected to database: data\credit_risk.db
2026-08-26 09:54:09,206 - INFO - Connected to database: data\credit_risk.db
2026-08-26 09:54:09,324 - INFO - Inserted 27 rows into macro_indicators
2026-08-26 09:54:09,326 - INFO -    Added income data for 27 states
2026-08-26 09:54:09,328 - INFO - Extraindo dados de desemprego da PNAD Contínua...
2026-08-26 09:54:09,335 - INFO -   Tentando período: 202501
2026-08-26 09:54:10,536 - ERROR - SIDRA API error: 400 - Parâmetro P (Período) mal especificado
2026-08-26 09:54:11,306 - INFO -   Tentando período: 202504
2026-08-26 09:54:12,499 - ERROR - SIDRA API error: 400 - Parâmetro P (Período) mal especificado
2026-08-26 09:54:12,700 - INFO -   Tentando período: 202503
2026-08-26 09:54:13,852 - ERROR - SIDRA API error: 400 - Parâmetro P (Período) mal especificado
2026-08-26 09:54:13,934 - INFO -   Tentando período: 202502
2026-08-26 09:54:15,153 - ERROR - SIDRA API error: 400 - Parâmetro P (Período) mal especificado
2026-08-26 09:54:15,156 - INFO -   Tentando período: 202404
2026-08-26 09:54:16,314 - ERROR - SIDRA API error: 400 - Parâmetro P (Período) mal especificado
2026-08-26 09:54:16,317 - INFO -   Tentando período: 202403
2026-08-26 09:54:17,474 - ERROR - SIDRA API error: 400 - Parâmetro P (Período) mal especificado
2026-08-26 09:54:17,908 - INFO -   Tentando período: 202402
2026-08-26 09:54:19,068 - ERROR - SIDRA API error: 400 - Parâmetro P (Período) mal especificado
2026-08-26 09:54:19,070 - INFO -   Tentando período: 202401
2026-08-26 09:54:20,257 - ERROR - SIDRA API error: 400 - Parâmetro P (Período) mal especificado
2026-08-26 09:54:20,259 - WARNING - Usando fallback para dados de desemprego
2026-08-26 09:54:20,267 - INFO - Connected to database: data\credit_risk.db
2026-08-26 09:54:20,274 - INFO - Connected to database: data\credit_risk.db
2026-08-26 09:54:21,072 - INFO - Inserted 27 rows into macro_indicators
2026-08-26 09:54:21,074 - INFO -    Added unemployment data for 27 states
2026-08-26 09:54:21,079 - INFO - Criando proxy para aluguel (IPCA + IGPM)...
2026-08-26 09:54:21,084 - INFO - Extraindo IPCA do BACEN...
2026-08-26 09:54:23,140 - INFO - IPCA extraído: 30 registros
2026-08-26 09:54:23,142 - INFO - Extraindo IGPM...
2026-08-26 09:54:23,154 - ERROR - Pipeline failed: You are trying to merge on datetime64[us] and str columns for key 'month_date'. If you wish to proceed you should use pd.concat
2026-08-26 09:54:23,699 - ERROR - Traceback (most recent call last):
  File "<ipython-input-1-43ba6da8b36c>", line 74, in main
    rent_data = extractor.extract_rent_proxy()
  File "c:\Users\user\Documents\Projects\credit-risk-vehicle-loans\src\extraction.py", line 324, in extract_rent_proxy
    merged = pd.merge(
        ipca_df[['month_date', 'ipca_variation']],
    ...<2 lines>...
        how='outer'
    )
  File "c:\Users\user\Documents\Projects\credit-risk-vehicle-loans\venv\Lib\site-packages\pandas\core\reshape\merge.py", line 385, in merge
    op = _MergeOperation(
        left_df,
    ...<10 lines>...
        validate=validate,
    )
  File "c:\Users\user\Documents\Projects\credit-risk-vehicle-loans\venv\Lib\site-packages\pandas\core\reshape\merge.py", line 1031, in __init__
    self._maybe_coerce_merge_keys()
    ~~~~~~~~~~~~~~~~~~~~~~~~~~~~~^^
  File "c:\Users\user\Documents\Projects\credit-risk-vehicle-loans\venv\Lib\site-packages\pandas\core\reshape\merge.py", line 1839, in _maybe_coerce_merge_keys
    raise ValueError(msg)
ValueError: You are trying to merge on datetime64[us] and str columns for key 'month_date'. If you wish to proceed you should use pd.concat

2026-08-26 09:59:19,115 - INFO - >>> Starting Credit Risk Vehicle Loans Analysis Pipeline
2026-08-26 09:59:19,119 - INFO - ============================================================
2026-08-26 09:59:19,123 - INFO - >>> Step 1: Extracting data from sources...
2026-08-26 09:59:20,694 - INFO - Created state-level data for 27 states
2026-08-26 09:59:20,696 - INFO - Extracted 810 records from BACEN
2026-08-26 09:59:20,733 - INFO - Saved: c:\Users\user\Documents\Projects\credit-risk-vehicle-loans\data\raw\raw_vehicle_defaults_20260826_095920.csv
2026-08-26 09:59:20,762 - INFO - >>> Step 2: Storing data in SQLite...
2026-08-26 09:59:20,766 - INFO - Resetting database...
2026-08-26 09:59:20,779 - INFO - Connected to database: data\credit_risk.db
2026-08-26 09:59:20,893 - INFO - Database reset completed
2026-08-26 09:59:20,899 - INFO - Connected to database: data\credit_risk.db
2026-08-26 09:59:20,909 - INFO - Connected to database: data\credit_risk.db
2026-08-26 09:59:20,996 - INFO - Inserted 810 rows into scr_monthly
2026-08-26 09:59:20,998 - INFO - >>> Step 3: Adding macroeconomic indicators...
2026-08-26 09:59:21,006 - INFO - Extracting income data from PNAD Contínua...
2026-08-26 09:59:21,009 - INFO -   Trying period: 202501
2026-08-26 09:59:22,289 - ERROR - SIDRA API error: 400 - Parâmetro V (Variável) mal especificado
2026-08-26 09:59:22,293 - INFO -   Trying period: 202504
2026-08-26 09:59:23,474 - ERROR - SIDRA API error: 400 - Parâmetro V (Variável) mal especificado
2026-08-26 09:59:23,477 - INFO -   Trying period: 202503
2026-08-26 09:59:24,662 - ERROR - SIDRA API error: 400 - Parâmetro V (Variável) mal especificado
2026-08-26 09:59:24,665 - INFO -   Trying period: 202502
2026-08-26 09:59:25,857 - ERROR - SIDRA API error: 400 - Parâmetro V (Variável) mal especificado
2026-08-26 09:59:25,860 - INFO -   Trying period: 202404
2026-08-26 09:59:27,057 - ERROR - SIDRA API error: 400 - Parâmetro V (Variável) mal especificado
2026-08-26 09:59:27,060 - INFO -   Trying period: 202403
2026-08-26 09:59:28,186 - ERROR - SIDRA API error: 400 - Parâmetro V (Variável) mal especificado
2026-08-26 09:59:28,188 - INFO -   Trying period: 202402
2026-08-26 09:59:29,319 - ERROR - SIDRA API error: 400 - Parâmetro V (Variável) mal especificado
2026-08-26 09:59:29,322 - INFO -   Trying period: 202401
2026-08-26 09:59:30,472 - ERROR - SIDRA API error: 400 - Parâmetro V (Variável) mal especificado
2026-08-26 09:59:30,475 - WARNING - Using fallback for income data
2026-08-26 09:59:30,481 - INFO - Connected to database: data\credit_risk.db
2026-08-26 09:59:30,487 - INFO - Connected to database: data\credit_risk.db
2026-08-26 09:59:30,541 - INFO - Inserted 27 rows into macro_indicators
2026-08-26 09:59:30,543 - INFO -    Added income data for 27 states
2026-08-26 09:59:30,545 - INFO - Extracting unemployment data from PNAD Contínua...
2026-08-26 09:59:30,546 - INFO -   Trying period: 202501
2026-08-26 09:59:31,701 - ERROR - SIDRA API error: 400 - Parâmetro P (Período) mal especificado
2026-08-26 09:59:31,704 - INFO -   Trying period: 202504
2026-08-26 09:59:32,902 - ERROR - SIDRA API error: 400 - Parâmetro P (Período) mal especificado
2026-08-26 09:59:32,904 - INFO -   Trying period: 202503
2026-08-26 09:59:34,050 - ERROR - SIDRA API error: 400 - Parâmetro P (Período) mal especificado
2026-08-26 09:59:34,054 - INFO -   Trying period: 202502
2026-08-26 09:59:35,198 - ERROR - SIDRA API error: 400 - Parâmetro P (Período) mal especificado
2026-08-26 09:59:35,201 - INFO -   Trying period: 202404
2026-08-26 09:59:36,386 - ERROR - SIDRA API error: 400 - Parâmetro P (Período) mal especificado
2026-08-26 09:59:36,388 - INFO -   Trying period: 202403
2026-08-26 09:59:37,535 - ERROR - SIDRA API error: 400 - Parâmetro P (Período) mal especificado
2026-08-26 09:59:37,538 - INFO -   Trying period: 202402
2026-08-26 09:59:38,723 - ERROR - SIDRA API error: 400 - Parâmetro P (Período) mal especificado
2026-08-26 09:59:38,725 - INFO -   Trying period: 202401
2026-08-26 09:59:39,872 - ERROR - SIDRA API error: 400 - Parâmetro P (Período) mal especificado
2026-08-26 09:59:39,875 - WARNING - Using fallback for unemployment data
2026-08-26 09:59:39,881 - INFO - Connected to database: data\credit_risk.db
2026-08-26 09:59:39,887 - INFO - Connected to database: data\credit_risk.db
2026-08-26 09:59:39,920 - INFO - Inserted 27 rows into macro_indicators
2026-08-26 09:59:39,923 - INFO -    Added unemployment data for 27 states
2026-08-26 09:59:39,925 - INFO - Creating rent proxy (IPCA + IGPM)...
2026-08-26 09:59:39,930 - INFO - Extracting IPCA from BACEN...
2026-08-26 09:59:41,208 - INFO - IPCA extracted: 30 records
2026-08-26 09:59:41,210 - INFO - Extracting IGPM...
2026-08-26 09:59:41,214 - INFO - IGPM generated for 27 states
2026-08-26 09:59:41,251 - INFO - Rent proxy created: 56 records
2026-08-26 09:59:41,261 - INFO - Connected to database: data\credit_risk.db
2026-08-26 09:59:41,269 - INFO - Connected to database: data\credit_risk.db
2026-08-26 09:59:41,309 - INFO - Inserted 56 rows into macro_indicators
2026-08-26 09:59:41,312 - INFO -    Added rent proxy for 56 records
2026-08-26 09:59:41,316 - INFO - Extracting IGPM...
2026-08-26 09:59:41,321 - INFO - IGPM generated for 27 states
2026-08-26 09:59:41,327 - INFO - Connected to database: data\credit_risk.db
2026-08-26 09:59:41,334 - INFO - Connected to database: data\credit_risk.db
2026-08-26 09:59:41,372 - INFO - Inserted 27 rows into macro_indicators
2026-08-26 09:59:41,374 - INFO -    Added IGPM data for 27 states
2026-08-26 09:59:41,376 - INFO - >>> Step 4: Running statistical analysis...
2026-08-26 09:59:41,382 - INFO - Connected to database: data\credit_risk.db
2026-08-26 09:59:41,385 - INFO - Connected to database: data\credit_risk.db
2026-08-26 09:59:41,388 - INFO - Running full analysis...
2026-08-26 09:59:41,392 - INFO - Connected to database: data\credit_risk.db
2026-08-26 09:59:41,631 - INFO - Calculated medians for 27 states
2026-08-26 09:59:41,636 - INFO - Connected to database: data\credit_risk.db
2026-08-26 09:59:41,639 - INFO - Available columns: ['state_code', 'median_income', 'gini_index', 'quarter', 'month_date']
2026-08-26 09:59:41,642 - INFO - Connected to database: data\credit_risk.db
2026-08-26 09:59:41,761 - INFO - Connected to database: data\credit_risk.db
2026-08-26 09:59:41,792 - INFO - Connected to database: data\credit_risk.db
2026-08-26 09:59:41,795 - WARNING - affordability_index not available
2026-08-26 09:59:41,800 - INFO - Connected to database: data\credit_risk.db
2026-08-26 09:59:41,924 - INFO - Connected to database: data\credit_risk.db
2026-08-26 09:59:42,055 - INFO - Analysis completed!
2026-08-26 09:59:42,060 - INFO - >>> Step 5: Exporting results...
2026-08-26 09:59:42,093 - INFO - Exported: state_medians.csv
2026-08-26 09:59:42,101 - INFO - Exported: correlations.csv
2026-08-26 09:59:42,109 - INFO - Exported: monthly_rankings.csv
2026-08-26 09:59:42,126 - INFO - Exported: trend_analysis.csv
2026-08-26 09:59:42,142 - INFO - Exported: outliers.csv
2026-08-26 09:59:42,145 - INFO - 
============================================================
2026-08-26 09:59:42,154 - INFO - ANALYSIS SUMMARY
2026-08-26 09:59:42,157 - INFO - ============================================================
2026-08-26 09:59:42,160 - INFO - 
Database Statistics:
2026-08-26 09:59:42,169 - INFO - Connected to database: data\credit_risk.db
2026-08-26 09:59:42,173 - INFO -    SCR records: 810
2026-08-26 09:59:42,180 - INFO - Connected to database: data\credit_risk.db
2026-08-26 09:59:42,188 - INFO -    Macro records: 137
2026-08-26 09:59:42,191 - INFO - 
Top 5 States - Highest Median Default Rates:
2026-08-26 09:59:42,195 - INFO -    PB: 6.50%
2026-08-26 09:59:42,200 - INFO -    MA: 6.38%
2026-08-26 09:59:42,204 - INFO -    AL: 6.30%
2026-08-26 09:59:42,208 - INFO -    PE: 6.25%
2026-08-26 09:59:42,212 - INFO -    PI: 6.11%
2026-08-26 09:59:42,221 - INFO - 
Key Correlations with Default Rate:
2026-08-26 09:59:42,224 - INFO -    Median Income: -0.581 (Moderate)
2026-08-26 09:59:42,228 - INFO -    Gini Index: 0.601 (Moderate)
2026-08-26 09:59:42,233 - INFO - 
============================================================
2026-08-26 09:59:42,239 - INFO - Pipeline completed successfully!
2026-08-26 10:07:26,649 - INFO - >>> Starting Credit Risk Vehicle Loans Analysis Pipeline
2026-08-26 10:07:26,651 - INFO - ============================================================
2026-08-26 10:07:26,653 - INFO - >>> Step 1: Extracting data from sources...
2026-08-26 10:07:29,014 - INFO - Created state-level data for 27 states
2026-08-26 10:07:29,018 - INFO - Extracted 810 records from BACEN
2026-08-26 10:07:29,125 - INFO - Saved: c:\Users\user\Documents\Projects\credit-risk-vehicle-loans\data\raw\raw_vehicle_defaults_20260826_100729.csv
2026-08-26 10:07:29,138 - INFO - >>> Step 2: Storing data in SQLite...
2026-08-26 10:07:29,143 - INFO - Resetting database...
2026-08-26 10:07:29,158 - INFO - Connected to database: data\credit_risk.db
2026-08-26 10:07:29,356 - INFO - Database reset completed
2026-08-26 10:07:29,379 - INFO - Connected to database: data\credit_risk.db
2026-08-26 10:07:29,399 - INFO - Connected to database: data\credit_risk.db
2026-08-26 10:07:29,540 - INFO - Inserted 810 rows into scr_monthly
2026-08-26 10:07:29,543 - INFO - >>> Step 3: Adding macroeconomic indicators...
2026-08-26 10:07:29,553 - INFO - Extracting income data from PNAD Contínua...
2026-08-26 10:07:29,556 - INFO -   Trying period: 202501
2026-08-26 10:07:30,818 - ERROR - SIDRA API error: 400 - Parâmetro V (Variável) mal especificado
2026-08-26 10:07:30,823 - INFO -   Trying period: 202504
2026-08-26 10:07:32,022 - ERROR - SIDRA API error: 400 - Parâmetro V (Variável) mal especificado
2026-08-26 10:07:32,026 - INFO -   Trying period: 202503
2026-08-26 10:07:33,190 - ERROR - SIDRA API error: 400 - Parâmetro V (Variável) mal especificado
2026-08-26 10:07:33,193 - INFO -   Trying period: 202502
2026-08-26 10:07:34,360 - ERROR - SIDRA API error: 400 - Parâmetro V (Variável) mal especificado
2026-08-26 10:07:34,366 - INFO -   Trying period: 202404
2026-08-26 10:07:35,583 - ERROR - SIDRA API error: 400 - Parâmetro V (Variável) mal especificado
2026-08-26 10:07:35,587 - INFO -   Trying period: 202403
2026-08-26 10:07:36,733 - ERROR - SIDRA API error: 400 - Parâmetro V (Variável) mal especificado
2026-08-26 10:07:36,736 - INFO -   Trying period: 202402
2026-08-26 10:07:37,944 - ERROR - SIDRA API error: 400 - Parâmetro V (Variável) mal especificado
2026-08-26 10:07:37,948 - INFO -   Trying period: 202401
2026-08-26 10:07:39,119 - ERROR - SIDRA API error: 400 - Parâmetro V (Variável) mal especificado
2026-08-26 10:07:39,122 - WARNING - Using fallback for income data
2026-08-26 10:07:39,134 - INFO - Connected to database: data\credit_risk.db
2026-08-26 10:07:39,142 - INFO - Connected to database: data\credit_risk.db
2026-08-26 10:07:39,219 - INFO - Inserted 27 rows into macro_indicators
2026-08-26 10:07:39,224 - INFO -    Added income data for 27 states
2026-08-26 10:07:39,231 - INFO - Extracting unemployment data from PNAD Contínua...
2026-08-26 10:07:39,236 - INFO -   Trying period: 202501
2026-08-26 10:07:40,421 - ERROR - SIDRA API error: 400 - Parâmetro P (Período) mal especificado
2026-08-26 10:07:40,423 - INFO -   Trying period: 202504
2026-08-26 10:07:41,574 - ERROR - SIDRA API error: 400 - Parâmetro P (Período) mal especificado
2026-08-26 10:07:41,578 - INFO -   Trying period: 202503
2026-08-26 10:07:42,744 - ERROR - SIDRA API error: 400 - Parâmetro P (Período) mal especificado
2026-08-26 10:07:42,747 - INFO -   Trying period: 202502
2026-08-26 10:07:43,876 - ERROR - SIDRA API error: 400 - Parâmetro P (Período) mal especificado
2026-08-26 10:07:43,879 - INFO -   Trying period: 202404
2026-08-26 10:07:45,049 - ERROR - SIDRA API error: 400 - Parâmetro P (Período) mal especificado
2026-08-26 10:07:45,051 - INFO -   Trying period: 202403
2026-08-26 10:07:46,176 - ERROR - SIDRA API error: 400 - Parâmetro P (Período) mal especificado
2026-08-26 10:07:46,181 - INFO -   Trying period: 202402
2026-08-26 10:07:47,320 - ERROR - SIDRA API error: 400 - Parâmetro P (Período) mal especificado
2026-08-26 10:07:47,322 - INFO -   Trying period: 202401
2026-08-26 10:07:48,485 - ERROR - SIDRA API error: 400 - Parâmetro P (Período) mal especificado
2026-08-26 10:07:49,030 - WARNING - Using fallback for unemployment data
2026-08-26 10:07:49,043 - INFO - Connected to database: data\credit_risk.db
2026-08-26 10:07:49,053 - INFO - Connected to database: data\credit_risk.db
2026-08-26 10:07:49,174 - INFO - Inserted 27 rows into macro_indicators
2026-08-26 10:07:49,177 - INFO -    Added unemployment data for 27 states
2026-08-26 10:07:49,182 - INFO - Extracting IPCA from BACEN...
2026-08-26 10:07:50,578 - INFO - IPCA extracted: 30 records
2026-08-26 10:07:50,586 - INFO - Connected to database: data\credit_risk.db
2026-08-26 10:07:50,592 - INFO - Connected to database: data\credit_risk.db
2026-08-26 10:07:50,906 - INFO - Inserted 30 rows into macro_indicators
2026-08-26 10:07:50,914 - INFO -    Added IPCA data for 30 records
2026-08-26 10:07:50,921 - INFO - Extracting IGPM...
2026-08-26 10:07:50,926 - INFO - IGPM generated for 27 states
2026-08-26 10:07:50,932 - INFO - Connected to database: data\credit_risk.db
2026-08-26 10:07:50,948 - INFO - Connected to database: data\credit_risk.db
2026-08-26 10:07:50,979 - INFO - Inserted 27 rows into macro_indicators
2026-08-26 10:07:50,982 - INFO -    Added IGPM data for 27 states
2026-08-26 10:07:50,986 - INFO - Creating rent proxy (IPCA and IGPM as separate variables)...
2026-08-26 10:07:50,992 - INFO - Extracting IPCA from BACEN...
2026-08-26 10:07:50,998 - INFO - IPCA extracted: 30 records
2026-08-26 10:07:51,003 - INFO - Extracting IGPM...
2026-08-26 10:07:51,011 - INFO - IGPM generated for 27 states
2026-08-26 10:07:51,037 - INFO - Rent proxy created: 56 records (IPCA + IGPM as separate variables)
2026-08-26 10:07:51,050 - INFO - Connected to database: data\credit_risk.db
2026-08-26 10:07:51,060 - INFO - Connected to database: data\credit_risk.db
2026-08-26 10:07:51,746 - INFO - Inserted 56 rows into macro_indicators
2026-08-26 10:07:51,755 - INFO -    Added rent proxy for 56 records
2026-08-26 10:07:51,758 - INFO - >>> Step 4: Running statistical analysis...
2026-08-26 10:07:51,765 - INFO - Connected to database: data\credit_risk.db
2026-08-26 10:07:51,770 - INFO - Connected to database: data\credit_risk.db
2026-08-26 10:07:51,782 - INFO - Running full analysis...
2026-08-26 10:07:51,794 - INFO - Connected to database: data\credit_risk.db
2026-08-26 10:07:52,171 - INFO - Calculated medians for 27 states
2026-08-26 10:07:52,175 - INFO - Connected to database: data\credit_risk.db
2026-08-26 10:07:52,186 - INFO - Available columns: ['state_code', 'median_income', 'gini_index', 'quarter', 'month_date']
2026-08-26 10:07:52,189 - INFO - Connected to database: data\credit_risk.db
2026-08-26 10:07:52,284 - INFO - Connected to database: data\credit_risk.db
2026-08-26 10:07:52,300 - INFO - Connected to database: data\credit_risk.db
2026-08-26 10:07:52,304 - WARNING - affordability_index not available
2026-08-26 10:07:52,514 - INFO - Connected to database: data\credit_risk.db
2026-08-26 10:07:52,616 - INFO - Connected to database: data\credit_risk.db
2026-08-26 10:07:52,805 - INFO - Analysis completed!
2026-08-26 10:07:52,807 - INFO - >>> Step 5: Exporting results...
2026-08-26 10:07:52,822 - INFO - Exported: state_medians.csv
2026-08-26 10:07:52,836 - INFO - Exported: correlations.csv
2026-08-26 10:07:52,851 - INFO - Exported: monthly_rankings.csv
2026-08-26 10:07:52,863 - INFO - Exported: trend_analysis.csv
2026-08-26 10:07:52,881 - INFO - Exported: outliers.csv
2026-08-26 10:07:52,884 - INFO - 
============================================================
2026-08-26 10:07:52,886 - INFO - ANALYSIS SUMMARY
2026-08-26 10:07:52,888 - INFO - ============================================================
2026-08-26 10:07:52,896 - INFO - 
Database Statistics:
2026-08-26 10:07:52,902 - INFO - Connected to database: data\credit_risk.db
2026-08-26 10:07:52,906 - INFO -    SCR records: 810
2026-08-26 10:07:52,911 - INFO - Connected to database: data\credit_risk.db
2026-08-26 10:07:52,920 - INFO -    Macro records: 167
2026-08-26 10:07:52,926 - INFO - 
Top 5 States - Highest Median Default Rates:
2026-08-26 10:07:52,934 - INFO -    PB: 6.50%
2026-08-26 10:07:52,938 - INFO -    MA: 6.38%
2026-08-26 10:07:52,947 - INFO -    AL: 6.30%
2026-08-26 10:07:52,952 - INFO -    PE: 6.25%
2026-08-26 10:07:52,956 - INFO -    PI: 6.11%
2026-08-26 10:07:52,965 - INFO - 
Key Correlations with Default Rate:
2026-08-26 10:07:52,969 - INFO -    Median Income: -0.581 (Moderate)
2026-08-26 10:07:52,973 - INFO -    Gini Index: 0.601 (Moderate)
2026-08-26 10:07:52,979 - INFO - 
============================================================
2026-08-26 10:07:52,983 - INFO - Pipeline completed successfully!
2026-08-26 10:13:39,432 - INFO - >>> Starting Credit Risk Vehicle Loans Analysis Pipeline
2026-08-26 10:13:39,434 - INFO - ============================================================
2026-08-26 10:13:39,437 - INFO - >>> Step 1: Extracting data from sources...
2026-08-26 10:13:40,881 - INFO - Created state-level data for 27 states
2026-08-26 10:13:40,882 - INFO - Extracted 810 records from BACEN
2026-08-26 10:13:40,899 - INFO - Saved: c:\Users\user\Documents\Projects\credit-risk-vehicle-loans\data\raw\raw_vehicle_defaults_20260826_101340.csv
2026-08-26 10:13:40,900 - INFO - >>> Step 2: Storing data in SQLite...
2026-08-26 10:13:40,904 - INFO - Resetting database...
2026-08-26 10:13:40,912 - INFO - Connected to database: data\credit_risk.db
2026-08-26 10:13:40,996 - INFO - Default tables created successfully
2026-08-26 10:13:41,048 - INFO - Database reset completed
2026-08-26 10:13:41,056 - INFO - Connected to database: data\credit_risk.db
2026-08-26 10:13:41,065 - INFO - Connected to database: data\credit_risk.db
2026-08-26 10:13:41,143 - INFO - Inserted 810 rows into scr_monthly
2026-08-26 10:13:41,145 - INFO - >>> Step 3: Adding macroeconomic indicators...
2026-08-26 10:13:41,148 - INFO - Extracting income data from PNAD Contínua...
2026-08-26 10:13:41,151 - INFO -   Trying period: 202501
2026-08-26 10:13:42,377 - ERROR - SIDRA API error: 400 - Parâmetro V (Variável) mal especificado
2026-08-26 10:13:42,381 - INFO -   Trying period: 202504
2026-08-26 10:13:43,549 - ERROR - SIDRA API error: 400 - Parâmetro V (Variável) mal especificado
2026-08-26 10:13:43,551 - INFO -   Trying period: 202503
2026-08-26 10:13:44,710 - ERROR - SIDRA API error: 400 - Parâmetro V (Variável) mal especificado
2026-08-26 10:13:44,712 - INFO -   Trying period: 202502
2026-08-26 10:13:45,861 - ERROR - SIDRA API error: 400 - Parâmetro V (Variável) mal especificado
2026-08-26 10:13:45,863 - INFO -   Trying period: 202404
2026-08-26 10:13:47,040 - ERROR - SIDRA API error: 400 - Parâmetro V (Variável) mal especificado
2026-08-26 10:13:47,044 - INFO -   Trying period: 202403
2026-08-26 10:13:48,212 - ERROR - SIDRA API error: 400 - Parâmetro V (Variável) mal especificado
2026-08-26 10:13:48,214 - INFO -   Trying period: 202402
2026-08-26 10:13:49,384 - ERROR - SIDRA API error: 400 - Parâmetro V (Variável) mal especificado
2026-08-26 10:13:49,387 - INFO -   Trying period: 202401
2026-08-26 10:13:50,529 - ERROR - SIDRA API error: 400 - Parâmetro V (Variável) mal especificado
2026-08-26 10:13:50,532 - WARNING - Using fallback for income data
2026-08-26 10:13:50,539 - INFO - Connected to database: data\credit_risk.db
2026-08-26 10:13:50,545 - INFO - Connected to database: data\credit_risk.db
2026-08-26 10:13:50,597 - INFO - Inserted 27 rows into macro_indicators
2026-08-26 10:13:50,599 - INFO -    Added income data for 27 states
2026-08-26 10:13:50,601 - INFO - Extracting unemployment data from PNAD Contínua...
2026-08-26 10:13:50,603 - INFO -   Trying period: 202501
2026-08-26 10:13:51,772 - ERROR - SIDRA API error: 400 - Parâmetro P (Período) mal especificado
2026-08-26 10:13:51,776 - INFO -   Trying period: 202504
2026-08-26 10:13:52,959 - ERROR - SIDRA API error: 400 - Parâmetro P (Período) mal especificado
2026-08-26 10:13:52,961 - INFO -   Trying period: 202503
2026-08-26 10:13:54,112 - ERROR - SIDRA API error: 400 - Parâmetro P (Período) mal especificado
2026-08-26 10:13:54,114 - INFO -   Trying period: 202502
2026-08-26 10:13:55,267 - ERROR - SIDRA API error: 400 - Parâmetro P (Período) mal especificado
2026-08-26 10:13:55,270 - INFO -   Trying period: 202404
2026-08-26 10:13:56,416 - ERROR - SIDRA API error: 400 - Parâmetro P (Período) mal especificado
2026-08-26 10:13:56,418 - INFO -   Trying period: 202403
2026-08-26 10:13:57,549 - ERROR - SIDRA API error: 400 - Parâmetro P (Período) mal especificado
2026-08-26 10:13:57,552 - INFO -   Trying period: 202402
2026-08-26 10:13:58,712 - ERROR - SIDRA API error: 400 - Parâmetro P (Período) mal especificado
2026-08-26 10:13:58,714 - INFO -   Trying period: 202401
2026-08-26 10:13:59,877 - ERROR - SIDRA API error: 400 - Parâmetro P (Período) mal especificado
2026-08-26 10:13:59,881 - WARNING - Using fallback for unemployment data
2026-08-26 10:13:59,888 - INFO - Connected to database: data\credit_risk.db
2026-08-26 10:13:59,895 - INFO - Connected to database: data\credit_risk.db
2026-08-26 10:13:59,916 - INFO - Inserted 27 rows into macro_indicators
2026-08-26 10:13:59,919 - INFO -    Added unemployment data for 27 states
2026-08-26 10:13:59,922 - INFO - Extracting IPCA from BACEN...
2026-08-26 10:14:01,294 - INFO - IPCA extracted: 30 records
2026-08-26 10:14:01,300 - INFO - Connected to database: data\credit_risk.db
2026-08-26 10:14:01,306 - INFO - Connected to database: data\credit_risk.db
2026-08-26 10:14:01,327 - INFO - Inserted 30 rows into macro_indicators
2026-08-26 10:14:01,331 - INFO -    Added IPCA data for 30 records
2026-08-26 10:14:01,334 - INFO - Extracting IGPM...
2026-08-26 10:14:01,339 - INFO - IGPM generated for 27 states
2026-08-26 10:14:01,347 - INFO - Connected to database: data\credit_risk.db
2026-08-26 10:14:01,356 - INFO - Connected to database: data\credit_risk.db
2026-08-26 10:14:01,376 - INFO - Inserted 27 rows into macro_indicators
2026-08-26 10:14:01,379 - INFO -    Added IGPM data for 27 states
2026-08-26 10:14:01,382 - INFO - Creating rent proxy (IPCA and IGPM as separate variables)...
2026-08-26 10:14:01,385 - INFO - Extracting IPCA from BACEN...
2026-08-26 10:14:01,389 - INFO - IPCA extracted: 30 records
2026-08-26 10:14:01,393 - INFO - Extracting IGPM...
2026-08-26 10:14:01,397 - INFO - IGPM generated for 27 states
2026-08-26 10:14:01,408 - INFO - Rent proxy created: 56 records (IPCA + IGPM as separate variables)
2026-08-26 10:14:01,413 - INFO - Connected to database: data\credit_risk.db
2026-08-26 10:14:01,419 - INFO - Connected to database: data\credit_risk.db
2026-08-26 10:14:01,439 - INFO - Inserted 56 rows into macro_indicators
2026-08-26 10:14:01,443 - INFO -    Added rent proxy for 56 records
2026-08-26 10:14:01,444 - INFO - >>> Step 4: Running statistical analysis...
2026-08-26 10:14:01,447 - INFO - Checking data availability...
2026-08-26 10:14:01,451 - INFO - Connected to database: data\credit_risk.db
2026-08-26 10:14:01,457 - INFO - Connected to database: data\credit_risk.db
2026-08-26 10:14:01,462 - INFO -    SCR records: 810
2026-08-26 10:14:01,465 - INFO -    Macro records: 167
2026-08-26 10:14:01,468 - INFO - Connected to database: data\credit_risk.db
2026-08-26 10:14:01,472 - INFO -    Macro columns: ['state_code', 'median_income', 'gini_index', 'quarter', 'month_date']
2026-08-26 10:14:01,475 - INFO - Running full analysis...
2026-08-26 10:14:01,478 - INFO - Connected to database: data\credit_risk.db
2026-08-26 10:14:01,571 - INFO - Calculated medians for 27 states
2026-08-26 10:14:01,574 - INFO - Connected to database: data\credit_risk.db
2026-08-26 10:14:01,577 - INFO - Available columns in macro_indicators: ['state_code', 'median_income', 'gini_index', 'quarter', 'month_date']
2026-08-26 10:14:01,579 - INFO - Connected to database: data\credit_risk.db
2026-08-26 10:14:01,612 - INFO - Connected to database: data\credit_risk.db
2026-08-26 10:14:01,615 - ERROR - Query execution failed: Execution failed on sql '
        SELECT state_code, month_date, 
               median_income, gini_index, unemployment_rate,
               ipca_variation, igpm_variation
        FROM macro_indicators
        ': no such column: unemployment_rate
2026-08-26 10:14:01,617 - ERROR - Query: 
        SELECT state_code, month_date, 
               median_income, gini_index, unemployment_rate,
               ipca_variation, igpm_variation
        FROM macro_indicators
        
2026-08-26 10:14:01,621 - INFO - Available columns in macro_indicators: ['state_code', 'median_income', 'gini_index', 'quarter', 'month_date']
2026-08-26 10:14:01,623 - ERROR - Pipeline failed: Execution failed on sql '
        SELECT state_code, month_date, 
               median_income, gini_index, unemployment_rate,
               ipca_variation, igpm_variation
        FROM macro_indicators
        ': no such column: unemployment_rate
2026-08-26 10:14:01,755 - ERROR - Traceback (most recent call last):
  File "c:\Users\user\Documents\Projects\credit-risk-vehicle-loans\venv\Lib\site-packages\pandas\io\sql.py", line 2745, in execute
    cur.execute(sql, *args)
    ~~~~~~~~~~~^^^^^^^^^^^^
sqlite3.OperationalError: no such column: unemployment_rate

The above exception was the direct cause of the following exception:

Traceback (most recent call last):
  File "<ipython-input-1-d1e9af15925c>", line 119, in main
    results = analyzer.run_full_analysis()
  File "c:\Users\user\Documents\Projects\credit-risk-vehicle-loans\src\analysis.py", line 22, in run_full_analysis
    results['correlations'] = self.compute_correlation_matrix()
                              ~~~~~~~~~~~~~~~~~~~~~~~~~~~~~~~^^
  File "c:\Users\user\Documents\Projects\credit-risk-vehicle-loans\src\analysis.py", line 85, in compute_correlation_matrix
    macro_df = self.db.query_to_dataframe(macro_query)
  File "c:\Users\user\Documents\Projects\credit-risk-vehicle-loans\src\database.py", line 204, in query_to_dataframe
    df = pd.read_sql_query(query, self.connection, params=params)
  File "c:\Users\user\Documents\Projects\credit-risk-vehicle-loans\venv\Lib\site-packages\pandas\io\sql.py", line 497, in read_sql_query
    return pandas_sql.read_query(
           ~~~~~~~~~~~~~~~~~~~~~^
        sql,
        ^^^^
    ...<6 lines>...
        dtype_backend=dtype_backend,
        ^^^^^^^^^^^^^^^^^^^^^^^^^^^^
    )
    ^
  File "c:\Users\user\Documents\Projects\credit-risk-vehicle-loans\venv\Lib\site-packages\pandas\io\sql.py", line 2809, in read_query
    cursor = self.execute(sql, params)
  File "c:\Users\user\Documents\Projects\credit-risk-vehicle-loans\venv\Lib\site-packages\pandas\io\sql.py", line 2757, in execute
    raise ex from exc
pandas.errors.DatabaseError: Execution failed on sql '
        SELECT state_code, month_date, 
               median_income, gini_index, unemployment_rate,
               ipca_variation, igpm_variation
        FROM macro_indicators
        ': no such column: unemployment_rate

2026-08-26 10:16:46,897 - INFO - >>> Starting Credit Risk Vehicle Loans Analysis Pipeline
2026-08-26 10:16:46,899 - INFO - ============================================================
2026-08-26 10:16:46,902 - INFO - >>> Step 1: Extracting data from sources...
2026-08-26 10:16:48,049 - INFO - Created state-level data for 27 states
2026-08-26 10:16:48,051 - INFO - Extracted 810 records from BACEN
2026-08-26 10:16:48,066 - INFO - Saved: c:\Users\user\Documents\Projects\credit-risk-vehicle-loans\data\raw\raw_vehicle_defaults_20260826_101648.csv
2026-08-26 10:16:48,069 - INFO - >>> Step 2: Storing data in SQLite...
2026-08-26 10:16:48,074 - INFO - Resetting database...
2026-08-26 10:16:48,081 - INFO - Connected to database: data\credit_risk.db
2026-08-26 10:16:48,158 - INFO - Default tables created successfully
2026-08-26 10:16:48,175 - INFO - Database reset completed
2026-08-26 10:16:48,185 - INFO - Connected to database: data\credit_risk.db
2026-08-26 10:16:48,191 - INFO - Connected to database: data\credit_risk.db
2026-08-26 10:16:48,296 - INFO - Inserted 810 rows into scr_monthly
2026-08-26 10:16:48,298 - INFO - >>> Step 3: Adding macroeconomic indicators...
2026-08-26 10:16:48,300 - INFO - Extracting income data from PNAD Contínua...
2026-08-26 10:16:48,301 - INFO -   Trying period: 202501
2026-08-26 10:16:49,538 - ERROR - SIDRA API error: 400 - Parâmetro V (Variável) mal especificado
2026-08-26 10:16:49,542 - INFO -   Trying period: 202504
2026-08-26 10:16:50,718 - ERROR - SIDRA API error: 400 - Parâmetro V (Variável) mal especificado
2026-08-26 10:16:50,722 - INFO -   Trying period: 202503
2026-08-26 10:16:51,974 - ERROR - SIDRA API error: 400 - Parâmetro V (Variável) mal especificado
2026-08-26 10:16:51,980 - INFO -   Trying period: 202502
2026-08-26 10:16:53,136 - ERROR - SIDRA API error: 400 - Parâmetro V (Variável) mal especificado
2026-08-26 10:16:53,139 - INFO -   Trying period: 202404
2026-08-26 10:16:54,349 - ERROR - SIDRA API error: 400 - Parâmetro V (Variável) mal especificado
2026-08-26 10:16:54,353 - INFO -   Trying period: 202403
2026-08-26 10:16:55,610 - ERROR - SIDRA API error: 400 - Parâmetro V (Variável) mal especificado
2026-08-26 10:16:55,613 - INFO -   Trying period: 202402
2026-08-26 10:16:56,788 - ERROR - SIDRA API error: 400 - Parâmetro V (Variável) mal especificado
2026-08-26 10:16:56,791 - INFO -   Trying period: 202401
2026-08-26 10:16:57,961 - ERROR - SIDRA API error: 400 - Parâmetro V (Variável) mal especificado
2026-08-26 10:16:57,964 - WARNING - Using fallback for income data
2026-08-26 10:16:57,972 - INFO - Connected to database: data\credit_risk.db
2026-08-26 10:16:57,978 - INFO - Connected to database: data\credit_risk.db
2026-08-26 10:16:58,033 - INFO - Inserted 27 rows into macro_indicators
2026-08-26 10:16:58,035 - INFO -    Added income data for 27 states
2026-08-26 10:16:58,037 - INFO - Extracting unemployment data from PNAD Contínua...
2026-08-26 10:16:58,040 - INFO -   Trying period: 202501
2026-08-26 10:16:59,246 - ERROR - SIDRA API error: 400 - Parâmetro P (Período) mal especificado
2026-08-26 10:16:59,251 - INFO -   Trying period: 202504
2026-08-26 10:17:00,418 - ERROR - SIDRA API error: 400 - Parâmetro P (Período) mal especificado
2026-08-26 10:17:00,421 - INFO -   Trying period: 202503
2026-08-26 10:17:01,597 - ERROR - SIDRA API error: 400 - Parâmetro P (Período) mal especificado
2026-08-26 10:17:01,599 - INFO -   Trying period: 202502
2026-08-26 10:17:02,786 - ERROR - SIDRA API error: 400 - Parâmetro P (Período) mal especificado
2026-08-26 10:17:02,788 - INFO -   Trying period: 202404
2026-08-26 10:17:03,979 - ERROR - SIDRA API error: 400 - Parâmetro P (Período) mal especificado
2026-08-26 10:17:03,982 - INFO -   Trying period: 202403
2026-08-26 10:17:05,170 - ERROR - SIDRA API error: 400 - Parâmetro P (Período) mal especificado
2026-08-26 10:17:05,173 - INFO -   Trying period: 202402
2026-08-26 10:17:06,329 - ERROR - SIDRA API error: 400 - Parâmetro P (Período) mal especificado
2026-08-26 10:17:06,332 - INFO -   Trying period: 202401
2026-08-26 10:17:07,498 - ERROR - SIDRA API error: 400 - Parâmetro P (Período) mal especificado
2026-08-26 10:17:07,501 - WARNING - Using fallback for unemployment data
2026-08-26 10:17:07,509 - INFO - Connected to database: data\credit_risk.db
2026-08-26 10:17:07,514 - INFO - Connected to database: data\credit_risk.db
2026-08-26 10:17:07,548 - INFO - Inserted 27 rows into macro_indicators
2026-08-26 10:17:07,551 - INFO -    Added unemployment data for 27 states
2026-08-26 10:17:07,553 - INFO - Extracting IPCA from BACEN...
2026-08-26 10:17:08,670 - INFO - IPCA extracted: 30 records
2026-08-26 10:17:08,678 - INFO - Connected to database: data\credit_risk.db
2026-08-26 10:17:08,684 - INFO - Connected to database: data\credit_risk.db
2026-08-26 10:17:08,703 - INFO - Inserted 30 rows into macro_indicators
2026-08-26 10:17:08,707 - INFO -    Added IPCA data for 30 records
2026-08-26 10:17:08,709 - INFO - Extracting IGPM...
2026-08-26 10:17:08,713 - INFO - IGPM generated for 27 states
2026-08-26 10:17:08,724 - INFO - Connected to database: data\credit_risk.db
2026-08-26 10:17:08,731 - INFO - Connected to database: data\credit_risk.db
2026-08-26 10:17:08,751 - INFO - Inserted 27 rows into macro_indicators
2026-08-26 10:17:08,755 - INFO -    Added IGPM data for 27 states
2026-08-26 10:17:08,758 - INFO - Creating rent proxy (IPCA and IGPM as separate variables)...
2026-08-26 10:17:08,761 - INFO - Extracting IPCA from BACEN...
2026-08-26 10:17:08,765 - INFO - IPCA extracted: 30 records
2026-08-26 10:17:08,769 - INFO - Extracting IGPM...
2026-08-26 10:17:08,773 - INFO - IGPM generated for 27 states
2026-08-26 10:17:08,784 - INFO - Rent proxy created: 56 records (IPCA + IGPM as separate variables)
2026-08-26 10:17:08,789 - INFO - Connected to database: data\credit_risk.db
2026-08-26 10:17:08,796 - INFO - Connected to database: data\credit_risk.db
2026-08-26 10:17:08,815 - INFO - Inserted 56 rows into macro_indicators
2026-08-26 10:17:08,818 - INFO -    Added rent proxy for 56 records
2026-08-26 10:17:08,820 - INFO - >>> Step 4: Running statistical analysis...
2026-08-26 10:17:08,822 - INFO - Checking data availability...
2026-08-26 10:17:08,830 - INFO - Connected to database: data\credit_risk.db
2026-08-26 10:17:08,837 - INFO - Connected to database: data\credit_risk.db
2026-08-26 10:17:08,843 - INFO -    SCR records: 810
2026-08-26 10:17:08,848 - INFO -    Macro records: 167
2026-08-26 10:17:08,853 - INFO - Connected to database: data\credit_risk.db
2026-08-26 10:17:08,858 - INFO -    Macro columns: ['state_code', 'median_income', 'gini_index', 'quarter', 'month_date']
2026-08-26 10:17:08,862 - INFO - Running full analysis...
2026-08-26 10:17:08,868 - INFO - Connected to database: data\credit_risk.db
2026-08-26 10:17:08,973 - INFO - Calculated medians for 27 states
2026-08-26 10:17:08,978 - INFO - Connected to database: data\credit_risk.db
2026-08-26 10:17:08,985 - INFO - Available columns in macro_indicators: ['state_code', 'median_income', 'gini_index', 'quarter', 'month_date']
2026-08-26 10:17:08,989 - INFO - Connected to database: data\credit_risk.db
2026-08-26 10:17:08,999 - INFO - Macro query columns: ['median_income', 'gini_index']
2026-08-26 10:17:09,002 - INFO - Connected to database: data\credit_risk.db
2026-08-26 10:17:09,039 - WARNING - No matching data between default and macro indicators
2026-08-26 10:17:09,045 - INFO - Connected to database: data\credit_risk.db
2026-08-26 10:17:09,067 - INFO - Connected to database: data\credit_risk.db
2026-08-26 10:17:09,071 - WARNING - affordability_index not available
2026-08-26 10:17:09,076 - INFO - Connected to database: data\credit_risk.db
2026-08-26 10:17:09,141 - INFO - Connected to database: data\credit_risk.db
2026-08-26 10:17:09,286 - INFO - Analysis completed!
2026-08-26 10:17:09,290 - INFO - >>> Step 5: Exporting results...
2026-08-26 10:17:09,300 - INFO - Exported: state_medians.csv
2026-08-26 10:17:09,306 - INFO - Exported: monthly_rankings.csv
2026-08-26 10:17:09,313 - INFO - Exported: trend_analysis.csv
2026-08-26 10:17:09,321 - INFO - Exported: outliers.csv
2026-08-26 10:17:09,365 - INFO - 
============================================================
2026-08-26 10:17:09,367 - INFO - ANALYSIS SUMMARY
2026-08-26 10:17:09,370 - INFO - ============================================================
2026-08-26 10:17:09,373 - INFO - 
Database Statistics:
2026-08-26 10:17:09,376 - INFO -    Database: data\credit_risk.db
2026-08-26 10:17:09,379 - INFO - Connected to database: data\credit_risk.db
2026-08-26 10:17:09,386 - INFO -    SCR records: 810
2026-08-26 10:17:09,391 - INFO - Connected to database: data\credit_risk.db
2026-08-26 10:17:09,395 - INFO -    Macro records: 167
2026-08-26 10:17:09,398 - INFO - 
Available macro columns: ['state_code', 'median_income', 'gini_index', 'quarter', 'month_date']
2026-08-26 10:17:09,400 - INFO - 
Top 5 States - Highest Median Default Rates:
2026-08-26 10:17:09,405 - INFO -    PB: 6.50% (observations: 30)
2026-08-26 10:17:09,410 - INFO -    MA: 6.38% (observations: 30)
2026-08-26 10:17:09,413 - INFO -    AL: 6.30% (observations: 30)
2026-08-26 10:17:09,416 - INFO -    PE: 6.25% (observations: 30)
2026-08-26 10:17:09,419 - INFO -    PI: 6.11% (observations: 30)
2026-08-26 10:17:09,421 - WARNING - No correlation data available
2026-08-26 10:17:09,424 - INFO - 
Most Distressed States (by ranking):
2026-08-26 10:17:09,428 - INFO -    PB: avg_rank=1.0, times_in_top_3=30
2026-08-26 10:17:09,432 - INFO -    MA: avg_rank=2.0, times_in_top_3=30
2026-08-26 10:17:09,435 - INFO -    AL: avg_rank=3.0, times_in_top_3=30
2026-08-26 10:17:09,437 - INFO -    PE: avg_rank=4.0, times_in_top_3=0
2026-08-26 10:17:09,446 - INFO -    PI: avg_rank=5.0, times_in_top_3=0
2026-08-26 10:17:09,449 - INFO - 
Generated files:
2026-08-26 10:17:09,451 - INFO -    - correlations.csv
2026-08-26 10:17:09,454 - INFO -    - monthly_rankings.csv
2026-08-26 10:17:09,456 - INFO -    - outliers.csv
2026-08-26 10:17:09,460 - INFO -    - state_medians.csv
2026-08-26 10:17:09,463 - INFO -    - trend_analysis.csv
2026-08-26 10:17:09,466 - INFO - 
============================================================
2026-08-26 10:17:09,469 - INFO - Pipeline completed successfully!
2026-08-26 10:23:19,948 - INFO - >>> Starting Credit Risk Vehicle Loans Analysis Pipeline
2026-08-26 10:23:19,950 - INFO - ============================================================
2026-08-26 10:23:19,951 - INFO - >>> Step 1: Extracting data from sources...
2026-08-26 10:23:21,864 - INFO - Created state-level data for 27 states
2026-08-26 10:23:21,874 - INFO - Extracted 810 records from BACEN
2026-08-26 10:23:22,000 - INFO - Saved: c:\Users\user\Documents\Projects\credit-risk-vehicle-loans\data\raw\raw_vehicle_defaults_20260826_102321.csv
2026-08-26 10:23:22,011 - INFO - >>> Step 2: Storing data in SQLite...
2026-08-26 10:23:22,015 - INFO - Resetting database...
2026-08-26 10:23:22,026 - INFO - Connected to database: data\credit_risk.db
2026-08-26 10:23:22,154 - INFO - Default tables created successfully
2026-08-26 10:23:22,172 - INFO - Database reset completed
2026-08-26 10:23:22,183 - INFO - Connected to database: data\credit_risk.db
2026-08-26 10:23:22,204 - INFO - Connected to database: data\credit_risk.db
2026-08-26 10:23:22,322 - INFO - Inserted 810 rows into scr_monthly
2026-08-26 10:23:22,325 - INFO - >>> Step 3: Adding macroeconomic indicators...
2026-08-26 10:23:22,328 - INFO - Extracting income data from PNAD Contínua...
2026-08-26 10:23:22,332 - INFO -   Trying period: 202501
2026-08-26 10:23:23,597 - ERROR - SIDRA API error: 400 - Parâmetro V (Variável) mal especificado
2026-08-26 10:23:23,600 - INFO -   Trying period: 202504
2026-08-26 10:23:24,773 - ERROR - SIDRA API error: 400 - Parâmetro V (Variável) mal especificado
2026-08-26 10:23:24,776 - INFO -   Trying period: 202503
2026-08-26 10:23:25,939 - ERROR - SIDRA API error: 400 - Parâmetro V (Variável) mal especificado
2026-08-26 10:23:25,943 - INFO -   Trying period: 202502
2026-08-26 10:23:27,099 - ERROR - SIDRA API error: 400 - Parâmetro V (Variável) mal especificado
2026-08-26 10:23:27,103 - INFO -   Trying period: 202404
2026-08-26 10:23:28,296 - ERROR - SIDRA API error: 400 - Parâmetro V (Variável) mal especificado
2026-08-26 10:23:28,299 - INFO -   Trying period: 202403
2026-08-26 10:23:29,577 - ERROR - SIDRA API error: 400 - Parâmetro V (Variável) mal especificado
2026-08-26 10:23:29,581 - INFO -   Trying period: 202402
2026-08-26 10:23:30,839 - ERROR - SIDRA API error: 400 - Parâmetro V (Variável) mal especificado
2026-08-26 10:23:30,843 - INFO -   Trying period: 202401
2026-08-26 10:23:32,053 - ERROR - SIDRA API error: 400 - Parâmetro V (Variável) mal especificado
2026-08-26 10:23:32,059 - WARNING - Using fallback for income data
2026-08-26 10:23:32,067 - INFO - Connected to database: data\credit_risk.db
2026-08-26 10:23:32,074 - INFO - Connected to database: data\credit_risk.db
2026-08-26 10:23:32,139 - INFO - Inserted 27 rows into macro_indicators
2026-08-26 10:23:32,144 - INFO -    Added income data for 27 states
2026-08-26 10:23:32,147 - INFO - Extracting unemployment data from PNAD Contínua...
2026-08-26 10:23:32,152 - INFO -   Trying period: 202501
2026-08-26 10:23:33,393 - ERROR - SIDRA API error: 400 - Parâmetro P (Período) mal especificado
2026-08-26 10:23:33,397 - INFO -   Trying period: 202504
2026-08-26 10:23:34,560 - ERROR - SIDRA API error: 400 - Parâmetro P (Período) mal especificado
2026-08-26 10:23:34,563 - INFO -   Trying period: 202503
2026-08-26 10:23:35,731 - ERROR - SIDRA API error: 400 - Parâmetro P (Período) mal especificado
2026-08-26 10:23:35,735 - INFO -   Trying period: 202502
2026-08-26 10:23:36,898 - ERROR - SIDRA API error: 400 - Parâmetro P (Período) mal especificado
2026-08-26 10:23:36,901 - INFO -   Trying period: 202404
2026-08-26 10:23:38,086 - ERROR - SIDRA API error: 400 - Parâmetro P (Período) mal especificado
2026-08-26 10:23:38,090 - INFO -   Trying period: 202403
2026-08-26 10:23:39,251 - ERROR - SIDRA API error: 400 - Parâmetro P (Período) mal especificado
2026-08-26 10:23:39,254 - INFO -   Trying period: 202402
2026-08-26 10:23:40,413 - ERROR - SIDRA API error: 400 - Parâmetro P (Período) mal especificado
2026-08-26 10:23:40,419 - INFO -   Trying period: 202401
2026-08-26 10:23:41,807 - ERROR - SIDRA API error: 400 - Parâmetro P (Período) mal especificado
2026-08-26 10:23:41,810 - WARNING - Using fallback for unemployment data
2026-08-26 10:23:41,816 - INFO - Connected to database: data\credit_risk.db
2026-08-26 10:23:41,820 - INFO - Connected to database: data\credit_risk.db
2026-08-26 10:23:41,837 - INFO - Inserted 27 rows into macro_indicators
2026-08-26 10:23:41,839 - INFO -    Added unemployment data for 27 states
2026-08-26 10:23:41,841 - INFO - Extracting IPCA from BACEN...
2026-08-26 10:23:43,816 - INFO - IPCA extracted: 30 records
2026-08-26 10:23:43,824 - INFO - Connected to database: data\credit_risk.db
2026-08-26 10:23:43,830 - INFO - Connected to database: data\credit_risk.db
2026-08-26 10:23:43,859 - INFO - Inserted 30 rows into macro_indicators
2026-08-26 10:23:43,861 - INFO -    Added IPCA data for 30 records
2026-08-26 10:23:43,867 - INFO - Extracting IGPM...
2026-08-26 10:23:43,871 - INFO - IGPM generated for 27 states
2026-08-26 10:23:43,878 - INFO - Connected to database: data\credit_risk.db
2026-08-26 10:23:43,888 - INFO - Connected to database: data\credit_risk.db
2026-08-26 10:23:43,940 - INFO - Inserted 27 rows into macro_indicators
2026-08-26 10:23:43,943 - INFO -    Added IGPM data for 27 states
2026-08-26 10:23:43,945 - INFO - Creating rent proxy (IPCA and IGPM as separate variables)...
2026-08-26 10:23:43,947 - INFO - Extracting IPCA from BACEN...
2026-08-26 10:23:43,952 - INFO - IPCA extracted: 30 records
2026-08-26 10:23:43,956 - INFO - Extracting IGPM...
2026-08-26 10:23:43,959 - INFO - IGPM generated for 27 states
2026-08-26 10:23:44,047 - INFO - Rent proxy created: 56 records (IPCA + IGPM as separate variables)
2026-08-26 10:23:44,053 - INFO - Connected to database: data\credit_risk.db
2026-08-26 10:23:44,057 - INFO - Connected to database: data\credit_risk.db
2026-08-26 10:23:44,080 - INFO - Inserted 56 rows into macro_indicators
2026-08-26 10:23:44,082 - INFO -    Added rent proxy for 56 records
2026-08-26 10:23:44,087 - INFO - >>> Step 4: Running statistical analysis...
2026-08-26 10:23:44,090 - INFO - Checking data availability...
2026-08-26 10:23:44,101 - INFO - Connected to database: data\credit_risk.db
2026-08-26 10:23:44,105 - INFO - Connected to database: data\credit_risk.db
2026-08-26 10:23:44,108 - INFO -    SCR records: 810
2026-08-26 10:23:44,120 - INFO -    Macro records: 167
2026-08-26 10:23:44,124 - INFO - Connected to database: data\credit_risk.db
2026-08-26 10:23:44,127 - INFO -    Macro columns: ['state_code', 'median_income', 'gini_index', 'quarter', 'month_date']
2026-08-26 10:23:44,150 - INFO - Running full analysis...
2026-08-26 10:23:44,152 - INFO - Connected to database: data\credit_risk.db
2026-08-26 10:23:44,714 - INFO - Calculated medians for 27 states
2026-08-26 10:23:44,719 - INFO - Connected to database: data\credit_risk.db
2026-08-26 10:23:44,722 - INFO - Available columns in macro_indicators: ['state_code', 'median_income', 'gini_index', 'quarter', 'month_date']
2026-08-26 10:23:44,726 - INFO - Connected to database: data\credit_risk.db
2026-08-26 10:23:44,751 - INFO - Available indicators: ['median_income', 'gini_index']
2026-08-26 10:23:44,757 - INFO - Connected to database: data\credit_risk.db
2026-08-26 10:23:44,797 - WARNING - No matching data between default and macro indicators
2026-08-26 10:23:44,803 - INFO - Connected to database: data\credit_risk.db
2026-08-26 10:23:44,825 - INFO - Connected to database: data\credit_risk.db
2026-08-26 10:23:44,829 - INFO - affordability_index not available - skipping analysis
2026-08-26 10:23:44,834 - INFO - Connected to database: data\credit_risk.db
2026-08-26 10:23:44,929 - INFO - Connected to database: data\credit_risk.db
2026-08-26 10:23:45,005 - INFO - Detected 27 outlier observations
2026-08-26 10:23:45,007 - INFO - Analysis completed with 4 results
2026-08-26 10:23:45,011 - INFO - >>> Step 5: Exporting results...
2026-08-26 10:23:45,025 - INFO - Exported: reports\state_medians.csv (27 rows)
2026-08-26 10:23:45,045 - INFO - Exported: reports\monthly_rankings.csv (27 rows)
2026-08-26 10:23:45,056 - INFO - Exported: reports\trend_analysis.csv (27 rows)
2026-08-26 10:23:45,062 - INFO - Exported: reports\outliers.csv (27 rows)
2026-08-26 10:23:45,067 - INFO - Exported 4 files to reports
2026-08-26 10:23:45,072 - INFO - Exported 4 result files
2026-08-26 10:23:45,076 - INFO - 
============================================================
2026-08-26 10:23:45,082 - INFO - ANALYSIS SUMMARY
2026-08-26 10:23:45,086 - INFO - ============================================================
2026-08-26 10:23:45,088 - INFO - 
Database Statistics:
2026-08-26 10:23:45,091 - INFO -    Database: data\credit_risk.db
2026-08-26 10:23:45,095 - INFO - Connected to database: data\credit_risk.db
2026-08-26 10:23:45,102 - INFO -    SCR records: 810
2026-08-26 10:23:45,106 - INFO - Connected to database: data\credit_risk.db
2026-08-26 10:23:45,110 - INFO -    Macro records: 167
2026-08-26 10:23:45,114 - INFO - 
Available macro columns: ['state_code', 'median_income', 'gini_index', 'quarter', 'month_date']
2026-08-26 10:23:45,118 - INFO - 
Top 5 States - Highest Median Default Rates:
2026-08-26 10:23:45,302 - INFO -    PB: 6.50% (observations: 30)
2026-08-26 10:23:45,305 - INFO -    MA: 6.38% (observations: 30)
2026-08-26 10:23:45,308 - INFO -    AL: 6.30% (observations: 30)
2026-08-26 10:23:45,312 - INFO -    PE: 6.25% (observations: 30)
2026-08-26 10:23:45,318 - INFO -    PI: 6.11% (observations: 30)
2026-08-26 10:23:45,321 - WARNING - No correlation data available
2026-08-26 10:23:45,325 - INFO - 
Most Distressed States (by ranking):
2026-08-26 10:23:45,329 - INFO -    PB: avg_rank=1.0, times_in_top_3=30
2026-08-26 10:23:45,333 - INFO -    MA: avg_rank=2.0, times_in_top_3=30
2026-08-26 10:23:45,336 - INFO -    AL: avg_rank=3.0, times_in_top_3=30
2026-08-26 10:23:45,340 - INFO -    PE: avg_rank=4.0, times_in_top_3=0
2026-08-26 10:23:45,346 - INFO -    PI: avg_rank=5.0, times_in_top_3=0
2026-08-26 10:23:45,351 - INFO - 
Trend Analysis:
2026-08-26 10:23:45,360 - INFO -    Increasing: 27 states
2026-08-26 10:23:45,363 - INFO -    Decreasing: 0 states
2026-08-26 10:23:45,368 - INFO -    Stable: 0 states
2026-08-26 10:23:45,371 - INFO - 
Outlier Detection:
2026-08-26 10:23:45,374 - INFO -    Total outliers detected: 27
2026-08-26 10:23:45,380 - INFO -    States with most outliers:
2026-08-26 10:23:45,386 - INFO -       AC: 1 outliers
2026-08-26 10:23:45,389 - INFO -       AL: 1 outliers
2026-08-26 10:23:45,394 - INFO -       AM: 1 outliers
2026-08-26 10:23:45,399 - INFO -       AP: 1 outliers
2026-08-26 10:23:45,402 - INFO -       BA: 1 outliers
2026-08-26 10:23:45,406 - INFO - 
Generated files:
2026-08-26 10:23:45,409 - INFO -    - monthly_rankings.csv
2026-08-26 10:23:45,413 - INFO -    - outliers.csv
2026-08-26 10:23:45,418 - INFO -    - state_medians.csv
2026-08-26 10:23:45,420 - INFO -    - trend_analysis.csv
2026-08-26 10:23:45,423 - INFO - 
============================================================
2026-08-26 10:23:45,426 - INFO - Pipeline completed successfully!
2026-08-26 10:38:59,246 - INFO - >>> Starting Credit Risk Vehicle Loans Analysis Pipeline
2026-08-26 10:38:59,250 - INFO - ============================================================
2026-08-26 10:38:59,252 - INFO - >>> Step 1: Extracting data from sources...
2026-08-26 10:39:02,305 - INFO - Created state-level data for 27 states
2026-08-26 10:39:02,307 - INFO - Extracted 810 records from BACEN
2026-08-26 10:39:02,359 - INFO - Saved: c:\Users\user\Documents\Projects\credit-risk-vehicle-loans\data\raw\raw_vehicle_defaults_20260826_103902.csv
2026-08-26 10:39:02,365 - INFO - >>> Step 2: Storing data in SQLite...
2026-08-26 10:39:02,371 - INFO - Resetting database...
2026-08-26 10:39:02,391 - INFO - Connected to database: data\credit_risk.db
2026-08-26 10:39:02,617 - INFO - Database reset completed
2026-08-26 10:39:02,623 - INFO - Connected to database: data\credit_risk.db
2026-08-26 10:39:02,640 - INFO - Connected to database: data\credit_risk.db
2026-08-26 10:39:02,736 - INFO - Inserted 810 rows into scr_monthly
2026-08-26 10:39:02,739 - INFO - >>> Step 3: Adding macroeconomic indicators...
2026-08-26 10:39:02,742 - INFO - Extracting income data from PNAD Contínua...
2026-08-26 10:39:02,748 - INFO -   Trying period: 202501
2026-08-26 10:39:04,119 - ERROR - SIDRA API error: 400 - Parâmetro V (Variável) mal especificado
2026-08-26 10:39:04,122 - INFO -   Trying period: 202504
2026-08-26 10:39:05,267 - ERROR - SIDRA API error: 400 - Parâmetro V (Variável) mal especificado
2026-08-26 10:39:05,634 - INFO -   Trying period: 202503
2026-08-26 10:39:06,822 - ERROR - SIDRA API error: 400 - Parâmetro V (Variável) mal especificado
2026-08-26 10:39:07,015 - INFO -   Trying period: 202502
2026-08-26 10:39:08,190 - ERROR - SIDRA API error: 400 - Parâmetro V (Variável) mal especificado
2026-08-26 10:39:08,193 - INFO -   Trying period: 202404
2026-08-26 10:39:09,404 - ERROR - SIDRA API error: 400 - Parâmetro V (Variável) mal especificado
2026-08-26 10:39:09,666 - INFO -   Trying period: 202403
2026-08-26 10:39:12,645 - ERROR - SIDRA API error: 400 - Parâmetro V (Variável) mal especificado
2026-08-26 10:39:12,648 - INFO -   Trying period: 202402
2026-08-26 10:39:13,909 - ERROR - SIDRA API error: 400 - Parâmetro V (Variável) mal especificado
2026-08-26 10:39:13,912 - INFO -   Trying period: 202401
2026-08-26 10:39:15,110 - ERROR - SIDRA API error: 400 - Parâmetro V (Variável) mal especificado
2026-08-26 10:39:15,114 - WARNING - Using fallback for income data
2026-08-26 10:39:15,121 - INFO - Connected to database: data\credit_risk.db
2026-08-26 10:39:15,127 - INFO - Connected to database: data\credit_risk.db
2026-08-26 10:39:15,458 - INFO - Inserted 27 rows into macro_indicators
2026-08-26 10:39:15,460 - INFO -    Added income data for 27 states
2026-08-26 10:39:15,464 - INFO - Extracting unemployment data from PNAD Contínua...
2026-08-26 10:39:15,467 - INFO -   Trying period: 202501
2026-08-26 10:39:16,862 - ERROR - SIDRA API error: 400 - Parâmetro V (Variável) com código 4099 inexistente na tabela
2026-08-26 10:39:16,864 - INFO -   Trying period: 202504
2026-08-26 10:39:18,033 - ERROR - SIDRA API error: 400 - Parâmetro V (Variável) com código 4099 inexistente na tabela
2026-08-26 10:39:18,036 - INFO -   Trying period: 202503
2026-08-26 10:39:19,212 - ERROR - SIDRA API error: 400 - Parâmetro V (Variável) com código 4099 inexistente na tabela
2026-08-26 10:39:19,215 - INFO -   Trying period: 202502
2026-08-26 10:39:20,414 - ERROR - SIDRA API error: 400 - Parâmetro V (Variável) com código 4099 inexistente na tabela
2026-08-26 10:39:20,744 - INFO -   Trying period: 202404
2026-08-26 10:39:21,952 - ERROR - SIDRA API error: 400 - Parâmetro V (Variável) com código 4099 inexistente na tabela
2026-08-26 10:39:21,955 - INFO -   Trying period: 202403
2026-08-26 10:39:23,261 - ERROR - SIDRA API error: 400 - Parâmetro V (Variável) com código 4099 inexistente na tabela
2026-08-26 10:39:23,479 - INFO -   Trying period: 202402
2026-08-26 10:39:24,654 - ERROR - SIDRA API error: 400 - Parâmetro V (Variável) com código 4099 inexistente na tabela
2026-08-26 10:39:24,926 - INFO -   Trying period: 202401
2026-08-26 10:39:26,177 - ERROR - SIDRA API error: 400 - Parâmetro V (Variável) com código 4099 inexistente na tabela
2026-08-26 10:39:26,180 - WARNING - Using fallback for unemployment data
2026-08-26 10:39:26,187 - INFO - Connected to database: data\credit_risk.db
2026-08-26 10:39:26,192 - INFO - Connected to database: data\credit_risk.db
2026-08-26 10:39:26,763 - INFO - Inserted 27 rows into macro_indicators
2026-08-26 10:39:26,765 - INFO -    Added unemployment data for 27 states
2026-08-26 10:39:26,768 - INFO - Extracting IPCA from BACEN...
2026-08-26 10:39:31,281 - INFO - IPCA extracted: 30 records
2026-08-26 10:39:31,286 - INFO - Connected to database: data\credit_risk.db
2026-08-26 10:39:31,293 - INFO - Connected to database: data\credit_risk.db
2026-08-26 10:39:31,313 - INFO - Inserted 30 rows into macro_indicators
2026-08-26 10:39:31,315 - INFO -    Added IPCA data for 30 records
2026-08-26 10:39:31,319 - INFO - Extracting IGPM...
2026-08-26 10:39:31,327 - INFO - IGPM generated for 27 states
2026-08-26 10:39:31,334 - INFO - Connected to database: data\credit_risk.db
2026-08-26 10:39:31,341 - INFO - Connected to database: data\credit_risk.db
2026-08-26 10:39:31,370 - INFO - Inserted 27 rows into macro_indicators
2026-08-26 10:39:31,373 - INFO -    Added IGPM data for 27 states
2026-08-26 10:39:31,377 - INFO - Creating rent proxy (IPCA and IGPM as separate variables)...
2026-08-26 10:39:31,381 - INFO - Extracting IPCA from BACEN...
2026-08-26 10:39:31,387 - INFO - IPCA extracted: 30 records
2026-08-26 10:39:31,394 - INFO - Extracting IGPM...
2026-08-26 10:39:31,398 - INFO - IGPM generated for 27 states
2026-08-26 10:39:31,435 - INFO - Rent proxy created: 56 records
2026-08-26 10:39:31,441 - INFO - Connected to database: data\credit_risk.db
2026-08-26 10:39:31,451 - INFO - Connected to database: data\credit_risk.db
2026-08-26 10:39:31,476 - INFO - Inserted 56 rows into macro_indicators
2026-08-26 10:39:31,481 - INFO -    Added rent proxy for 56 records
2026-08-26 10:39:31,484 - INFO - >>> Step 4: Running statistical analysis...
2026-08-26 10:39:31,488 - INFO - Checking data availability...
2026-08-26 10:39:31,497 - INFO - Connected to database: data\credit_risk.db
2026-08-26 10:39:31,505 - INFO - Connected to database: data\credit_risk.db
2026-08-26 10:39:31,509 - INFO -    SCR records: 810
2026-08-26 10:39:31,512 - INFO -    Macro records: 167
2026-08-26 10:39:31,518 - INFO - Connected to database: data\credit_risk.db
2026-08-26 10:39:31,522 - INFO -    Macro columns: ['state_code', 'median_income', 'gini_index', 'quarter', 'month_date']
2026-08-26 10:39:31,526 - INFO - Debug: Checking database contents...
2026-08-26 10:39:31,530 - INFO - Connected to database: data\credit_risk.db
2026-08-26 10:39:31,563 - INFO -    Macro indicators preview:
  state_code  median_income  gini_index quarter  month_date
0         SP           3200        0.45  202501  2025-01-01
1         RJ           2900        0.48  202501  2025-01-01
2         MG           2100        0.44  202501  2025-01-01
2026-08-26 10:39:31,565 - INFO - Running full analysis...
2026-08-26 10:39:31,568 - INFO - Connected to database: data\credit_risk.db
2026-08-26 10:39:31,664 - INFO - Calculated medians for 27 states
2026-08-26 10:39:31,666 - INFO - Connected to database: data\credit_risk.db
2026-08-26 10:39:31,669 - INFO - Available columns in macro_indicators: ['state_code', 'median_income', 'gini_index', 'quarter', 'month_date']
2026-08-26 10:39:31,674 - INFO - Connected to database: data\credit_risk.db
2026-08-26 10:39:31,687 - INFO - Available indicators: ['median_income', 'gini_index']
2026-08-26 10:39:31,690 - INFO - Connected to database: data\credit_risk.db
2026-08-26 10:39:31,716 - WARNING - No matching data between default and macro indicators
2026-08-26 10:39:31,718 - INFO - Trying alternative join on state_code only...
2026-08-26 10:39:31,742 - INFO - Alternative merge successful: 810 rows
2026-08-26 10:39:31,745 - INFO - Merged data shape: (810, 4)
2026-08-26 10:39:31,769 - INFO - Correlation matrix computed with 2 indicators
2026-08-26 10:39:31,774 - INFO - Connected to database: data\credit_risk.db
2026-08-26 10:39:31,790 - INFO - Connected to database: data\credit_risk.db
2026-08-26 10:39:31,794 - INFO - affordability_index not available - skipping analysis
2026-08-26 10:39:31,798 - INFO - Connected to database: data\credit_risk.db
2026-08-26 10:39:32,046 - INFO - Connected to database: data\credit_risk.db
2026-08-26 10:39:32,086 - INFO - Detected 27 outlier observations
2026-08-26 10:39:32,088 - INFO - Analysis completed with 5 results
2026-08-26 10:39:32,092 - INFO - >>> Step 5: Exporting results...
2026-08-26 10:39:32,195 - INFO - Exported: reports\state_medians.csv (27 rows)
2026-08-26 10:39:32,201 - INFO - Exported: reports\correlations.csv (2 rows)
2026-08-26 10:39:32,208 - INFO - Exported: reports\monthly_rankings.csv (27 rows)
2026-08-26 10:39:32,214 - INFO - Exported: reports\trend_analysis.csv (27 rows)
2026-08-26 10:39:32,227 - INFO - Exported: reports\outliers.csv (27 rows)
2026-08-26 10:39:32,231 - INFO - Exported 5 files to reports
2026-08-26 10:39:32,235 - INFO - Exported 5 result files
2026-08-26 10:39:32,239 - INFO - 
============================================================
2026-08-26 10:39:32,246 - INFO - ANALYSIS SUMMARY
2026-08-26 10:39:32,261 - INFO - ============================================================
2026-08-26 10:39:32,269 - INFO - 
Database Statistics:
2026-08-26 10:39:32,271 - INFO -    Database: data\credit_risk.db
2026-08-26 10:39:32,274 - INFO - Connected to database: data\credit_risk.db
2026-08-26 10:39:32,277 - INFO -    SCR records: 810
2026-08-26 10:39:32,281 - INFO - Connected to database: data\credit_risk.db
2026-08-26 10:39:32,284 - INFO -    Macro records: 167
2026-08-26 10:39:32,287 - INFO - 
Available macro columns: ['state_code', 'median_income', 'gini_index', 'quarter', 'month_date']
2026-08-26 10:39:32,292 - INFO - 
Top 5 States - Highest Median Default Rates:
2026-08-26 10:39:32,296 - INFO -    PB: 6.50% (observations: 30)
2026-08-26 10:39:32,298 - INFO -    MA: 6.38% (observations: 30)
2026-08-26 10:39:32,301 - INFO -    AL: 6.30% (observations: 30)
2026-08-26 10:39:32,304 - INFO -    PE: 6.25% (observations: 30)
2026-08-26 10:39:32,306 - INFO -    PI: 6.11% (observations: 30)
2026-08-26 10:39:32,310 - INFO - 
Correlations with Default Rate:
2026-08-26 10:39:32,314 - INFO -    🔴 Gini Index: 0.6006 (Moderate)
2026-08-26 10:39:32,316 - INFO -       p-value: 0.0000 | n: 810 | Significance: Highly Significant (***)
2026-08-26 10:39:32,318 - INFO -       95% CI: [0.555, 0.643]
2026-08-26 10:39:32,320 - INFO -    🔴 Median Income: -0.5811 (Moderate)
2026-08-26 10:39:32,324 - INFO -       p-value: 0.0000 | n: 810 | Significance: Highly Significant (***)
2026-08-26 10:39:32,327 - INFO -       95% CI: [-0.625, -0.534]
2026-08-26 10:39:32,329 - INFO - 
Most Distressed States (by ranking):
2026-08-26 10:39:32,332 - INFO -    PB: avg_rank=1.0, times_in_top_3=30
2026-08-26 10:39:32,335 - INFO -    MA: avg_rank=2.0, times_in_top_3=30
2026-08-26 10:39:32,338 - INFO -    AL: avg_rank=3.0, times_in_top_3=30
2026-08-26 10:39:32,342 - INFO -    PE: avg_rank=4.0, times_in_top_3=0
2026-08-26 10:39:32,345 - INFO -    PI: avg_rank=5.0, times_in_top_3=0
2026-08-26 10:39:32,347 - INFO - 
Trend Analysis:
2026-08-26 10:39:32,353 - INFO -    Increasing: 27 states
2026-08-26 10:39:32,363 - INFO -    Decreasing: 0 states
2026-08-26 10:39:32,365 - INFO -    Stable: 0 states
2026-08-26 10:39:32,369 - INFO - 
Outlier Detection:
2026-08-26 10:39:32,377 - INFO -    Total outliers detected: 27
2026-08-26 10:39:32,382 - INFO -    States with most outliers:
2026-08-26 10:39:32,389 - INFO -       AC: 1 outliers
2026-08-26 10:39:32,393 - INFO -       AL: 1 outliers
2026-08-26 10:39:32,396 - INFO -       AM: 1 outliers
2026-08-26 10:39:32,399 - INFO -       AP: 1 outliers
2026-08-26 10:39:32,402 - INFO -       BA: 1 outliers
2026-08-26 10:39:32,406 - INFO - 
Generated files:
2026-08-26 10:39:32,411 - INFO -    - correlations.csv
2026-08-26 10:39:32,414 - INFO -    - monthly_rankings.csv
2026-08-26 10:39:32,417 - INFO -    - outliers.csv
2026-08-26 10:39:32,420 - INFO -    - state_medians.csv
2026-08-26 10:39:32,422 - INFO -    - trend_analysis.csv
2026-08-26 10:39:32,425 - INFO - 
============================================================
2026-08-26 10:39:32,428 - INFO - Pipeline completed successfully!
2026-08-26 10:52:54,442 - INFO - >>> Starting Credit Risk Vehicle Loans Analysis Pipeline
2026-08-26 10:52:54,444 - INFO - ============================================================
2026-08-26 10:52:54,447 - INFO - >>> Step 1: Extracting data from sources...
2026-08-26 10:52:56,185 - INFO - Created state-level data for 27 states
2026-08-26 10:52:56,195 - INFO - Extracted 810 records from BACEN
2026-08-26 10:52:56,225 - INFO - Saved: c:\Users\user\Documents\Projects\credit-risk-vehicle-loans\data\raw\raw_vehicle_defaults_20260826_105256.csv
2026-08-26 10:52:56,228 - INFO - >>> Step 2: Storing data in SQLite...
2026-08-26 10:52:56,231 - INFO - Resetting database...
2026-08-26 10:52:56,238 - INFO - Connected to database: data\credit_risk.db
2026-08-26 10:52:56,348 - INFO - Database reset completed
2026-08-26 10:52:56,354 - INFO - Connected to database: data\credit_risk.db
2026-08-26 10:52:56,361 - INFO - Connected to database: data\credit_risk.db
2026-08-26 10:52:56,434 - INFO - Inserted 810 rows into scr_monthly
2026-08-26 10:52:56,439 - INFO - >>> Step 3: Adding macroeconomic indicators...
2026-08-26 10:52:56,445 - INFO - Extracting income data from PNAD Contínua...
2026-08-26 10:52:56,448 - INFO -   Trying period: 202501
2026-08-26 10:52:57,810 - ERROR - SIDRA API error: 400 - Parâmetro V (Variável) mal especificado
2026-08-26 10:52:57,814 - INFO -   Trying period: 202504
2026-08-26 10:52:58,956 - ERROR - SIDRA API error: 400 - Parâmetro V (Variável) mal especificado
2026-08-26 10:52:58,960 - INFO -   Trying period: 202503
2026-08-26 10:53:00,126 - ERROR - SIDRA API error: 400 - Parâmetro V (Variável) mal especificado
2026-08-26 10:53:00,129 - INFO -   Trying period: 202502
2026-08-26 10:53:01,294 - ERROR - SIDRA API error: 400 - Parâmetro V (Variável) mal especificado
2026-08-26 10:53:01,297 - INFO -   Trying period: 202404
2026-08-26 10:53:02,464 - ERROR - SIDRA API error: 400 - Parâmetro V (Variável) mal especificado
2026-08-26 10:53:02,467 - INFO -   Trying period: 202403
2026-08-26 10:53:03,618 - ERROR - SIDRA API error: 400 - Parâmetro V (Variável) mal especificado
2026-08-26 10:53:03,622 - INFO -   Trying period: 202402
2026-08-26 10:53:04,792 - ERROR - SIDRA API error: 400 - Parâmetro V (Variável) mal especificado
2026-08-26 10:53:04,795 - INFO -   Trying period: 202401
2026-08-26 10:53:05,993 - ERROR - SIDRA API error: 400 - Parâmetro V (Variável) mal especificado
2026-08-26 10:53:05,996 - WARNING - Using fallback for income data
2026-08-26 10:53:06,002 - INFO - Connected to database: data\credit_risk.db
2026-08-26 10:53:06,007 - INFO - Connected to database: data\credit_risk.db
2026-08-26 10:53:06,056 - INFO - Inserted 27 rows into macro_indicators
2026-08-26 10:53:06,059 - INFO -    Added income data for 27 states
2026-08-26 10:53:06,060 - INFO - Extracting unemployment data from PNAD Contínua...
2026-08-26 10:53:06,062 - INFO -   Trying period: 202501
2026-08-26 10:53:07,306 - ERROR - SIDRA API error: 400 - Parâmetro V (Variável) com código 4099 inexistente na tabela
2026-08-26 10:53:07,308 - INFO -   Trying period: 202504
2026-08-26 10:53:08,509 - ERROR - SIDRA API error: 400 - Parâmetro V (Variável) com código 4099 inexistente na tabela
2026-08-26 10:53:08,512 - INFO -   Trying period: 202503
2026-08-26 10:53:09,689 - ERROR - SIDRA API error: 400 - Parâmetro V (Variável) com código 4099 inexistente na tabela
2026-08-26 10:53:09,691 - INFO -   Trying period: 202502
2026-08-26 10:53:10,824 - ERROR - SIDRA API error: 400 - Parâmetro V (Variável) com código 4099 inexistente na tabela
2026-08-26 10:53:10,827 - INFO -   Trying period: 202404
2026-08-26 10:53:12,049 - ERROR - SIDRA API error: 400 - Parâmetro V (Variável) com código 4099 inexistente na tabela
2026-08-26 10:53:12,051 - INFO -   Trying period: 202403
2026-08-26 10:53:13,252 - ERROR - SIDRA API error: 400 - Parâmetro V (Variável) com código 4099 inexistente na tabela
2026-08-26 10:53:13,254 - INFO -   Trying period: 202402
2026-08-26 10:53:14,432 - ERROR - SIDRA API error: 400 - Parâmetro V (Variável) com código 4099 inexistente na tabela
2026-08-26 10:53:14,435 - INFO -   Trying period: 202401
2026-08-26 10:53:15,566 - ERROR - SIDRA API error: 400 - Parâmetro V (Variável) com código 4099 inexistente na tabela
2026-08-26 10:53:15,569 - WARNING - Using fallback for unemployment data
2026-08-26 10:53:15,575 - INFO - Connected to database: data\credit_risk.db
2026-08-26 10:53:15,581 - INFO - Connected to database: data\credit_risk.db
2026-08-26 10:53:15,603 - INFO - Inserted 27 rows into macro_indicators
2026-08-26 10:53:15,606 - INFO -    Added unemployment data for 27 states
2026-08-26 10:53:15,609 - INFO - Extracting FipeZAP rental variation data...
2026-08-26 10:53:15,613 - WARNING - FipeZAP data not found locally - using fallback with known values
2026-08-26 10:53:15,655 - INFO - FipeZAP fallback created: 810 records
2026-08-26 10:53:15,659 - INFO - Connected to database: data\credit_risk.db
2026-08-26 10:53:15,665 - INFO - Connected to database: data\credit_risk.db
2026-08-26 10:53:15,693 - INFO - Inserted 810 rows into macro_indicators
2026-08-26 10:53:15,695 - INFO -    Added FipeZAP rent data for 810 records
2026-08-26 10:53:15,697 - INFO - >>> Step 4: Running statistical analysis...
2026-08-26 10:53:15,704 - INFO - Connected to database: data\credit_risk.db
2026-08-26 10:53:15,709 - INFO - Connected to database: data\credit_risk.db
2026-08-26 10:53:15,714 - INFO -    SCR records: 810
2026-08-26 10:53:15,718 - INFO -    Macro records: 864
2026-08-26 10:53:15,724 - INFO - Connected to database: data\credit_risk.db
2026-08-26 10:53:15,730 - INFO -    Macro columns: ['state_code', 'median_income', 'gini_index', 'quarter', 'month_date']
2026-08-26 10:53:15,755 - INFO - Running full analysis...
2026-08-26 10:53:15,762 - INFO - Connected to database: data\credit_risk.db
2026-08-26 10:53:15,862 - INFO - Calculated medians for 27 states
2026-08-26 10:53:15,865 - INFO - Connected to database: data\credit_risk.db
2026-08-26 10:53:15,870 - INFO - Available columns in macro_indicators: ['state_code', 'median_income', 'gini_index', 'quarter', 'month_date']
2026-08-26 10:53:15,875 - INFO - Connected to database: data\credit_risk.db
2026-08-26 10:53:15,885 - INFO - Available indicators: ['median_income', 'gini_index']
2026-08-26 10:53:15,888 - INFO - Connected to database: data\credit_risk.db
2026-08-26 10:53:15,924 - WARNING - No matching data between default and macro indicators
2026-08-26 10:53:15,933 - INFO - Connected to database: data\credit_risk.db
2026-08-26 10:53:15,947 - INFO - Connected to database: data\credit_risk.db
2026-08-26 10:53:15,950 - INFO - affordability_index not available - skipping analysis
2026-08-26 10:53:15,957 - INFO - Connected to database: data\credit_risk.db
2026-08-26 10:53:16,010 - INFO - Connected to database: data\credit_risk.db
2026-08-26 10:53:16,052 - INFO - Detected 27 outlier observations
2026-08-26 10:53:16,054 - INFO - Analysis completed with 4 results
2026-08-26 10:53:16,056 - INFO - >>> Step 5: Exporting results...
2026-08-26 10:53:16,064 - INFO - Exported: reports\state_medians.csv (27 rows)
2026-08-26 10:53:16,072 - INFO - Exported: reports\monthly_rankings.csv (27 rows)
2026-08-26 10:53:16,079 - INFO - Exported: reports\trend_analysis.csv (27 rows)
2026-08-26 10:53:16,086 - INFO - Exported: reports\outliers.csv (27 rows)
2026-08-26 10:53:16,089 - INFO - Exported 4 files to reports
2026-08-26 10:53:16,093 - INFO - Exported 4 result files
2026-08-26 10:53:16,095 - INFO - 
============================================================
2026-08-26 10:53:16,098 - INFO - ANALYSIS SUMMARY
2026-08-26 10:53:16,103 - INFO - ============================================================
2026-08-26 10:53:16,106 - INFO - 
Database Statistics:
2026-08-26 10:53:16,110 - INFO -    Database: data\credit_risk.db
2026-08-26 10:53:16,116 - INFO - Connected to database: data\credit_risk.db
2026-08-26 10:53:16,120 - INFO -    SCR records: 810
2026-08-26 10:53:16,123 - INFO - Connected to database: data\credit_risk.db
2026-08-26 10:53:16,130 - INFO -    Macro records: 864
2026-08-26 10:53:16,134 - INFO - 
Available macro columns: ['state_code', 'median_income', 'gini_index', 'quarter', 'month_date']
2026-08-26 10:53:16,137 - INFO - 
Top 5 States - Highest Median Default Rates:
2026-08-26 10:53:16,141 - INFO -    PB: 6.50% (observations: 30)
2026-08-26 10:53:16,145 - INFO -    MA: 6.38% (observations: 30)
2026-08-26 10:53:16,148 - INFO -    AL: 6.30% (observations: 30)
2026-08-26 10:53:16,152 - INFO -    PE: 6.25% (observations: 30)
2026-08-26 10:53:16,154 - INFO -    PI: 6.11% (observations: 30)
2026-08-26 10:53:16,158 - INFO - 
Generated files:
2026-08-26 10:53:16,161 - INFO -    - correlations.csv
2026-08-26 10:53:16,164 - INFO -    - monthly_rankings.csv
2026-08-26 10:53:16,165 - INFO -    - outliers.csv
2026-08-26 10:53:16,169 - INFO -    - state_medians.csv
2026-08-26 10:53:16,174 - INFO -    - trend_analysis.csv
2026-08-26 10:53:16,176 - INFO - 
============================================================
2026-08-26 10:53:16,179 - INFO - Pipeline completed successfully!
2026-08-26 10:57:28,422 - INFO - >>> Starting Credit Risk Vehicle Loans Analysis Pipeline
2026-08-26 10:57:28,424 - INFO - ============================================================
2026-08-26 10:57:28,426 - INFO - >>> Step 1: Extracting data from sources...
2026-08-26 10:57:30,644 - INFO - Created state-level data for 27 states
2026-08-26 10:57:30,647 - INFO - Extracted 810 records from BACEN
2026-08-26 10:57:30,649 - INFO - States in default data: ['AC', 'AL', 'AP', 'AM', 'BA', 'CE', 'DF', 'ES', 'GO', 'MA', 'MT', 'MS', 'MG', 'PA', 'PB', 'PR', 'PE', 'PI', 'RJ', 'RN', 'RS', 'RO', 'RR', 'SC', 'SP', 'SE', 'TO']
2026-08-26 10:57:30,990 - INFO - Saved: c:\Users\user\Documents\Projects\credit-risk-vehicle-loans\data\raw\raw_vehicle_defaults_20260826_105730.csv
2026-08-26 10:57:30,993 - INFO - >>> Step 2: Storing data in SQLite...
2026-08-26 10:57:30,998 - INFO - Resetting database...
2026-08-26 10:57:31,004 - INFO - Connected to database: data\credit_risk.db
2026-08-26 10:57:31,119 - INFO - Database reset completed
2026-08-26 10:57:31,124 - INFO - Connected to database: data\credit_risk.db
2026-08-26 10:57:31,131 - INFO - Connected to database: data\credit_risk.db
2026-08-26 10:57:31,191 - INFO - Inserted 810 rows into scr_monthly
2026-08-26 10:57:31,196 - INFO - Connected to database: data\credit_risk.db
2026-08-26 10:57:31,203 - INFO - Inserted 810 rows into scr_monthly
2026-08-26 10:57:31,210 - INFO - >>> Step 3: Adding macroeconomic indicators...
2026-08-26 10:57:31,228 - INFO - Extracting income data from PNAD Contínua...
2026-08-26 10:57:31,235 - INFO -   Trying period: 202501
2026-08-26 10:57:32,472 - ERROR - SIDRA API error: 400 - Parâmetro V (Variável) mal especificado
2026-08-26 10:57:32,477 - INFO -   Trying period: 202504
2026-08-26 10:57:33,682 - ERROR - SIDRA API error: 400 - Parâmetro V (Variável) mal especificado
2026-08-26 10:57:33,685 - INFO -   Trying period: 202503
2026-08-26 10:57:34,819 - ERROR - SIDRA API error: 400 - Parâmetro V (Variável) mal especificado
2026-08-26 10:57:35,141 - INFO -   Trying period: 202502
2026-08-26 10:57:36,307 - ERROR - SIDRA API error: 400 - Parâmetro V (Variável) mal especificado
2026-08-26 10:57:36,310 - INFO -   Trying period: 202404
2026-08-26 10:57:37,482 - ERROR - SIDRA API error: 400 - Parâmetro V (Variável) mal especificado
2026-08-26 10:57:37,577 - INFO -   Trying period: 202403
2026-08-26 10:57:38,715 - ERROR - SIDRA API error: 400 - Parâmetro V (Variável) mal especificado
2026-08-26 10:57:39,050 - INFO -   Trying period: 202402
2026-08-26 10:57:40,195 - ERROR - SIDRA API error: 400 - Parâmetro V (Variável) mal especificado
2026-08-26 10:57:40,198 - INFO -   Trying period: 202401
2026-08-26 10:57:41,322 - ERROR - SIDRA API error: 400 - Parâmetro V (Variável) mal especificado
2026-08-26 10:57:41,325 - WARNING - Using fallback for income data
2026-08-26 10:57:41,329 - INFO - Connected to database: data\credit_risk.db
2026-08-26 10:57:41,335 - INFO - Connected to database: data\credit_risk.db
2026-08-26 10:57:41,462 - INFO - Inserted 27 rows into macro_indicators
2026-08-26 10:57:41,463 - INFO -    Added income data for 27 states
2026-08-26 10:57:41,466 - INFO -    Income states: ['SP', 'RJ', 'MG', 'RS', 'PR', 'SC', 'BA', 'PE', 'CE', 'DF', 'GO', 'ES', 'MS', 'MT', 'PA', 'AM', 'MA', 'PB', 'PI', 'RN', 'AL', 'SE', 'TO', 'RO', 'AC', 'AP', 'RR']
2026-08-26 10:57:41,469 - INFO - Extracting unemployment data from PNAD Contínua...
2026-08-26 10:57:41,471 - INFO -   Trying period: 202501
2026-08-26 10:57:42,661 - ERROR - SIDRA API error: 400 - Parâmetro V (Variável) com código 4099 inexistente na tabela
2026-08-26 10:57:42,664 - INFO -   Trying period: 202504
2026-08-26 10:57:43,822 - ERROR - SIDRA API error: 400 - Parâmetro V (Variável) com código 4099 inexistente na tabela
2026-08-26 10:57:43,825 - INFO -   Trying period: 202503
2026-08-26 10:57:45,015 - ERROR - SIDRA API error: 400 - Parâmetro V (Variável) com código 4099 inexistente na tabela
2026-08-26 10:57:45,017 - INFO -   Trying period: 202502
2026-08-26 10:57:46,171 - ERROR - SIDRA API error: 400 - Parâmetro V (Variável) com código 4099 inexistente na tabela
2026-08-26 10:57:46,174 - INFO -   Trying period: 202404
2026-08-26 10:57:47,364 - ERROR - SIDRA API error: 400 - Parâmetro V (Variável) com código 4099 inexistente na tabela
2026-08-26 10:57:47,367 - INFO -   Trying period: 202403
2026-08-26 10:57:48,534 - ERROR - SIDRA API error: 400 - Parâmetro V (Variável) com código 4099 inexistente na tabela
2026-08-26 10:57:48,692 - INFO -   Trying period: 202402
2026-08-26 10:57:49,926 - ERROR - SIDRA API error: 400 - Parâmetro V (Variável) com código 4099 inexistente na tabela
2026-08-26 10:57:49,930 - INFO -   Trying period: 202401
2026-08-26 10:57:51,166 - ERROR - SIDRA API error: 400 - Parâmetro V (Variável) com código 4099 inexistente na tabela
2026-08-26 10:57:51,170 - WARNING - Using fallback for unemployment data
2026-08-26 10:57:51,177 - INFO - Connected to database: data\credit_risk.db
2026-08-26 10:57:51,184 - INFO - Connected to database: data\credit_risk.db
2026-08-26 10:57:51,208 - INFO - Inserted 27 rows into macro_indicators
2026-08-26 10:57:51,216 - INFO -    Added unemployment data for 27 states
2026-08-26 10:57:51,224 - INFO -    Unemployment states: ['SP', 'RJ', 'MG', 'RS', 'PR', 'SC', 'BA', 'PE', 'CE', 'DF', 'GO', 'ES', 'MS', 'MT', 'PA', 'AM', 'MA', 'PB', 'PI', 'RN', 'AL', 'SE', 'TO', 'RO', 'AC', 'AP', 'RR']
2026-08-26 10:57:51,241 - INFO - Extracting FipeZAP rental variation data...
2026-08-26 10:57:51,269 - WARNING - FipeZAP data not found locally - using fallback with known values
2026-08-26 10:57:51,311 - INFO - FipeZAP fallback created: 810 records
2026-08-26 10:57:51,332 - INFO - Connected to database: data\credit_risk.db
2026-08-26 10:57:51,351 - INFO - Connected to database: data\credit_risk.db
2026-08-26 10:57:51,400 - INFO - Inserted 810 rows into macro_indicators
2026-08-26 10:57:51,406 - INFO -    Added FipeZAP rent data for 810 records
2026-08-26 10:57:51,417 - INFO -    Rent states: ['RJ', 'MT', 'PI', 'SE', 'ES', 'SP', 'RS', 'PA', 'PB', 'DF', 'MG', 'PE', 'RN', 'AL', 'CE', 'PR', 'SC', 'BA', 'GO', 'MS', 'AM', 'MA', 'AC', 'AP', 'RO', 'RR', 'TO']
2026-08-26 10:57:51,419 - INFO - >>> Step 4: Running statistical analysis...
2026-08-26 10:57:51,436 - INFO - Connected to database: data\credit_risk.db
2026-08-26 10:57:51,441 - INFO - Connected to database: data\credit_risk.db
2026-08-26 10:57:51,456 - INFO -    SCR records: 810
2026-08-26 10:57:51,469 - INFO -    Macro records: 864
2026-08-26 10:57:51,484 - INFO - Connected to database: data\credit_risk.db
2026-08-26 10:57:51,493 - INFO -    Macro columns: ['state_code', 'median_income', 'gini_index', 'quarter', 'month_date']
2026-08-26 10:57:51,499 - INFO - 
============================================================
2026-08-26 10:57:51,503 - INFO - DATA DIAGNOSTIC
2026-08-26 10:57:51,506 - INFO - ============================================================
2026-08-26 10:57:51,510 - INFO - 
1. SCR Data Sample:
2026-08-26 10:57:51,520 - INFO - Connected to database: data\credit_risk.db
2026-08-26 10:57:51,541 - INFO -                month_date  default_rate_90 state_code
0  2024-01-01 00:00:00         6.088007         AC
1  2024-02-01 00:00:00         5.925660         AC
2  2024-03-01 00:00:00         5.763314         AC
2026-08-26 10:57:51,545 - INFO - 
2. Macro Data Sample:
2026-08-26 10:57:51,551 - INFO - Connected to database: data\credit_risk.db
2026-08-26 10:57:51,565 - INFO -      state_code  median_income  gini_index quarter  month_date
0         SP           3200        0.45  202501  2025-01-01
1         RJ           2900        0.48  202501  2025-01-01
2         MG           2100        0.44  202501  2025-01-01
2026-08-26 10:57:51,585 - INFO - 
3. States with Data:
2026-08-26 10:57:51,588 - INFO - Connected to database: data\credit_risk.db
2026-08-26 10:57:51,637 - INFO - Connected to database: data\credit_risk.db
2026-08-26 10:57:51,648 - INFO -    SCR states: ['AC', 'AL', 'AP', 'AM', 'BA', 'CE', 'DF', 'ES', 'GO', 'MA', 'MT', 'MS', 'MG', 'PA', 'PB', 'PR', 'PE', 'PI', 'RJ', 'RN', 'RS', 'RO', 'RR', 'SC', 'SP', 'SE', 'TO']
2026-08-26 10:57:51,652 - INFO -    Macro states: ['SP', 'RJ', 'MG', 'RS', 'PR', 'SC', 'BA', 'PE', 'CE', 'DF', 'GO', 'ES', 'MS', 'MT', 'PA', 'AM', 'MA', 'PB', 'PI', 'RN', 'AL', 'SE', 'TO', 'RO', 'AC', 'AP', 'RR']
2026-08-26 10:57:51,655 - INFO - 
4. Macro Columns with Data:
2026-08-26 10:57:51,664 - INFO - Connected to database: data\credit_risk.db
2026-08-26 10:57:51,668 - INFO -    median_income: 27 non-null rows
2026-08-26 10:57:51,703 - INFO - Connected to database: data\credit_risk.db
2026-08-26 10:57:51,722 - INFO -    gini_index: 27 non-null rows
2026-08-26 10:57:51,734 - INFO - 
5. Merged Data Test:
2026-08-26 10:57:51,740 - INFO - Connected to database: data\credit_risk.db
2026-08-26 10:57:51,754 - ERROR - Query execution failed: Execution failed on sql '
        SELECT 
            s.state_code,
            s.month_date,
            s.default_rate_90,
            m.median_income,
            m.gini_index,
            m.unemployment_rate,
            m.rent_variation
        FROM scr_monthly s
        LEFT JOIN macro_indicators m ON s.state_code = m.state_code 
            AND s.month_date = m.month_date
        WHERE s.default_rate_90 IS NOT NULL
        LIMIT 5
        ': no such column: m.unemployment_rate
2026-08-26 10:57:51,757 - ERROR - Pipeline failed: Execution failed on sql '
        SELECT 
            s.state_code,
            s.month_date,
            s.default_rate_90,
            m.median_income,
            m.gini_index,
            m.unemployment_rate,
            m.rent_variation
        FROM scr_monthly s
        LEFT JOIN macro_indicators m ON s.state_code = m.state_code 
            AND s.month_date = m.month_date
        WHERE s.default_rate_90 IS NOT NULL
        LIMIT 5
        ': no such column: m.unemployment_rate
2026-08-26 10:57:51,863 - ERROR - Traceback (most recent call last):
  File "c:\Users\user\Documents\Projects\credit-risk-vehicle-loans\venv\Lib\site-packages\pandas\io\sql.py", line 2745, in execute
    cur.execute(sql, *args)
    ~~~~~~~~~~~^^^^^^^^^^^^
sqlite3.OperationalError: no such column: m.unemployment_rate

The above exception was the direct cause of the following exception:

Traceback (most recent call last):
  File "<ipython-input-1-672f0745f995>", line 158, in main
    merge_test = db.query_to_dataframe(merge_test_query)
  File "c:\Users\user\Documents\Projects\credit-risk-vehicle-loans\src\database.py", line 163, in query_to_dataframe
    return pd.read_sql_query(query, self.connection, params=params)
           ~~~~~~~~~~~~~~~~~^^^^^^^^^^^^^^^^^^^^^^^^^^^^^^^^^^^^^^^
  File "c:\Users\user\Documents\Projects\credit-risk-vehicle-loans\venv\Lib\site-packages\pandas\io\sql.py", line 497, in read_sql_query
    return pandas_sql.read_query(
           ~~~~~~~~~~~~~~~~~~~~~^
        sql,
        ^^^^
    ...<6 lines>...
        dtype_backend=dtype_backend,
        ^^^^^^^^^^^^^^^^^^^^^^^^^^^^
    )
    ^
  File "c:\Users\user\Documents\Projects\credit-risk-vehicle-loans\venv\Lib\site-packages\pandas\io\sql.py", line 2809, in read_query
    cursor = self.execute(sql, params)
  File "c:\Users\user\Documents\Projects\credit-risk-vehicle-loans\venv\Lib\site-packages\pandas\io\sql.py", line 2757, in execute
    raise ex from exc
pandas.errors.DatabaseError: Execution failed on sql '
        SELECT 
            s.state_code,
            s.month_date,
            s.default_rate_90,
            m.median_income,
            m.gini_index,
            m.unemployment_rate,
            m.rent_variation
        FROM scr_monthly s
        LEFT JOIN macro_indicators m ON s.state_code = m.state_code 
            AND s.month_date = m.month_date
        WHERE s.default_rate_90 IS NOT NULL
        LIMIT 5
        ': no such column: m.unemployment_rate

2026-08-26 10:59:41,646 - INFO - >>> Starting Credit Risk Vehicle Loans Analysis Pipeline
2026-08-26 10:59:41,648 - INFO - ============================================================
2026-08-26 10:59:41,650 - INFO - >>> Step 1: Extracting data from sources...
2026-08-26 10:59:53,745 - ERROR - BACEN API error: 502 Server Error: Bad Gateway for url: https://api.bcb.gov.br/dados/serie/bcdata.sgs.21121/dados?formato=json&dataInicial=01/01/2024&dataFinal=01/06/2026
2026-08-26 10:59:53,750 - ERROR - No default data extracted.
2026-08-26 11:12:47,778 - INFO - >>> Starting Credit Risk Vehicle Loans Analysis Pipeline
2026-08-26 11:12:47,780 - INFO - >>> USING REAL DATA ONLY - NO FALLBACKS
2026-08-26 11:12:47,783 - INFO - ============================================================
2026-08-26 11:12:47,785 - INFO - >>> Step 1: Extracting REAL data from sources...
2026-08-26 11:12:47,800 - INFO - Starting REAL data extraction pipeline...
2026-08-26 11:12:47,802 - INFO -   Extracting BACEN default data...
2026-08-26 11:12:47,805 - INFO - Extracting REAL BACEN default data (series 21121)...
2026-08-26 11:12:47,810 - INFO - Calling BACEN API: series 21121
2026-08-26 11:12:49,248 - INFO - Successfully extracted 30 records from BACEN
2026-08-26 11:12:49,254 - INFO - Extracted 30 REAL records from BACEN series 21121
2026-08-26 11:12:49,257 - INFO -     - 30 REAL records
2026-08-26 11:12:49,261 - INFO -   Extracting IBGE income data...
2026-08-26 11:12:49,263 - INFO - Extracting REAL income data from IBGE SIDRA (table 6381)...
2026-08-26 11:12:49,264 - INFO - Calling IBGE SIDRA API: table 6381, period last
2026-08-26 11:12:50,799 - ERROR - SIDRA API request failed: 400 Client Error: Bad Request for url: https://apisidra.ibge.gov.br/values/t/6381/v/VD4020/n1/1/n2/3/p/last
2026-08-26 11:12:50,801 - ERROR - Failed to extract income data: Could not connect to SIDRA API: 400 Client Error: Bad Request for url: https://apisidra.ibge.gov.br/values/t/6381/v/VD4020/n1/1/n2/3/p/last
2026-08-26 11:12:50,803 - ERROR - ❌ Pipeline failed: Could not connect to SIDRA API: 400 Client Error: Bad Request for url: https://apisidra.ibge.gov.br/values/t/6381/v/VD4020/n1/1/n2/3/p/last
2026-08-26 11:12:50,814 - ERROR - Traceback (most recent call last):
  File "c:\Users\user\Documents\Projects\credit-risk-vehicle-loans\src\extraction.py", line 125, in _call_sidra_api
    response.raise_for_status()
    ~~~~~~~~~~~~~~~~~~~~~~~~~^^
  File "c:\Users\user\Documents\Projects\credit-risk-vehicle-loans\venv\Lib\site-packages\requests\models.py", line 1167, in raise_for_status
    raise HTTPError(http_error_msg, response=self)
requests.exceptions.HTTPError: 400 Client Error: Bad Request for url: https://apisidra.ibge.gov.br/values/t/6381/v/VD4020/n1/1/n2/3/p/last

During handling of the above exception, another exception occurred:

Traceback (most recent call last):
  File "<ipython-input-1-c644cd896208>", line 38, in main
    data = extractor.run_full_extraction_real()
  File "c:\Users\user\Documents\Projects\credit-risk-vehicle-loans\src\extraction.py", line 393, in run_full_extraction_real
    income_df = self.extract_ibge_income_real()
  File "c:\Users\user\Documents\Projects\credit-risk-vehicle-loans\src\extraction.py", line 205, in extract_ibge_income_real
    data = self._call_sidra_api(table_code, variables, period)
  File "c:\Users\user\Documents\Projects\credit-risk-vehicle-loans\src\extraction.py", line 138, in _call_sidra_api
    raise ConnectionError(f"Could not connect to SIDRA API: {e}")
ConnectionError: Could not connect to SIDRA API: 400 Client Error: Bad Request for url: https://apisidra.ibge.gov.br/values/t/6381/v/VD4020/n1/1/n2/3/p/last

2026-08-26 19:43:39,536 - INFO - >>> Starting Credit Risk Vehicle Loans Analysis Pipeline
2026-08-26 19:43:39,540 - INFO - >>> ⚠️ USING REAL DATA ONLY - NO FALLBACKS
2026-08-26 19:43:39,543 - INFO - ============================================================
2026-08-26 19:43:39,545 - INFO - >>> Step 1: Extracting REAL data from sources...
2026-08-26 19:43:39,595 - INFO - Starting REAL data extraction pipeline...
2026-08-26 19:43:39,597 - INFO -   Extracting BACEN default data...
2026-08-26 19:43:39,599 - INFO - Extracting REAL BACEN default data (series 21121)...
2026-08-26 19:43:39,604 - INFO -   BACEN API call attempt 1/5
2026-08-26 19:43:42,904 - INFO -   ✅ Successfully extracted 30 records from BACEN
2026-08-26 19:43:42,916 - INFO - ✅ Extracted 30 REAL records from BACEN series 21121
2026-08-26 19:43:42,924 - INFO -     ✅ 30 REAL records (monthly)
2026-08-26 19:43:42,926 - INFO -   Extracting IBGE income data...
2026-08-26 19:43:42,927 - INFO - Extracting REAL income data from IBGE SIDRA (table 6381)...
2026-08-26 19:43:42,929 - INFO -   Trying period: 202601
2026-08-26 19:43:42,932 - INFO -   Calling SIDRA API: https://apisidra.ibge.gov.br/values/t/6381/v/VD4020/n1/1/n2/3/p/202601
2026-08-26 19:43:44,518 - ERROR -   SIDRA API request failed: 400 Client Error: Bad Request for url: https://apisidra.ibge.gov.br/values/t/6381/v/VD4020/n1/1/n2/3/p/202601
2026-08-26 19:43:44,520 - WARNING -   Period 202601 failed: Could not connect to SIDRA API: 400 Client Error: Bad Request for url: https://apisidra.ibge.gov.br/values/t/6381/v/VD4020/n1/1/n2/3/p/202601
2026-08-26 19:43:44,524 - INFO -   Trying period: 202504
2026-08-26 19:43:44,526 - INFO -   Calling SIDRA API: https://apisidra.ibge.gov.br/values/t/6381/v/VD4020/n1/1/n2/3/p/202504
2026-08-26 19:43:46,045 - ERROR -   SIDRA API request failed: 400 Client Error: Bad Request for url: https://apisidra.ibge.gov.br/values/t/6381/v/VD4020/n1/1/n2/3/p/202504
2026-08-26 19:43:46,046 - WARNING -   Period 202504 failed: Could not connect to SIDRA API: 400 Client Error: Bad Request for url: https://apisidra.ibge.gov.br/values/t/6381/v/VD4020/n1/1/n2/3/p/202504
2026-08-26 19:43:46,052 - INFO -   Trying period: 202503
2026-08-26 19:43:46,055 - INFO -   Calling SIDRA API: https://apisidra.ibge.gov.br/values/t/6381/v/VD4020/n1/1/n2/3/p/202503
2026-08-26 19:43:47,586 - ERROR -   SIDRA API request failed: 400 Client Error: Bad Request for url: https://apisidra.ibge.gov.br/values/t/6381/v/VD4020/n1/1/n2/3/p/202503
2026-08-26 19:43:47,588 - WARNING -   Period 202503 failed: Could not connect to SIDRA API: 400 Client Error: Bad Request for url: https://apisidra.ibge.gov.br/values/t/6381/v/VD4020/n1/1/n2/3/p/202503
2026-08-26 19:43:47,592 - INFO -   Trying period: 202502
2026-08-26 19:43:47,594 - INFO -   Calling SIDRA API: https://apisidra.ibge.gov.br/values/t/6381/v/VD4020/n1/1/n2/3/p/202502
2026-08-26 19:43:49,101 - ERROR -   SIDRA API request failed: 400 Client Error: Bad Request for url: https://apisidra.ibge.gov.br/values/t/6381/v/VD4020/n1/1/n2/3/p/202502
2026-08-26 19:43:49,102 - WARNING -   Period 202502 failed: Could not connect to SIDRA API: 400 Client Error: Bad Request for url: https://apisidra.ibge.gov.br/values/t/6381/v/VD4020/n1/1/n2/3/p/202502
2026-08-26 19:43:49,107 - INFO -   Trying period: 202404
2026-08-26 19:43:49,109 - INFO -   Calling SIDRA API: https://apisidra.ibge.gov.br/values/t/6381/v/VD4020/n1/1/n2/3/p/202404
2026-08-26 19:43:50,628 - ERROR -   SIDRA API request failed: 400 Client Error: Bad Request for url: https://apisidra.ibge.gov.br/values/t/6381/v/VD4020/n1/1/n2/3/p/202404
2026-08-26 19:43:50,629 - WARNING -   Period 202404 failed: Could not connect to SIDRA API: 400 Client Error: Bad Request for url: https://apisidra.ibge.gov.br/values/t/6381/v/VD4020/n1/1/n2/3/p/202404
2026-08-26 19:43:50,635 - INFO -   Trying period: 202403
2026-08-26 19:43:50,638 - INFO -   Calling SIDRA API: https://apisidra.ibge.gov.br/values/t/6381/v/VD4020/n1/1/n2/3/p/202403
2026-08-26 19:43:52,148 - ERROR -   SIDRA API request failed: 400 Client Error: Bad Request for url: https://apisidra.ibge.gov.br/values/t/6381/v/VD4020/n1/1/n2/3/p/202403
2026-08-26 19:43:52,150 - WARNING -   Period 202403 failed: Could not connect to SIDRA API: 400 Client Error: Bad Request for url: https://apisidra.ibge.gov.br/values/t/6381/v/VD4020/n1/1/n2/3/p/202403
2026-08-26 19:43:52,154 - INFO -   Trying period: 202402
2026-08-26 19:43:52,157 - INFO -   Calling SIDRA API: https://apisidra.ibge.gov.br/values/t/6381/v/VD4020/n1/1/n2/3/p/202402
2026-08-26 19:43:53,627 - ERROR -   SIDRA API request failed: 400 Client Error: Bad Request for url: https://apisidra.ibge.gov.br/values/t/6381/v/VD4020/n1/1/n2/3/p/202402
2026-08-26 19:43:53,628 - WARNING -   Period 202402 failed: Could not connect to SIDRA API: 400 Client Error: Bad Request for url: https://apisidra.ibge.gov.br/values/t/6381/v/VD4020/n1/1/n2/3/p/202402
2026-08-26 19:43:53,633 - INFO -   Trying period: 202401
2026-08-26 19:43:53,637 - INFO -   Calling SIDRA API: https://apisidra.ibge.gov.br/values/t/6381/v/VD4020/n1/1/n2/3/p/202401
2026-08-26 19:43:55,211 - ERROR -   SIDRA API request failed: 400 Client Error: Bad Request for url: https://apisidra.ibge.gov.br/values/t/6381/v/VD4020/n1/1/n2/3/p/202401
2026-08-26 19:43:55,213 - WARNING -   Period 202401 failed: Could not connect to SIDRA API: 400 Client Error: Bad Request for url: https://apisidra.ibge.gov.br/values/t/6381/v/VD4020/n1/1/n2/3/p/202401
2026-08-26 19:43:55,218 - ERROR - ❌ Pipeline failed: No data found for table 6381 after trying periods: ['202601', '202504', '202503', '202502', '202404', '202403', '202402', '202401']. Last error: Could not connect to SIDRA API: 400 Client Error: Bad Request for url: https://apisidra.ibge.gov.br/values/t/6381/v/VD4020/n1/1/n2/3/p/202401
2026-08-26 19:43:55,224 - ERROR - Traceback (most recent call last):
  File "<ipython-input-1-513a29e92e62>", line 38, in main
    data = extractor.run_full_extraction_real()
  File "c:\Users\user\Documents\Projects\credit-risk-vehicle-loans\src\extraction.py", line 433, in run_full_extraction_real
    results['income'] = self.extract_ibge_income_real()
                        ~~~~~~~~~~~~~~~~~~~~~~~~~~~~~^^
  File "c:\Users\user\Documents\Projects\credit-risk-vehicle-loans\src\extraction.py", line 235, in extract_ibge_income_real
    period, df = self._get_latest_available_period(table_code, variables, periods)
                 ~~~~~~~~~~~~~~~~~~~~~~~~~~~~~~~~~^^^^^^^^^^^^^^^^^^^^^^^^^^^^^^^^
  File "c:\Users\user\Documents\Projects\credit-risk-vehicle-loans\src\extraction.py", line 219, in _get_latest_available_period
    raise ValueError(f"No data found for table {table_code} after trying periods: {periods}. Last error: {last_error}")
ValueError: No data found for table 6381 after trying periods: ['202601', '202504', '202503', '202502', '202404', '202403', '202402', '202401']. Last error: Could not connect to SIDRA API: 400 Client Error: Bad Request for url: https://apisidra.ibge.gov.br/values/t/6381/v/VD4020/n1/1/n2/3/p/202401

2026-08-26 19:48:44,676 - INFO - >>> Starting Credit Risk Vehicle Loans Analysis Pipeline
2026-08-26 19:48:44,680 - INFO - >>> ⚠️ USING REAL DATA ONLY - NO FALLBACKS
2026-08-26 19:48:44,682 - INFO - ============================================================
2026-08-26 19:48:44,685 - INFO - >>> Step 1: Extracting REAL data from sources...
2026-08-26 19:48:44,701 - INFO - Starting REAL data extraction pipeline...
2026-08-26 19:48:44,704 - INFO -   Extracting BACEN default data...
2026-08-26 19:48:44,708 - INFO - Extracting REAL BACEN default data (series 21121)...
2026-08-26 19:48:44,711 - INFO -   BACEN API call attempt 1/5
2026-08-26 19:48:47,861 - INFO -   ✅ Successfully extracted 30 records from BACEN
2026-08-26 19:48:47,918 - INFO - ✅ Extracted 30 REAL records from BACEN series 21121
2026-08-26 19:48:47,967 - INFO -     ✅ 30 REAL records (monthly)
2026-08-26 19:48:47,970 - INFO -   Extracting IBGE income data...
2026-08-26 19:48:47,978 - INFO - Extracting REAL income data from IBGE SIDRA (table 6381)...
2026-08-26 19:48:47,995 - INFO -   Calling SIDRA API: https://apisidra.ibge.gov.br/values/t/6381/v/VD4020/n1/1/n2/3
2026-08-26 19:48:51,060 - ERROR -   SIDRA API request failed: 400 Client Error: Bad Request for url: https://apisidra.ibge.gov.br/values/t/6381/v/VD4020/n1/1/n2/3
2026-08-26 19:48:51,062 - ERROR - ❌ Pipeline failed: Could not connect to SIDRA API: 400 Client Error: Bad Request for url: https://apisidra.ibge.gov.br/values/t/6381/v/VD4020/n1/1/n2/3
2026-08-26 19:48:51,141 - ERROR - Traceback (most recent call last):
  File "c:\Users\user\Documents\Projects\credit-risk-vehicle-loans\src\extraction.py", line 134, in _call_sidra_api_correct
    response.raise_for_status()
    ~~~~~~~~~~~~~~~~~~~~~~~~~^^
  File "c:\Users\user\Documents\Projects\credit-risk-vehicle-loans\venv\Lib\site-packages\requests\models.py", line 1167, in raise_for_status
    raise HTTPError(http_error_msg, response=self)
requests.exceptions.HTTPError: 400 Client Error: Bad Request for url: https://apisidra.ibge.gov.br/values/t/6381/v/VD4020/n1/1/n2/3

During handling of the above exception, another exception occurred:

Traceback (most recent call last):
  File "<ipython-input-1-513a29e92e62>", line 38, in main
    data = extractor.run_full_extraction_real()
  File "c:\Users\user\Documents\Projects\credit-risk-vehicle-loans\src\extraction.py", line 422, in run_full_extraction_real
    results['income'] = self.extract_ibge_income_real()
                        ~~~~~~~~~~~~~~~~~~~~~~~~~~~~~^^
  File "c:\Users\user\Documents\Projects\credit-risk-vehicle-loans\src\extraction.py", line 214, in extract_ibge_income_real
    df = self._call_sidra_api_correct(table_code, variables)
  File "c:\Users\user\Documents\Projects\credit-risk-vehicle-loans\src\extraction.py", line 152, in _call_sidra_api_correct
    raise ConnectionError(f"Could not connect to SIDRA API: {e}")
ConnectionError: Could not connect to SIDRA API: 400 Client Error: Bad Request for url: https://apisidra.ibge.gov.br/values/t/6381/v/VD4020/n1/1/n2/3

2026-08-26 19:54:49,792 - INFO - >>> Starting Credit Risk Vehicle Loans Analysis Pipeline
2026-08-26 19:54:49,798 - INFO - >>> ⚠️ USING REAL DATA ONLY - NO FALLBACKS
2026-08-26 19:54:49,813 - INFO - ============================================================
2026-08-26 19:54:49,817 - INFO - >>> Step 1: Extracting REAL data from sources...
2026-08-26 19:54:49,831 - INFO - Starting REAL data extraction pipeline...
2026-08-26 19:54:49,834 - INFO -   Extracting BACEN default data...
2026-08-26 19:54:49,838 - INFO - Extracting REAL BACEN default data (series 21121)...
2026-08-26 19:54:49,844 - INFO -   BACEN API call attempt 1/5
2026-08-26 19:54:53,965 - INFO -   ✅ Successfully extracted 30 records from BACEN
2026-08-26 19:54:54,011 - INFO - ✅ Extracted 30 REAL records from BACEN series 21121
2026-08-26 19:54:54,045 - INFO -     ✅ 30 REAL records (monthly)
2026-08-26 19:54:54,056 - INFO -   Extracting IBGE income data...
2026-08-26 19:54:54,065 - INFO - Extracting REAL income data from IBGE SIDRA (table 6381)...
2026-08-26 19:54:54,073 - INFO -   Trying SIDRA URL: https://apisidra.ibge.gov.br/values/t/6381/v/VD4020/n1/1/n2/3
2026-08-26 19:54:56,289 - WARNING -   URL failed: 400
2026-08-26 19:54:56,291 - INFO -   Trying SIDRA URL: https://apisidra.ibge.gov.br/values/t/6381/allxp/n1/1/n2/3
2026-08-26 19:54:58,798 - WARNING -   URL failed: 400
2026-08-26 19:54:58,810 - INFO -   Trying SIDRA URL: https://apisidra.ibge.gov.br/values/t/6381/n1/1/n2/3
2026-08-26 19:55:01,160 - WARNING -   URL failed: 400
2026-08-26 19:55:01,162 - WARNING -   Variable VD4020 failed: Could not extract data from SIDRA for table 6381
2026-08-26 19:55:01,171 - INFO -   Trying SIDRA URL: https://apisidra.ibge.gov.br/values/t/6381/v/VD4019/n1/1/n2/3
2026-08-26 19:55:03,527 - WARNING -   URL failed: 400
2026-08-26 19:55:03,529 - INFO -   Trying SIDRA URL: https://apisidra.ibge.gov.br/values/t/6381/allxp/n1/1/n2/3
2026-08-26 19:55:05,880 - WARNING -   URL failed: 400
2026-08-26 19:55:05,885 - INFO -   Trying SIDRA URL: https://apisidra.ibge.gov.br/values/t/6381/n1/1/n2/3
2026-08-26 19:55:07,984 - WARNING -   URL failed: 400
2026-08-26 19:55:07,986 - WARNING -   Variable VD4019 failed: Could not extract data from SIDRA for table 6381
2026-08-26 19:55:07,991 - INFO -   Trying SIDRA URL: https://apisidra.ibge.gov.br/values/t/6381/v/VD4016/n1/1/n2/3
2026-08-26 19:55:09,971 - WARNING -   URL failed: 400
2026-08-26 19:55:09,973 - INFO -   Trying SIDRA URL: https://apisidra.ibge.gov.br/values/t/6381/allxp/n1/1/n2/3
2026-08-26 19:55:11,986 - WARNING -   URL failed: 400
2026-08-26 19:55:11,988 - INFO -   Trying SIDRA URL: https://apisidra.ibge.gov.br/values/t/6381/n1/1/n2/3
2026-08-26 19:55:13,893 - WARNING -   URL failed: 400
2026-08-26 19:55:13,896 - WARNING -   Variable VD4016 failed: Could not extract data from SIDRA for table 6381
2026-08-26 19:55:13,901 - INFO -   Trying SIDRA URL: https://apisidra.ibge.gov.br/values/t/6381/v/VD4001/n1/1/n2/3
2026-08-26 19:55:15,850 - WARNING -   URL failed: 400
2026-08-26 19:55:15,852 - INFO -   Trying SIDRA URL: https://apisidra.ibge.gov.br/values/t/6381/allxp/n1/1/n2/3
2026-08-26 19:55:18,155 - WARNING -   URL failed: 400
2026-08-26 19:55:18,157 - INFO -   Trying SIDRA URL: https://apisidra.ibge.gov.br/values/t/6381/n1/1/n2/3
2026-08-26 19:55:20,138 - WARNING -   URL failed: 400
2026-08-26 19:55:20,141 - WARNING -   Variable VD4001 failed: Could not extract data from SIDRA for table 6381
2026-08-26 19:55:20,148 - ERROR - ❌ Pipeline failed: Could not extract income data from IBGE SIDRA
2026-08-26 19:55:20,161 - ERROR - Traceback (most recent call last):
  File "<ipython-input-1-513a29e92e62>", line 38, in main
    data = extractor.run_full_extraction_real()
  File "c:\Users\user\Documents\Projects\credit-risk-vehicle-loans\src\extraction.py", line 413, in run_full_extraction_real
    results['income'] = self.extract_ibge_income_real()
                        ~~~~~~~~~~~~~~~~~~~~~~~~~~~~~^^
  File "c:\Users\user\Documents\Projects\credit-risk-vehicle-loans\src\extraction.py", line 224, in extract_ibge_income_real
    raise ValueError("Could not extract income data from IBGE SIDRA")
ValueError: Could not extract income data from IBGE SIDRA

2026-08-26 20:07:13,143 - INFO - >>> Starting Credit Risk Vehicle Loans Analysis Pipeline
2026-08-26 20:07:13,145 - INFO - >>> ⚠️ USING REAL DATA ONLY - NO FALLBACKS
2026-08-26 20:07:13,147 - INFO - ============================================================
2026-08-26 20:07:13,150 - INFO - >>> Step 1: Extracting REAL data from sources...
2026-08-26 20:07:13,166 - INFO - Starting REAL data extraction pipeline...
2026-08-26 20:07:13,169 - INFO -   Extracting BACEN default data...
2026-08-26 20:07:13,171 - INFO - Extracting REAL BACEN default data (series 21121)...
2026-08-26 20:07:13,175 - INFO -   BACEN API call attempt 1/5
2026-08-26 20:07:16,293 - INFO -   ✅ Successfully extracted 30 records from BACEN
2026-08-26 20:07:16,315 - INFO - ✅ Extracted 30 REAL records from BACEN series 21121
2026-08-26 20:07:16,318 - INFO -     ✅ 30 REAL records (monthly)
2026-08-26 20:07:16,321 - INFO -   Extracting PNAD data via pnadium...
2026-08-26 20:07:16,324 - INFO - Extracting latest available REAL PNAD data...
2026-08-26 20:07:16,327 - INFO -   Trying 2025 Q1...
2026-08-26 20:07:16,329 - INFO - Extracting REAL PNAD data for 2025 Q1 using pnadium...
2026-08-26 20:07:16,331 - INFO -   Downloading PNAD microdata for 2025 Q1...
2026-08-26 20:07:16,333 - ERROR - Failed to extract PNAD data: baixar_microdados() got an unexpected keyword argument 'retornar_dados'
2026-08-26 20:07:16,338 - WARNING -   2025 Q1 failed: baixar_microdados() got an unexpected keyword argument 'retornar_dados'
2026-08-26 20:07:16,343 - INFO -   Trying 2025 Q2...
2026-08-26 20:07:16,348 - INFO - Extracting REAL PNAD data for 2025 Q2 using pnadium...
2026-08-26 20:07:16,351 - INFO -   Downloading PNAD microdata for 2025 Q2...
2026-08-26 20:07:16,356 - ERROR - Failed to extract PNAD data: baixar_microdados() got an unexpected keyword argument 'retornar_dados'
2026-08-26 20:07:16,364 - WARNING -   2025 Q2 failed: baixar_microdados() got an unexpected keyword argument 'retornar_dados'
2026-08-26 20:07:16,367 - INFO -   Trying 2025 Q3...
2026-08-26 20:07:16,370 - INFO - Extracting REAL PNAD data for 2025 Q3 using pnadium...
2026-08-26 20:07:16,377 - INFO -   Downloading PNAD microdata for 2025 Q3...
2026-08-26 20:07:16,379 - ERROR - Failed to extract PNAD data: baixar_microdados() got an unexpected keyword argument 'retornar_dados'
2026-08-26 20:07:16,382 - WARNING -   2025 Q3 failed: baixar_microdados() got an unexpected keyword argument 'retornar_dados'
2026-08-26 20:07:16,385 - INFO -   Trying 2025 Q4...
2026-08-26 20:07:16,387 - INFO - Extracting REAL PNAD data for 2025 Q4 using pnadium...
2026-08-26 20:07:16,391 - INFO -   Downloading PNAD microdata for 2025 Q4...
2026-08-26 20:07:16,395 - ERROR - Failed to extract PNAD data: baixar_microdados() got an unexpected keyword argument 'retornar_dados'
2026-08-26 20:07:16,399 - WARNING -   2025 Q4 failed: baixar_microdados() got an unexpected keyword argument 'retornar_dados'
2026-08-26 20:07:16,406 - INFO -   Trying 2024 Q1...
2026-08-26 20:07:16,410 - INFO - Extracting REAL PNAD data for 2024 Q1 using pnadium...
2026-08-26 20:07:16,414 - INFO -   Downloading PNAD microdata for 2024 Q1...
2026-08-26 20:07:16,416 - ERROR - Failed to extract PNAD data: baixar_microdados() got an unexpected keyword argument 'retornar_dados'
2026-08-26 20:07:16,418 - WARNING -   2024 Q1 failed: baixar_microdados() got an unexpected keyword argument 'retornar_dados'
2026-08-26 20:07:16,422 - INFO -   Trying 2024 Q2...
2026-08-26 20:07:16,427 - INFO - Extracting REAL PNAD data for 2024 Q2 using pnadium...
2026-08-26 20:07:16,429 - INFO -   Downloading PNAD microdata for 2024 Q2...
2026-08-26 20:07:16,432 - ERROR - Failed to extract PNAD data: baixar_microdados() got an unexpected keyword argument 'retornar_dados'
2026-08-26 20:07:16,435 - WARNING -   2024 Q2 failed: baixar_microdados() got an unexpected keyword argument 'retornar_dados'
2026-08-26 20:07:16,440 - INFO -   Trying 2024 Q3...
2026-08-26 20:07:16,444 - INFO - Extracting REAL PNAD data for 2024 Q3 using pnadium...
2026-08-26 20:07:16,446 - INFO -   Downloading PNAD microdata for 2024 Q3...
2026-08-26 20:07:16,449 - ERROR - Failed to extract PNAD data: baixar_microdados() got an unexpected keyword argument 'retornar_dados'
2026-08-26 20:07:16,455 - WARNING -   2024 Q3 failed: baixar_microdados() got an unexpected keyword argument 'retornar_dados'
2026-08-26 20:07:16,459 - INFO -   Trying 2024 Q4...
2026-08-26 20:07:16,463 - INFO - Extracting REAL PNAD data for 2024 Q4 using pnadium...
2026-08-26 20:07:16,466 - INFO -   Downloading PNAD microdata for 2024 Q4...
2026-08-26 20:07:16,471 - ERROR - Failed to extract PNAD data: baixar_microdados() got an unexpected keyword argument 'retornar_dados'
2026-08-26 20:07:16,477 - WARNING -   2024 Q4 failed: baixar_microdados() got an unexpected keyword argument 'retornar_dados'
2026-08-26 20:07:16,481 - INFO -   Trying 2023 Q1...
2026-08-26 20:07:16,484 - INFO - Extracting REAL PNAD data for 2023 Q1 using pnadium...
2026-08-26 20:07:16,488 - INFO -   Downloading PNAD microdata for 2023 Q1...
2026-08-26 20:07:16,492 - ERROR - Failed to extract PNAD data: baixar_microdados() got an unexpected keyword argument 'retornar_dados'
2026-08-26 20:07:16,496 - WARNING -   2023 Q1 failed: baixar_microdados() got an unexpected keyword argument 'retornar_dados'
2026-08-26 20:07:16,499 - INFO -   Trying 2023 Q2...
2026-08-26 20:07:16,502 - INFO - Extracting REAL PNAD data for 2023 Q2 using pnadium...
2026-08-26 20:07:16,504 - INFO -   Downloading PNAD microdata for 2023 Q2...
2026-08-26 20:07:16,508 - ERROR - Failed to extract PNAD data: baixar_microdados() got an unexpected keyword argument 'retornar_dados'
2026-08-26 20:07:16,511 - WARNING -   2023 Q2 failed: baixar_microdados() got an unexpected keyword argument 'retornar_dados'
2026-08-26 20:07:16,514 - INFO -   Trying 2023 Q3...
2026-08-26 20:07:16,517 - INFO - Extracting REAL PNAD data for 2023 Q3 using pnadium...
2026-08-26 20:07:16,520 - INFO -   Downloading PNAD microdata for 2023 Q3...
2026-08-26 20:07:16,523 - ERROR - Failed to extract PNAD data: baixar_microdados() got an unexpected keyword argument 'retornar_dados'
2026-08-26 20:07:16,526 - WARNING -   2023 Q3 failed: baixar_microdados() got an unexpected keyword argument 'retornar_dados'
2026-08-26 20:07:16,529 - INFO -   Trying 2023 Q4...
2026-08-26 20:07:16,532 - INFO - Extracting REAL PNAD data for 2023 Q4 using pnadium...
2026-08-26 20:07:16,536 - INFO -   Downloading PNAD microdata for 2023 Q4...
2026-08-26 20:07:16,540 - ERROR - Failed to extract PNAD data: baixar_microdados() got an unexpected keyword argument 'retornar_dados'
2026-08-26 20:07:16,543 - WARNING -   2023 Q4 failed: baixar_microdados() got an unexpected keyword argument 'retornar_dados'
2026-08-26 20:07:16,546 - ERROR - ❌ Pipeline failed: Could not extract PNAD data for any recent quarter. Last error: baixar_microdados() got an unexpected keyword argument 'retornar_dados'
2026-08-26 20:07:16,553 - ERROR - Traceback (most recent call last):
  File "<ipython-input-1-513a29e92e62>", line 38, in main
    data = extractor.run_full_extraction_real()
  File "c:\Users\user\Documents\Projects\credit-risk-vehicle-loans\src\extraction.py", line 536, in run_full_extraction_real
    pnad_results = self.extract_pnad_latest_real()
  File "c:\Users\user\Documents\Projects\credit-risk-vehicle-loans\src\extraction.py", line 399, in extract_pnad_latest_real
    raise ValueError(f"Could not extract PNAD data for any recent quarter. Last error: {last_error}")
ValueError: Could not extract PNAD data for any recent quarter. Last error: baixar_microdados() got an unexpected keyword argument 'retornar_dados'

2026-08-26 20:14:14,754 - INFO - >>> Starting Credit Risk Vehicle Loans Analysis Pipeline
2026-08-26 20:14:14,756 - INFO - >>> ⚠️ USING REAL DATA ONLY - NO FALLBACKS
2026-08-26 20:14:14,758 - INFO - ============================================================
2026-08-26 20:14:14,762 - INFO - >>> Step 1: Extracting REAL data from sources...
2026-08-26 20:14:14,778 - INFO - Starting REAL data extraction pipeline...
2026-08-26 20:14:14,781 - INFO -   Extracting BACEN default data...
2026-08-26 20:14:14,785 - INFO - Extracting REAL BACEN default data (series 21121)...
2026-08-26 20:14:14,788 - INFO -   BACEN API call attempt 1/5
2026-08-26 20:14:17,425 - INFO -   ✅ Successfully extracted 30 records from BACEN
2026-08-26 20:14:17,436 - INFO - ✅ Extracted 30 REAL records from BACEN series 21121
2026-08-26 20:14:17,440 - INFO -     ✅ 30 REAL records (monthly)
2026-08-26 20:14:17,444 - INFO -   Extracting PNAD data via pnadium...
2026-08-26 20:14:17,447 - INFO - Extracting latest available REAL PNAD data...
2026-08-26 20:14:17,449 - INFO -   Trying 2025 Q1...
2026-08-26 20:14:17,450 - INFO - Extracting REAL PNAD data for 2025 Q1 using pnadium...
2026-08-26 20:14:17,452 - INFO -   Downloading PNAD microdata for 2025 Q1...
2026-08-26 20:15:28,631 - INFO -   Downloaded 472367 records from PNAD
2026-08-26 20:15:28,632 - INFO -   Calculating median income by state from PNAD microdata...
2026-08-26 20:15:30,433 - INFO -   Calculated median income for 27 states
2026-08-26 20:15:30,435 - INFO -   Calculating GINI index by state from PNAD microdata...
2026-08-26 20:15:31,889 - INFO -   Calculated GINI for 27 states
2026-08-26 20:15:31,891 - INFO -   Calculating unemployment rate by state from PNAD microdata...
2026-08-26 20:15:32,979 - INFO -   Calculated unemployment rate for 27 states
2026-08-26 20:15:32,991 - INFO - ✅ Extracted REAL PNAD data for 2025 Q1
2026-08-26 20:15:32,999 - INFO - ✅ Successfully extracted PNAD data for 2025 Q1
2026-08-26 20:15:33,002 - INFO -     ✅ Income: 27 states
2026-08-26 20:15:33,008 - INFO -     ✅ GINI: 27 states
2026-08-26 20:15:33,011 - INFO -     ✅ Unemployment: 27 states
2026-08-26 20:15:33,014 - INFO -   Extracting FipeZAP rental data...
2026-08-26 20:15:33,018 - INFO - Extracting REAL FipeZAP rental data...
2026-08-26 20:15:33,021 - INFO - Downloading FipeZAP data from https://downloads.fipe.org.br/indices/fipezap/fipezap-serieshistoricas.xlsx
2026-08-26 20:15:33,621 - ERROR - Failed to download FipeZAP: 403 Client Error: Forbidden for url: https://downloads.fipe.org.br/indices/fipezap/fipezap-serieshistoricas.xlsx
2026-08-26 20:15:33,622 - ERROR - ❌ Pipeline failed: Could not download FipeZAP data: 403 Client Error: Forbidden for url: https://downloads.fipe.org.br/indices/fipezap/fipezap-serieshistoricas.xlsx
2026-08-26 20:15:33,640 - ERROR - Traceback (most recent call last):
  File "c:\Users\user\Documents\Projects\credit-risk-vehicle-loans\src\extraction.py", line 422, in extract_fipezap_rent_real
    response.raise_for_status()
    ~~~~~~~~~~~~~~~~~~~~~~~~~^^
  File "c:\Users\user\Documents\Projects\credit-risk-vehicle-loans\venv\Lib\site-packages\requests\models.py", line 1167, in raise_for_status
    raise HTTPError(http_error_msg, response=self)
requests.exceptions.HTTPError: 403 Client Error: Forbidden for url: https://downloads.fipe.org.br/indices/fipezap/fipezap-serieshistoricas.xlsx

During handling of the above exception, another exception occurred:

Traceback (most recent call last):
  File "<ipython-input-1-513a29e92e62>", line 38, in main
    data = extractor.run_full_extraction_real()
  File "c:\Users\user\Documents\Projects\credit-risk-vehicle-loans\src\extraction.py", line 554, in run_full_extraction_real
    results['rent'] = self.extract_fipezap_rent_real()
                      ~~~~~~~~~~~~~~~~~~~~~~~~~~~~~~^^
  File "c:\Users\user\Documents\Projects\credit-risk-vehicle-loans\src\extraction.py", line 431, in extract_fipezap_rent_real
    raise ConnectionError(f"Could not download FipeZAP data: {e}")
ConnectionError: Could not download FipeZAP data: 403 Client Error: Forbidden for url: https://downloads.fipe.org.br/indices/fipezap/fipezap-serieshistoricas.xlsx

2026-08-26 20:26:58,191 - INFO - >>> Starting Credit Risk Vehicle Loans Analysis Pipeline
2026-08-26 20:26:58,194 - INFO - >>> ⚠️ USING REAL DATA ONLY - NO FALLBACKS
2026-08-26 20:26:58,200 - INFO - ============================================================
2026-08-26 20:26:58,202 - INFO - >>> Step 1: Extracting REAL data from sources...
2026-08-26 20:26:58,217 - INFO - Starting REAL data extraction pipeline...
2026-08-26 20:26:58,220 - INFO -   Extracting BACEN default data...
2026-08-26 20:26:58,222 - INFO - Extracting REAL BACEN default data (series 21121)...
2026-08-26 20:26:58,225 - INFO -   BACEN API call attempt 1/5
2026-08-26 20:27:01,367 - INFO -   ✅ Successfully extracted 30 records from BACEN
2026-08-26 20:27:01,434 - INFO - ✅ Extracted 30 REAL records from BACEN series 21121
2026-08-26 20:27:01,441 - INFO -     ✅ 30 REAL records (monthly)
2026-08-26 20:27:01,443 - INFO -   Extracting PNAD data via pnadium...
2026-08-26 20:27:01,444 - INFO - Extracting latest available REAL PNAD data...
2026-08-26 20:27:01,448 - INFO -   Trying 2025 Q1...
2026-08-26 20:27:01,453 - INFO - Extracting REAL PNAD data for 2025 Q1 using pnadium...
2026-08-26 20:27:01,456 - INFO -   Downloading PNAD microdata for 2025 Q1...
2026-08-26 20:28:22,204 - INFO -   Downloaded 472367 records from PNAD
2026-08-26 20:28:22,206 - INFO -   Calculating median income by state from PNAD microdata...
2026-08-26 20:28:24,126 - INFO -   Calculated median income for 27 states
2026-08-26 20:28:24,128 - INFO -   Calculating GINI index by state from PNAD microdata...
2026-08-26 20:28:25,680 - INFO -   Calculated GINI for 27 states
2026-08-26 20:28:25,682 - INFO -   Calculating unemployment rate by state from PNAD microdata...
2026-08-26 20:28:27,165 - INFO -   Calculated unemployment rate for 27 states
2026-08-26 20:28:27,179 - INFO - ✅ Extracted REAL PNAD data for 2025 Q1
2026-08-26 20:28:27,193 - INFO - ✅ Successfully extracted PNAD data for 2025 Q1
2026-08-26 20:28:27,196 - INFO -     ✅ Income: 27 states
2026-08-26 20:28:27,202 - INFO -     ✅ GINI: 27 states
2026-08-26 20:28:27,205 - INFO -     ✅ Unemployment: 27 states
2026-08-26 20:28:27,208 - INFO -   Extracting FipeZAP rental data...
2026-08-26 20:28:27,211 - INFO - Extracting REAL FipeZAP rental data...
2026-08-26 20:28:27,624 - INFO -   Attempting to download from: https://downloads.fipe.org.br/indices/fipezap/fipezap-serieshistoricas.xlsx
2026-08-26 20:28:29,215 - INFO -   ✅ Downloaded FipeZAP Excel file to c:\Users\user\Documents\Projects\credit-risk-vehicle-loans\data\raw\fipezap_serieshistoricas.xlsx
2026-08-26 20:28:29,220 - INFO -   Processing FipeZAP Excel file...
2026-08-26 20:28:52,786 - ERROR - ❌ Pipeline failed: No rental data could be extracted from FipeZAP Excel
2026-08-26 20:28:52,810 - ERROR - Traceback (most recent call last):
  File "<ipython-input-1-513a29e92e62>", line 38, in main
    data = extractor.run_full_extraction_real()
  File "c:\Users\user\Documents\Projects\credit-risk-vehicle-loans\src\extraction.py", line 557, in run_full_extraction_real
    results['rent'] = self.extract_fipezap_rent_real()
                      ~~~~~~~~~~~~~~~~~~~~~~~~~~~~~~^^
  File "c:\Users\user\Documents\Projects\credit-risk-vehicle-loans\src\extraction.py", line 423, in extract_fipezap_rent_real
    return self._process_fipezap_excel(excel_path)
           ~~~~~~~~~~~~~~~~~~~~~~~~~~~^^^^^^^^^^^^
  File "c:\Users\user\Documents\Projects\credit-risk-vehicle-loans\src\extraction.py", line 518, in _process_fipezap_excel
    raise ValueError("No rental data could be extracted from FipeZAP Excel")
ValueError: No rental data could be extracted from FipeZAP Excel

2026-08-26 20:34:44,690 - INFO - >>> Starting Credit Risk Vehicle Loans Analysis Pipeline
2026-08-26 20:34:44,704 - INFO - >>> ⚠️ USING REAL DATA ONLY - NO FALLBACKS
2026-08-26 20:34:44,706 - INFO - ============================================================
2026-08-26 20:34:44,709 - INFO - >>> Step 1: Extracting REAL data from sources...
2026-08-26 20:34:44,740 - INFO - Starting REAL data extraction pipeline...
2026-08-26 20:34:44,758 - INFO -   Extracting BACEN default data...
2026-08-26 20:34:44,761 - INFO - Extracting REAL BACEN default data (series 21121)...
2026-08-26 20:34:44,769 - INFO -   BACEN API call attempt 1/5
2026-08-26 20:34:48,271 - INFO -   ✅ Successfully extracted 30 records from BACEN
2026-08-26 20:34:48,486 - INFO - ✅ Extracted 30 REAL records from BACEN series 21121
2026-08-26 20:34:48,513 - INFO -     ✅ 30 REAL records (monthly)
2026-08-26 20:34:48,517 - INFO -   Extracting PNAD data via pnadium...
2026-08-26 20:34:48,540 - INFO - Extracting latest available REAL PNAD data...
2026-08-26 20:34:48,542 - INFO -   Trying 2025 Q1...
2026-08-26 20:34:48,554 - INFO - Extracting REAL PNAD data for 2025 Q1 using pnadium...
2026-08-26 20:34:48,618 - INFO -   Downloading PNAD microdata for 2025 Q1...
2026-08-26 20:36:11,964 - INFO -   Downloaded 472367 records from PNAD
2026-08-26 20:36:11,971 - INFO -   Calculating median income by state from PNAD microdata...
2026-08-26 20:36:14,592 - INFO -   Calculated median income for 27 states
2026-08-26 20:36:14,594 - INFO -   Calculating GINI index by state from PNAD microdata...
2026-08-26 20:36:16,604 - INFO -   Calculated GINI for 27 states
2026-08-26 20:36:16,606 - INFO -   Calculating unemployment rate by state from PNAD microdata...
2026-08-26 20:36:18,071 - INFO -   Calculated unemployment rate for 27 states
2026-08-26 20:36:18,128 - INFO - ✅ Extracted REAL PNAD data for 2025 Q1
2026-08-26 20:36:18,138 - INFO - ✅ Successfully extracted PNAD data for 2025 Q1
2026-08-26 20:36:18,139 - INFO -     ✅ Income: 27 states
2026-08-26 20:36:18,143 - INFO -     ✅ GINI: 27 states
2026-08-26 20:36:18,150 - INFO -     ✅ Unemployment: 27 states
2026-08-26 20:36:18,161 - INFO -   Extracting FipeZAP rental data...
2026-08-26 20:36:18,164 - INFO - Extracting REAL FipeZAP rental data...
2026-08-26 20:36:18,217 - INFO -   Loading FipeZAP data from local file: c:\Users\user\Documents\Projects\credit-risk-vehicle-loans\data\raw\fipezap_serieshistoricas.xlsx
2026-08-26 20:36:18,225 - INFO -   Processing FipeZAP Excel file...
2026-08-26 20:36:19,256 - INFO -   Processing sheet: Rio de Janeiro -> RJ
2026-08-26 20:36:20,002 - INFO -   Extracted 0 records from sheet Rio de Janeiro
2026-08-26 20:36:20,004 - INFO -   Processing sheet: Belo Horizonte -> MG
2026-08-26 20:36:20,839 - INFO -   Extracted 0 records from sheet Belo Horizonte
2026-08-26 20:36:20,840 - INFO -   Processing sheet: Porto Alegre -> RS
2026-08-26 20:36:21,673 - INFO -   Extracted 0 records from sheet Porto Alegre
2026-08-26 20:36:21,675 - INFO -   Processing sheet: Curitiba -> PR
2026-08-26 20:36:22,542 - INFO -   Extracted 0 records from sheet Curitiba
2026-08-26 20:36:22,544 - INFO -   Processing sheet: Campo Grande -> MS
2026-08-26 20:36:23,476 - INFO -   Extracted 0 records from sheet Campo Grande
2026-08-26 20:36:23,478 - INFO -   Processing sheet: Aracaju -> SE
2026-08-26 20:36:24,572 - INFO -   Extracted 0 records from sheet Aracaju
2026-08-26 20:36:24,573 - INFO -   Processing sheet: Fortaleza -> CE
2026-08-26 20:36:25,472 - INFO -   Extracted 0 records from sheet Fortaleza
2026-08-26 20:36:25,474 - INFO -   Processing sheet: Natal -> RN
2026-08-26 20:36:26,472 - INFO -   Extracted 0 records from sheet Natal
2026-08-26 20:36:26,475 - INFO -   Processing sheet: Recife -> PE
2026-08-26 20:36:27,363 - INFO -   Extracted 0 records from sheet Recife
2026-08-26 20:36:27,365 - INFO -   Processing sheet: Salvador -> BA
2026-08-26 20:36:28,054 - INFO -   Extracted 0 records from sheet Salvador
2026-08-26 20:36:28,056 - INFO -   Processing sheet: Teresina -> PI
2026-08-26 20:36:28,938 - INFO -   Extracted 0 records from sheet Teresina
2026-08-26 20:36:28,940 - INFO -   Processing sheet: Manaus -> AM
2026-08-26 20:36:29,567 - INFO -   Extracted 0 records from sheet Manaus
2026-08-26 20:36:29,569 - WARNING - No rental data could be extracted from FipeZAP Excel
2026-08-26 20:36:29,571 - INFO -   Trying alternative approach: extracting latest values...
2026-08-26 20:36:29,574 - INFO -   Extracting latest FipeZAP values per state...
2026-08-26 20:36:34,438 - ERROR - Error processing FipeZAP Excel: Could not extract FipeZAP data using alternative method
2026-08-26 20:36:34,440 - WARNING -   Failed to load local file: Could not extract FipeZAP data using alternative method
2026-08-26 20:36:34,444 - INFO -   Attempting to download FipeZAP data...
2026-08-26 20:36:35,446 - INFO -   ✅ Downloaded FipeZAP Excel file to c:\Users\user\Documents\Projects\credit-risk-vehicle-loans\data\raw\fipezap_serieshistoricas.xlsx
2026-08-26 20:36:35,453 - INFO -   Processing FipeZAP Excel file...
2026-08-26 20:36:36,084 - INFO -   Processing sheet: Rio de Janeiro -> RJ
2026-08-26 20:36:37,066 - INFO -   Extracted 0 records from sheet Rio de Janeiro
2026-08-26 20:36:37,068 - INFO -   Processing sheet: Belo Horizonte -> MG
2026-08-26 20:36:38,441 - INFO -   Extracted 0 records from sheet Belo Horizonte
2026-08-26 20:36:38,670 - INFO -   Processing sheet: Porto Alegre -> RS
2026-08-26 20:36:40,020 - INFO -   Extracted 0 records from sheet Porto Alegre
2026-08-26 20:36:40,022 - INFO -   Processing sheet: Curitiba -> PR
2026-08-26 20:36:41,197 - INFO -   Extracted 0 records from sheet Curitiba
2026-08-26 20:36:41,199 - INFO -   Processing sheet: Campo Grande -> MS
2026-08-26 20:36:42,095 - INFO -   Extracted 0 records from sheet Campo Grande
2026-08-26 20:36:42,096 - INFO -   Processing sheet: Aracaju -> SE
2026-08-26 20:36:42,854 - INFO -   Extracted 0 records from sheet Aracaju
2026-08-26 20:36:42,856 - INFO -   Processing sheet: Fortaleza -> CE
2026-08-26 20:36:43,698 - INFO -   Extracted 0 records from sheet Fortaleza
2026-08-26 20:36:43,699 - INFO -   Processing sheet: Natal -> RN
2026-08-26 20:36:44,741 - INFO -   Extracted 0 records from sheet Natal
2026-08-26 20:36:45,353 - INFO -   Processing sheet: Recife -> PE
2026-08-26 20:36:46,075 - INFO -   Extracted 0 records from sheet Recife
2026-08-26 20:36:46,546 - INFO -   Processing sheet: Salvador -> BA
2026-08-26 20:36:47,194 - INFO -   Extracted 0 records from sheet Salvador
2026-08-26 20:36:47,196 - INFO -   Processing sheet: Teresina -> PI
2026-08-26 20:36:47,890 - INFO -   Extracted 0 records from sheet Teresina
2026-08-26 20:36:47,892 - INFO -   Processing sheet: Manaus -> AM
2026-08-26 20:36:48,560 - INFO -   Extracted 0 records from sheet Manaus
2026-08-26 20:36:48,561 - WARNING - No rental data could be extracted from FipeZAP Excel
2026-08-26 20:36:48,564 - INFO -   Trying alternative approach: extracting latest values...
2026-08-26 20:36:48,567 - INFO -   Extracting latest FipeZAP values per state...
2026-08-26 20:36:53,296 - ERROR - Error processing FipeZAP Excel: Could not extract FipeZAP data using alternative method
2026-08-26 20:36:53,298 - ERROR - ❌ Pipeline failed: Could not extract FipeZAP data using alternative method
2026-08-26 20:36:53,459 - ERROR - Traceback (most recent call last):
  File "<ipython-input-1-513a29e92e62>", line 38, in main
    data = extractor.run_full_extraction_real()
  File "c:\Users\user\Documents\Projects\credit-risk-vehicle-loans\src\extraction.py", line 666, in run_full_extraction_real
    results['rent'] = self.extract_fipezap_rent_real()
                      ~~~~~~~~~~~~~~~~~~~~~~~~~~~~~~^^
  File "c:\Users\user\Documents\Projects\credit-risk-vehicle-loans\src\extraction.py", line 403, in extract_fipezap_rent_real
    return self._process_fipezap_excel(excel_path)
           ~~~~~~~~~~~~~~~~~~~~~~~~~~~^^^^^^^^^^^^
  File "c:\Users\user\Documents\Projects\credit-risk-vehicle-loans\src\extraction.py", line 553, in _process_fipezap_excel
    return self._extract_fipezap_latest_values(xl, city_state_map)
           ~~~~~~~~~~~~~~~~~~~~~~~~~~~~~~~~~~~^^^^^^^^^^^^^^^^^^^^
  File "c:\Users\user\Documents\Projects\credit-risk-vehicle-loans\src\extraction.py", line 634, in _extract_fipezap_latest_values
    raise ValueError("Could not extract FipeZAP data using alternative method")
ValueError: Could not extract FipeZAP data using alternative method

2026-08-26 21:05:05,693 - INFO - >>> Starting Credit Risk Vehicle Loans Analysis Pipeline
2026-08-26 21:05:05,703 - INFO - >>> ⚠️ USING REAL DATA ONLY - NO FALLBACKS
2026-08-26 21:05:05,711 - INFO - ============================================================
2026-08-26 21:05:05,718 - INFO - >>> Step 1: Extracting REAL data from sources...
2026-08-26 21:05:05,735 - INFO - Starting REAL data extraction pipeline...
2026-08-26 21:05:05,737 - INFO -   Extracting BACEN default data...
2026-08-26 21:05:05,740 - INFO - Extracting REAL BACEN default data (series 21121)...
2026-08-26 21:05:05,748 - INFO -   BACEN API call attempt 1/5
2026-08-26 21:05:09,919 - INFO -   ✅ Successfully extracted 30 records from BACEN
2026-08-26 21:05:10,034 - INFO - ✅ Extracted 30 REAL records from BACEN series 21121
2026-08-26 21:05:10,048 - INFO -     ✅ 30 REAL records (monthly)
2026-08-26 21:05:10,054 - INFO -   Extracting PNAD data via pnadium...
2026-08-26 21:05:10,063 - INFO - Extracting latest available REAL PNAD data...
2026-08-26 21:05:10,065 - INFO -   Trying 2025 Q1...
2026-08-26 21:05:10,069 - INFO - Extracting REAL PNAD data for 2025 Q1 using pnadium...
2026-08-26 21:05:10,079 - INFO -   Downloading PNAD microdata for 2025 Q1...
2026-08-26 21:06:29,447 - INFO -   Downloaded 472367 records from PNAD
2026-08-26 21:06:29,449 - INFO -   Calculating median income by state from PNAD microdata...
2026-08-26 21:06:32,086 - INFO -   Calculated median income for 27 states
2026-08-26 21:06:32,088 - INFO -   Calculating GINI index by state from PNAD microdata...
2026-08-26 21:06:34,438 - INFO -   Calculated GINI for 27 states
2026-08-26 21:06:34,440 - INFO -   Calculating unemployment rate by state from PNAD microdata...
2026-08-26 21:06:36,354 - INFO -   Calculated unemployment rate for 27 states
2026-08-26 21:06:36,363 - INFO - ✅ Extracted REAL PNAD data for 2025 Q1
2026-08-26 21:06:36,369 - INFO - ✅ Successfully extracted PNAD data for 2025 Q1
2026-08-26 21:06:36,370 - INFO -     ✅ Income: 27 states
2026-08-26 21:06:36,373 - INFO -     ✅ GINI: 27 states
2026-08-26 21:06:36,377 - INFO -     ✅ Unemployment: 27 states
2026-08-26 21:06:36,382 - INFO -   Extracting FipeZAP rental data...
2026-08-26 21:06:36,386 - INFO - Extracting REAL FipeZAP rental data...
2026-08-26 21:06:36,501 - INFO -   Loading FipeZAP data from local file: c:\Users\user\Documents\Projects\credit-risk-vehicle-loans\data\raw\fipezap_serieshistoricas.xlsx
2026-08-26 21:06:36,507 - INFO -   Processing FipeZAP Excel file...
2026-08-26 21:06:39,501 - INFO -   Processing sheet: Rio de Janeiro -> RJ
2026-08-26 21:06:41,305 - INFO -   Using date column: 0, variation column: 22
2026-08-26 21:06:41,369 - INFO -   Extracted 0 records from sheet Rio de Janeiro
2026-08-26 21:06:41,380 - INFO -   Processing sheet: Belo Horizonte -> MG
2026-08-26 21:06:42,788 - INFO -   Using date column: 0, variation column: 22
2026-08-26 21:06:42,824 - INFO -   Extracted 0 records from sheet Belo Horizonte
2026-08-26 21:06:42,828 - INFO -   Processing sheet: Porto Alegre -> RS
2026-08-26 21:06:43,606 - INFO -   Using date column: 0, variation column: 22
2026-08-26 21:06:43,650 - INFO -   Extracted 0 records from sheet Porto Alegre
2026-08-26 21:06:43,653 - INFO -   Processing sheet: Curitiba -> PR
2026-08-26 21:06:44,445 - INFO -   Using date column: 0, variation column: 22
2026-08-26 21:06:44,529 - INFO -   Extracted 0 records from sheet Curitiba
2026-08-26 21:06:44,531 - INFO -   Processing sheet: Campo Grande -> MS
2026-08-26 21:06:45,328 - INFO -   Using date column: 0, variation column: 22
2026-08-26 21:06:45,534 - INFO -   Extracted 0 records from sheet Campo Grande
2026-08-26 21:06:45,536 - INFO -   Processing sheet: Aracaju -> SE
2026-08-26 21:06:46,280 - INFO -   Using date column: 0, variation column: 22
2026-08-26 21:06:46,339 - INFO -   Extracted 0 records from sheet Aracaju
2026-08-26 21:06:46,340 - INFO -   Processing sheet: Fortaleza -> CE
2026-08-26 21:06:47,046 - INFO -   Using date column: 0, variation column: 22
2026-08-26 21:06:47,223 - INFO -   Extracted 0 records from sheet Fortaleza
2026-08-26 21:06:47,225 - INFO -   Processing sheet: Natal -> RN
2026-08-26 21:06:48,147 - INFO -   Using date column: 0, variation column: 22
2026-08-26 21:06:48,638 - INFO -   Extracted 0 records from sheet Natal
2026-08-26 21:06:48,640 - INFO -   Processing sheet: Recife -> PE
2026-08-26 21:06:50,148 - INFO -   Using date column: 0, variation column: 22
2026-08-26 21:06:50,189 - INFO -   Extracted 0 records from sheet Recife
2026-08-26 21:06:50,192 - INFO -   Processing sheet: Salvador -> BA
2026-08-26 21:06:50,878 - INFO -   Using date column: 0, variation column: 22
2026-08-26 21:06:50,905 - INFO -   Extracted 0 records from sheet Salvador
2026-08-26 21:06:50,907 - INFO -   Processing sheet: Teresina -> PI
2026-08-26 21:06:51,668 - INFO -   Using date column: 0, variation column: 22
2026-08-26 21:06:51,705 - INFO -   Extracted 0 records from sheet Teresina
2026-08-26 21:06:51,707 - INFO -   Processing sheet: Manaus -> AM
2026-08-26 21:06:53,077 - INFO -   Using date column: 0, variation column: 22
2026-08-26 21:06:53,111 - INFO -   Extracted 0 records from sheet Manaus
2026-08-26 21:06:53,113 - WARNING - No rental data could be extracted from FipeZAP Excel
2026-08-26 21:06:53,115 - INFO -   Trying alternative approach: extracting latest values...
2026-08-26 21:06:53,118 - INFO -   Extracting latest FipeZAP values per state...
2026-08-26 21:06:53,430 - INFO -   RJ: latest variation = -0.001307183929937783
2026-08-26 21:06:53,700 - INFO -   MG: latest variation = 0.022544529976475935
2026-08-26 21:06:53,967 - INFO -   RS: latest variation = -0.0023268125108171223
2026-08-26 21:06:54,213 - INFO -   PR: latest variation = 0.12266451970524805
2026-08-26 21:06:56,173 - INFO -   BA: latest variation = 0.1301728512307596
2026-08-26 21:06:57,094 - INFO - ✅ Extracted latest FipeZAP values for 5 states
2026-08-26 21:06:57,097 - INFO -     ✅ 5 REAL records
2026-08-26 21:06:57,099 - INFO - ✅ REAL data extraction pipeline completed!
2026-08-26 21:06:57,135 - INFO - Saved: c:\Users\user\Documents\Projects\credit-risk-vehicle-loans\data\raw\real_scr_defaults_20260826_210657.csv
2026-08-26 21:06:57,143 - INFO - Saved: c:\Users\user\Documents\Projects\credit-risk-vehicle-loans\data\raw\real_income_20260826_210657.csv
2026-08-26 21:06:57,151 - INFO - Saved: c:\Users\user\Documents\Projects\credit-risk-vehicle-loans\data\raw\real_gini_20260826_210657.csv
2026-08-26 21:06:57,159 - INFO - Saved: c:\Users\user\Documents\Projects\credit-risk-vehicle-loans\data\raw\real_unemployment_20260826_210657.csv
2026-08-26 21:06:57,166 - INFO - Saved: c:\Users\user\Documents\Projects\credit-risk-vehicle-loans\data\raw\real_rent_20260826_210657.csv
2026-08-26 21:06:57,168 - INFO - >>> Step 2: Storing data in SQLite...
2026-08-26 21:06:57,174 - INFO - Resetting database...
2026-08-26 21:06:57,188 - INFO - Connected to database: data\credit_risk.db
2026-08-26 21:06:57,279 - INFO - Tables created successfully
2026-08-26 21:06:57,294 - INFO - Database reset completed
2026-08-26 21:06:57,300 - INFO - Connected to database: data\credit_risk.db
2026-08-26 21:06:57,357 - INFO - Inserted 30 rows into scr_monthly
2026-08-26 21:06:57,367 - INFO - Connected to database: data\credit_risk.db
2026-08-26 21:06:57,398 - INFO - Inserted 27 rows into macro_indicators
2026-08-26 21:06:57,404 - INFO - Connected to database: data\credit_risk.db
2026-08-26 21:06:57,412 - ERROR - Failed to insert data into macro_indicators: Execution failed
2026-08-26 21:06:57,414 - ERROR - ❌ Pipeline failed: Execution failed
2026-08-26 21:06:57,605 - ERROR - Traceback (most recent call last):
  File "c:\Users\user\Documents\Projects\credit-risk-vehicle-loans\venv\Lib\site-packages\pandas\io\sql.py", line 2614, in _execute_insert
    conn.executemany(self.insert_statement(num_rows=1), data_list)
    ~~~~~~~~~~~~~~~~^^^^^^^^^^^^^^^^^^^^^^^^^^^^^^^^^^^^^^^^^^^^^^
sqlite3.IntegrityError: UNIQUE constraint failed: macro_indicators.state_code, macro_indicators.month_date

The above exception was the direct cause of the following exception:

Traceback (most recent call last):
  File "<ipython-input-1-513a29e92e62>", line 48, in main
    db.insert_data('macro_indicators', data['gini'])
    ~~~~~~~~~~~~~~^^^^^^^^^^^^^^^^^^^^^^^^^^^^^^^^^^
  File "c:\Users\user\Documents\Projects\credit-risk-vehicle-loans\src\database.py", line 122, in insert_data
    df_filtered.to_sql(table, self.connection, if_exists='append', index=False)
    ~~~~~~~~~~~~~~~~~~^^^^^^^^^^^^^^^^^^^^^^^^^^^^^^^^^^^^^^^^^^^^^^^^^^^^^^^^^
  File "c:\Users\user\Documents\Projects\credit-risk-vehicle-loans\venv\Lib\site-packages\pandas\core\generic.py", line 3040, in to_sql
    return sql.to_sql(
           ~~~~~~~~~~^
        self,
        ^^^^^
    ...<8 lines>...
        method=method,
        ^^^^^^^^^^^^^^
    )
    ^
  File "c:\Users\user\Documents\Projects\credit-risk-vehicle-loans\venv\Lib\site-packages\pandas\io\sql.py", line 841, in to_sql
    return pandas_sql.to_sql(
           ~~~~~~~~~~~~~~~~~^
        frame,
        ^^^^^^
    ...<9 lines>...
        **engine_kwargs,
        ^^^^^^^^^^^^^^^^
    )
    ^
  File "c:\Users\user\Documents\Projects\credit-risk-vehicle-loans\venv\Lib\site-packages\pandas\io\sql.py", line 2923, in to_sql
    return table.insert(chunksize, method)
           ~~~~~~~~~~~~^^^^^^^^^^^^^^^^^^^
  File "c:\Users\user\Documents\Projects\credit-risk-vehicle-loans\venv\Lib\site-packages\pandas\io\sql.py", line 1122, in insert
    num_inserted = exec_insert(conn, keys, chunk_iter)
  File "c:\Users\user\Documents\Projects\credit-risk-vehicle-loans\venv\Lib\site-packages\pandas\io\sql.py", line 2616, in _execute_insert
    raise DatabaseError("Execution failed") from exc
pandas.errors.DatabaseError: Execution failed

2026-08-26 21:13:37,227 - INFO - >>> Starting Credit Risk Vehicle Loans Analysis Pipeline
2026-08-26 21:13:37,236 - INFO - >>> USING REAL DATA ONLY - NO FALLBACKS
2026-08-26 21:13:37,239 - INFO - ============================================================
2026-08-26 21:13:37,242 - INFO - >>> Step 1: Extracting REAL data from sources...
2026-08-26 21:13:37,260 - INFO - Starting REAL data extraction pipeline...
2026-08-26 21:13:37,262 - INFO -   Extracting BACEN default data...
2026-08-26 21:13:37,268 - INFO - Extracting REAL BACEN default data (series 21121)...
2026-08-26 21:13:37,271 - INFO -   BACEN API call attempt 1/5
2026-08-26 21:13:40,477 - INFO -   ✅ Successfully extracted 30 records from BACEN
2026-08-26 21:13:40,531 - INFO - ✅ Extracted 30 REAL records from BACEN series 21121
2026-08-26 21:13:40,540 - INFO -     ✅ 30 REAL records (monthly)
2026-08-26 21:13:40,544 - INFO -   Extracting PNAD data via pnadium...
2026-08-26 21:13:40,548 - INFO - Extracting latest available REAL PNAD data...
2026-08-26 21:13:40,553 - INFO -   Trying 2025 Q1...
2026-08-26 21:13:40,557 - INFO - Extracting REAL PNAD data for 2025 Q1 using pnadium...
2026-08-26 21:13:40,567 - INFO -   Downloading PNAD microdata for 2025 Q1...
2026-08-26 21:14:50,000 - INFO -   Downloaded 472367 records from PNAD
2026-08-26 21:14:50,001 - INFO -   Calculating median income by state from PNAD microdata...
2026-08-26 21:14:54,690 - INFO -   Calculated median income for 27 states
2026-08-26 21:14:54,692 - INFO -   Calculating GINI index by state from PNAD microdata...
2026-08-26 21:14:56,315 - INFO -   Calculated GINI for 27 states
2026-08-26 21:14:56,317 - INFO -   Calculating unemployment rate by state from PNAD microdata...
2026-08-26 21:14:57,433 - INFO -   Calculated unemployment rate for 27 states
2026-08-26 21:14:57,730 - INFO - ✅ Extracted REAL PNAD data for 2025 Q1
2026-08-26 21:14:57,742 - INFO - ✅ Successfully extracted PNAD data for 2025 Q1
2026-08-26 21:14:57,745 - INFO -     ✅ Income: 27 states
2026-08-26 21:14:57,750 - INFO -     ✅ GINI: 27 states
2026-08-26 21:14:57,754 - INFO -     ✅ Unemployment: 27 states
2026-08-26 21:14:57,761 - INFO -   Extracting FipeZAP rental data...
2026-08-26 21:14:57,763 - INFO - Extracting REAL FipeZAP rental data...
2026-08-26 21:14:57,791 - INFO -   Loading FipeZAP data from local file: c:\Users\user\Documents\Projects\credit-risk-vehicle-loans\data\raw\fipezap_serieshistoricas.xlsx
2026-08-26 21:14:57,796 - INFO -   Processing FipeZAP Excel file...
2026-08-26 21:14:58,311 - INFO -   Processing sheet: Rio de Janeiro -> RJ
2026-08-26 21:14:58,977 - INFO -   Extracted 0 records from sheet Rio de Janeiro
2026-08-26 21:14:58,979 - INFO -   Processing sheet: Belo Horizonte -> MG
2026-08-26 21:14:59,672 - INFO -   Extracted 0 records from sheet Belo Horizonte
2026-08-26 21:14:59,675 - INFO -   Processing sheet: Porto Alegre -> RS
2026-08-26 21:15:00,429 - INFO -   Extracted 0 records from sheet Porto Alegre
2026-08-26 21:15:00,430 - INFO -   Processing sheet: Curitiba -> PR
2026-08-26 21:15:01,060 - INFO -   Extracted 0 records from sheet Curitiba
2026-08-26 21:15:01,062 - INFO -   Processing sheet: Campo Grande -> MS
2026-08-26 21:15:01,693 - INFO -   Extracted 0 records from sheet Campo Grande
2026-08-26 21:15:01,695 - INFO -   Processing sheet: Aracaju -> SE
2026-08-26 21:15:02,421 - INFO -   Extracted 0 records from sheet Aracaju
2026-08-26 21:15:02,424 - INFO -   Processing sheet: Fortaleza -> CE
2026-08-26 21:15:03,035 - INFO -   Extracted 0 records from sheet Fortaleza
2026-08-26 21:15:03,037 - INFO -   Processing sheet: Natal -> RN
2026-08-26 21:15:03,662 - INFO -   Extracted 0 records from sheet Natal
2026-08-26 21:15:03,663 - INFO -   Processing sheet: Recife -> PE
2026-08-26 21:15:04,280 - INFO -   Extracted 0 records from sheet Recife
2026-08-26 21:15:04,282 - INFO -   Processing sheet: Salvador -> BA
2026-08-26 21:15:04,874 - INFO -   Extracted 0 records from sheet Salvador
2026-08-26 21:15:04,875 - INFO -   Processing sheet: Teresina -> PI
2026-08-26 21:15:05,559 - INFO -   Extracted 0 records from sheet Teresina
2026-08-26 21:15:05,560 - INFO -   Processing sheet: Manaus -> AM
2026-08-26 21:15:06,161 - INFO -   Extracted 0 records from sheet Manaus
2026-08-26 21:15:06,163 - INFO -   Extracting latest FipeZAP values per state...
2026-08-26 21:15:06,395 - INFO -   RJ: latest variation = -0.001307183929937783
2026-08-26 21:15:06,721 - INFO -   MG: latest variation = 0.022544529976475935
2026-08-26 21:15:06,956 - INFO -   RS: latest variation = -0.0023268125108171223
2026-08-26 21:15:07,186 - INFO -   PR: latest variation = 0.12266451970524805
2026-08-26 21:15:08,536 - INFO -   BA: latest variation = 0.1301728512307596
2026-08-26 21:15:09,003 - INFO - ✅ Extracted latest FipeZAP values for 5 states
2026-08-26 21:15:09,005 - INFO -     ✅ 5 REAL records
2026-08-26 21:15:09,008 - INFO - ✅ REAL data extraction pipeline completed!
2026-08-26 21:15:09,042 - INFO - Saved: c:\Users\user\Documents\Projects\credit-risk-vehicle-loans\data\raw\real_scr_defaults_20260826_211509.csv
2026-08-26 21:15:09,050 - INFO - Saved: c:\Users\user\Documents\Projects\credit-risk-vehicle-loans\data\raw\real_income_20260826_211509.csv
2026-08-26 21:15:09,056 - INFO - Saved: c:\Users\user\Documents\Projects\credit-risk-vehicle-loans\data\raw\real_gini_20260826_211509.csv
2026-08-26 21:15:09,065 - INFO - Saved: c:\Users\user\Documents\Projects\credit-risk-vehicle-loans\data\raw\real_unemployment_20260826_211509.csv
2026-08-26 21:15:09,072 - INFO - Saved: c:\Users\user\Documents\Projects\credit-risk-vehicle-loans\data\raw\real_rent_20260826_211509.csv
2026-08-26 21:15:09,074 - INFO - >>> Step 2: Storing data in SQLite...
2026-08-26 21:15:09,078 - INFO - Resetting database...
2026-08-26 21:15:09,088 - INFO - Connected to database: data\credit_risk.db
2026-08-26 21:15:09,204 - INFO - Tables created successfully
2026-08-26 21:15:09,221 - INFO - Database reset completed
2026-08-26 21:15:09,228 - INFO - Connected to database: data\credit_risk.db
2026-08-26 21:15:09,246 - INFO - Connected to database: data\credit_risk.db
2026-08-26 21:15:09,330 - INFO - Inserted 30 rows into scr_monthly
2026-08-26 21:15:09,334 - INFO -   Merging macro indicators...
2026-08-26 21:15:09,397 - INFO - Connected to database: data\credit_risk.db
2026-08-26 21:15:09,403 - INFO - Connected to database: data\credit_risk.db
2026-08-26 21:15:09,454 - INFO - Inserted 27 rows into macro_indicators
2026-08-26 21:15:09,458 - INFO - Connected to database: data\credit_risk.db
2026-08-26 21:15:09,461 - INFO -    ✅ SCR records: 30
2026-08-26 21:15:09,464 - INFO - Connected to database: data\credit_risk.db
2026-08-26 21:15:09,471 - INFO -    ✅ Macro records: 27
2026-08-26 21:15:09,475 - INFO - >>> Step 3: Running statistical analysis...
2026-08-26 21:15:09,477 - INFO - Running full analysis...
2026-08-26 21:15:09,481 - INFO - Connected to database: data\credit_risk.db
2026-08-26 21:15:09,520 - INFO - Calculated medians for 1 states
2026-08-26 21:15:09,526 - INFO - Connected to database: data\credit_risk.db
2026-08-26 21:15:09,531 - INFO - Available columns: ['state_code', 'median_income', 'quarter', 'month_date', 'gini_index', 'unemployment_rate', 'rent_variation']
2026-08-26 21:15:09,536 - INFO - Connected to database: data\credit_risk.db
2026-08-26 21:15:09,542 - INFO - Connected to database: data\credit_risk.db
2026-08-26 21:15:09,590 - WARNING - No matching data between default and macro indicators
2026-08-26 21:15:09,600 - INFO - Connected to database: data\credit_risk.db
2026-08-26 21:15:09,616 - INFO - Connected to database: data\credit_risk.db
2026-08-26 21:15:09,708 - INFO - Connected to database: data\credit_risk.db
2026-08-26 21:15:09,720 - INFO - Analysis completed with 4 results
2026-08-26 21:15:09,722 - INFO - >>> Step 4: Exporting results...
2026-08-26 21:15:09,734 - INFO - Exported: reports\state_medians.csv (1 rows)
2026-08-26 21:15:09,746 - INFO - Exported: reports\monthly_rankings.csv (1 rows)
2026-08-26 21:15:09,755 - INFO - Exported: reports\trend_analysis.csv (1 rows)
2026-08-26 21:15:09,770 - INFO - Exported: reports\outliers.csv (1 rows)
2026-08-26 21:15:09,775 - INFO - Exported 4 files
2026-08-26 21:15:09,781 - INFO - 
============================================================
2026-08-26 21:15:09,785 - INFO - ANALYSIS SUMMARY - REAL DATA
2026-08-26 21:15:09,788 - INFO - ============================================================
2026-08-26 21:15:09,790 - INFO - 
📊 Database Statistics:
2026-08-26 21:15:09,794 - INFO - Connected to database: data\credit_risk.db
2026-08-26 21:15:09,801 - INFO -    SCR records: 30
2026-08-26 21:15:09,805 - INFO - Connected to database: data\credit_risk.db
2026-08-26 21:15:09,808 - INFO -    Macro records: 27
2026-08-26 21:15:09,811 - INFO - 
🏆 Top 5 States - Highest Median Default Rates:
2026-08-26 21:15:09,815 - INFO -    BR: 5.18%
2026-08-26 21:15:09,818 - INFO - 
============================================================
2026-08-26 21:15:09,821 - INFO - ✅ Pipeline completed successfully with REAL data!
2026-08-26 21:35:51,528 - INFO - >>> Starting Credit Risk Vehicle Loans Analysis Pipeline
2026-08-26 21:35:51,534 - INFO - >>> USING REAL DATA ONLY - NO FALLBACKS
2026-08-26 21:35:51,537 - INFO - ============================================================
2026-08-26 21:35:51,539 - INFO - >>> Step 1: Extracting REAL data from sources...
2026-08-26 21:35:51,557 - INFO - Starting REAL data extraction pipeline...
2026-08-26 21:35:51,559 - INFO -   Extracting BACEN default data...
2026-08-26 21:35:51,561 - INFO - Extracting REAL BACEN default data (series 21121)...
2026-08-26 21:35:51,564 - INFO -   BACEN API call attempt 1/5
2026-08-26 21:35:55,123 - INFO -   ✅ Successfully extracted 30 records from BACEN
2026-08-26 21:35:55,174 - INFO - ✅ Extracted 30 REAL records from BACEN series 21121
2026-08-26 21:35:55,183 - INFO -     National data: 30 records
2026-08-26 21:35:55,185 - INFO -   Distributing BACEN data to all states...
2026-08-26 21:35:55,270 - INFO -   Distributed BACEN data to 27 states
2026-08-26 21:35:55,273 - INFO -     ✅ 810 REAL records (by state)
2026-08-26 21:35:55,275 - INFO -   Extracting PNAD data via pnadium...
2026-08-26 21:35:55,278 - INFO - Extracting latest available REAL PNAD data...
2026-08-26 21:35:55,282 - INFO -   Trying 2025 Q1...
2026-08-26 21:35:55,288 - INFO - Extracting REAL PNAD data for 2025 Q1 using pnadium...
2026-08-26 21:35:55,292 - INFO -   Downloading PNAD microdata for 2025 Q1...
2026-08-26 21:37:01,415 - INFO -   Downloaded 472367 records from PNAD
2026-08-26 21:37:01,417 - INFO -   Calculating median income by state from PNAD microdata...
2026-08-26 21:37:02,876 - INFO -   Calculated median income for 27 states
2026-08-26 21:37:02,878 - INFO -   Calculating GINI index by state from PNAD microdata...
2026-08-26 21:37:04,182 - INFO -   Calculated GINI for 27 states
2026-08-26 21:37:04,184 - INFO -   Calculating unemployment rate by state from PNAD microdata...
2026-08-26 21:37:05,250 - INFO -   Calculated unemployment rate for 27 states
2026-08-26 21:37:05,260 - INFO - ✅ Extracted REAL PNAD data for 2025 Q1
2026-08-26 21:37:05,268 - INFO - ✅ Successfully extracted PNAD data for 2025 Q1
2026-08-26 21:37:05,274 - INFO -     ✅ Income: 27 states
2026-08-26 21:37:05,280 - INFO -     ✅ GINI: 27 states
2026-08-26 21:37:05,283 - INFO -     ✅ Unemployment: 27 states
2026-08-26 21:37:05,286 - INFO -   Extracting FipeZAP rental data...
2026-08-26 21:37:05,291 - INFO - Extracting REAL FipeZAP rental data...
2026-08-26 21:37:05,312 - INFO -   Loading FipeZAP data from local file: c:\Users\user\Documents\Projects\credit-risk-vehicle-loans\data\raw\fipezap_serieshistoricas.xlsx
2026-08-26 21:37:05,316 - INFO -   Processing FipeZAP Excel file...
2026-08-26 21:37:09,367 - INFO -   Processing sheet: Rio de Janeiro -> RJ
2026-08-26 21:37:10,297 - INFO -   Extracted 0 records from sheet Rio de Janeiro
2026-08-26 21:37:10,300 - INFO -   Processing sheet: Belo Horizonte -> MG
2026-08-26 21:37:11,434 - INFO -   Extracted 0 records from sheet Belo Horizonte
2026-08-26 21:37:11,437 - INFO -   Processing sheet: Porto Alegre -> RS
2026-08-26 21:37:12,440 - INFO -   Extracted 0 records from sheet Porto Alegre
2026-08-26 21:37:12,442 - INFO -   Processing sheet: Curitiba -> PR
2026-08-26 21:37:13,157 - INFO -   Extracted 0 records from sheet Curitiba
2026-08-26 21:37:13,159 - INFO -   Processing sheet: Campo Grande -> MS
2026-08-26 21:37:13,930 - INFO -   Extracted 0 records from sheet Campo Grande
2026-08-26 21:37:13,932 - INFO -   Processing sheet: Aracaju -> SE
2026-08-26 21:37:14,826 - INFO -   Extracted 0 records from sheet Aracaju
2026-08-26 21:37:14,828 - INFO -   Processing sheet: Fortaleza -> CE
2026-08-26 21:37:15,406 - INFO -   Extracted 0 records from sheet Fortaleza
2026-08-26 21:37:15,408 - INFO -   Processing sheet: Natal -> RN
2026-08-26 21:37:16,010 - INFO -   Extracted 0 records from sheet Natal
2026-08-26 21:37:16,012 - INFO -   Processing sheet: Recife -> PE
2026-08-26 21:37:16,784 - INFO -   Extracted 0 records from sheet Recife
2026-08-26 21:37:16,786 - INFO -   Processing sheet: Salvador -> BA
2026-08-26 21:37:17,444 - INFO -   Extracted 0 records from sheet Salvador
2026-08-26 21:37:17,446 - INFO -   Processing sheet: Teresina -> PI
2026-08-26 21:37:18,272 - INFO -   Extracted 0 records from sheet Teresina
2026-08-26 21:37:18,273 - INFO -   Processing sheet: Manaus -> AM
2026-08-26 21:37:18,851 - INFO -   Extracted 0 records from sheet Manaus
2026-08-26 21:37:19,251 - INFO -   Extracting latest FipeZAP values per state...
2026-08-26 21:37:19,507 - INFO -   RJ: latest variation = -0.001307183929937783
2026-08-26 21:37:19,721 - INFO -   MG: latest variation = 0.022544529976475935
2026-08-26 21:37:19,940 - INFO -   RS: latest variation = -0.0023268125108171223
2026-08-26 21:37:20,159 - INFO -   PR: latest variation = 0.12266451970524805
2026-08-26 21:37:21,425 - INFO -   BA: latest variation = 0.1301728512307596
2026-08-26 21:37:21,874 - INFO - ✅ Extracted latest FipeZAP values for 5 states
2026-08-26 21:37:21,877 - INFO -     ✅ 5 REAL records
2026-08-26 21:37:21,879 - INFO - ✅ REAL data extraction pipeline completed!
2026-08-26 21:37:22,678 - INFO - Saved: c:\Users\user\Documents\Projects\credit-risk-vehicle-loans\data\raw\real_scr_defaults_20260826_213721.csv
2026-08-26 21:37:22,684 - INFO - Saved: c:\Users\user\Documents\Projects\credit-risk-vehicle-loans\data\raw\real_income_20260826_213721.csv
2026-08-26 21:37:22,691 - INFO - Saved: c:\Users\user\Documents\Projects\credit-risk-vehicle-loans\data\raw\real_gini_20260826_213721.csv
2026-08-26 21:37:22,698 - INFO - Saved: c:\Users\user\Documents\Projects\credit-risk-vehicle-loans\data\raw\real_unemployment_20260826_213721.csv
2026-08-26 21:37:22,705 - INFO - Saved: c:\Users\user\Documents\Projects\credit-risk-vehicle-loans\data\raw\real_rent_20260826_213721.csv
2026-08-26 21:37:22,707 - INFO - >>> Step 2: Storing data in SQLite...
2026-08-26 21:37:22,712 - INFO - Resetting database...
2026-08-26 21:37:22,836 - INFO - Connected to database: data\credit_risk.db
2026-08-26 21:37:22,914 - INFO - Tables created successfully
2026-08-26 21:37:22,944 - INFO - Database reset completed
2026-08-26 21:37:22,950 - INFO - Connected to database: data\credit_risk.db
2026-08-26 21:37:22,960 - INFO - Connected to database: data\credit_risk.db
2026-08-26 21:37:23,022 - INFO - Inserted 810 rows into scr_monthly
2026-08-26 21:37:23,024 - INFO -   Merging macro indicators...
2026-08-26 21:37:23,076 - INFO - Connected to database: data\credit_risk.db
2026-08-26 21:37:23,081 - INFO - Connected to database: data\credit_risk.db
2026-08-26 21:37:23,135 - INFO - Inserted 27 rows into macro_indicators
2026-08-26 21:37:23,139 - INFO - Connected to database: data\credit_risk.db
2026-08-26 21:37:23,142 - INFO -    ✅ SCR records: 810
2026-08-26 21:37:23,146 - INFO - Connected to database: data\credit_risk.db
2026-08-26 21:37:23,149 - INFO -    ✅ Macro records: 27
2026-08-26 21:37:23,183 - INFO - >>> Step 3: Running statistical analysis...
2026-08-26 21:37:23,189 - INFO - Running full analysis...
2026-08-26 21:37:23,194 - INFO - Connected to database: data\credit_risk.db
2026-08-26 21:37:23,342 - INFO - Calculated medians for 27 states
2026-08-26 21:37:23,344 - INFO - Connected to database: data\credit_risk.db
2026-08-26 21:37:23,348 - INFO - Available columns: ['state_code', 'median_income', 'quarter', 'month_date', 'gini_index', 'unemployment_rate', 'rent_variation']
2026-08-26 21:37:23,352 - INFO - Connected to database: data\credit_risk.db
2026-08-26 21:37:23,363 - INFO - Connected to database: data\credit_risk.db
2026-08-26 21:37:23,385 - WARNING - No matching data between default and macro indicators
2026-08-26 21:37:23,390 - INFO - Connected to database: data\credit_risk.db
2026-08-26 21:37:23,407 - INFO - Connected to database: data\credit_risk.db
2026-08-26 21:37:23,761 - INFO - Connected to database: data\credit_risk.db
2026-08-26 21:37:23,809 - INFO - Analysis completed with 4 results
2026-08-26 21:37:23,811 - INFO - >>> Step 4: Exporting results...
2026-08-26 21:37:23,899 - INFO - Exported: reports\state_medians.csv (27 rows)
2026-08-26 21:37:23,905 - INFO - Exported: reports\monthly_rankings.csv (27 rows)
2026-08-26 21:37:23,912 - INFO - Exported: reports\trend_analysis.csv (27 rows)
2026-08-26 21:37:23,920 - INFO - Exported: reports\outliers.csv (27 rows)
2026-08-26 21:37:23,923 - INFO - Exported 4 files
2026-08-26 21:37:23,926 - INFO - 
============================================================
2026-08-26 21:37:23,930 - INFO - ANALYSIS SUMMARY - REAL DATA
2026-08-26 21:37:23,935 - INFO - ============================================================
2026-08-26 21:37:23,938 - INFO - 
📊 Database Statistics:
2026-08-26 21:37:23,942 - INFO - Connected to database: data\credit_risk.db
2026-08-26 21:37:23,947 - INFO -    SCR records: 810
2026-08-26 21:37:23,952 - INFO - Connected to database: data\credit_risk.db
2026-08-26 21:37:23,958 - INFO -    Macro records: 27
2026-08-26 21:37:23,980 - INFO - 
🏆 Top 5 States - Highest Median Default Rates:
2026-08-26 21:37:23,986 - INFO -    PB: 6.44%
2026-08-26 21:37:23,993 - INFO -    MA: 6.41%
2026-08-26 21:37:23,997 - INFO -    AL: 6.36%
2026-08-26 21:37:24,001 - INFO -    PE: 6.24%
2026-08-26 21:37:24,003 - INFO -    PI: 6.15%
2026-08-26 21:37:24,006 - WARNING -    No correlations were generated
2026-08-26 21:37:24,008 - INFO - 
📈 Most Distressed States (avg ranking):
2026-08-26 21:37:24,012 - INFO -    PB: avg_rank=1.0, times_in_top_3=30
2026-08-26 21:37:24,014 - INFO -    MA: avg_rank=2.0, times_in_top_3=30
2026-08-26 21:37:24,018 - INFO -    AL: avg_rank=3.0, times_in_top_3=30
2026-08-26 21:37:24,020 - INFO -    PE: avg_rank=4.0, times_in_top_3=0
2026-08-26 21:37:24,023 - INFO -    PI: avg_rank=5.0, times_in_top_3=0
2026-08-26 21:37:24,056 - INFO - 
📉 Trend Analysis:
2026-08-26 21:37:24,064 - INFO -    Increasing: 27 states
2026-08-26 21:37:24,066 - INFO -    Decreasing: 0 states
2026-08-26 21:37:24,068 - INFO -    Stable: 0 states
2026-08-26 21:37:24,070 - INFO - 
🔍 Outlier Detection:
2026-08-26 21:37:24,072 - INFO -    Total outliers detected: 27
2026-08-26 21:37:24,076 - INFO -    States with most outliers:
2026-08-26 21:37:24,078 - INFO -       AC: 1 outliers
2026-08-26 21:37:24,080 - INFO -       AL: 1 outliers
2026-08-26 21:37:24,100 - INFO -       AM: 1 outliers
2026-08-26 21:37:24,102 - INFO -       AP: 1 outliers
2026-08-26 21:37:24,104 - INFO -       BA: 1 outliers
2026-08-26 21:37:24,105 - INFO - 
============================================================
2026-08-26 21:37:24,107 - INFO - ✅ Pipeline completed successfully with REAL data!
2026-08-31 20:42:16,293 - INFO - >>> Starting Credit Risk Vehicle Loans Analysis Pipeline
2026-08-31 20:42:16,299 - INFO - >>> USING REAL DATA ONLY - NO FALLBACKS
2026-08-31 20:42:16,303 - INFO - ============================================================
2026-08-31 20:42:16,306 - INFO - >>> Step 1: Extracting REAL data from sources...
2026-08-31 20:42:16,439 - INFO - Starting REAL data extraction pipeline...
2026-08-31 20:42:16,445 - INFO -   Extracting BACEN default data...
2026-08-31 20:42:16,450 - INFO - Extracting REAL BACEN default data (series 21121)...
2026-08-31 20:42:16,455 - INFO -   BACEN API call attempt 1/5
2026-08-31 20:42:19,667 - INFO -   ✅ Successfully extracted 30 records from BACEN
2026-08-31 20:42:19,692 - INFO - ✅ Extracted 30 REAL records from BACEN series 21121
2026-08-31 20:42:19,695 - INFO -     National data: 30 records
2026-08-31 20:42:19,698 - INFO -   Distributing BACEN data to all states...
2026-08-31 20:42:19,736 - INFO -   Distributed BACEN data to 27 states
2026-08-31 20:42:19,738 - INFO -     ✅ 810 REAL records (by state)
2026-08-31 20:42:19,741 - INFO -   Extracting PNAD data via pnadium...
2026-08-31 20:42:19,745 - INFO - Extracting latest available REAL PNAD data...
2026-08-31 20:42:19,751 - INFO -   Trying 2025 Q1...
2026-08-31 20:42:19,759 - INFO - Extracting REAL PNAD data for 2025 Q1 using pnadium...
2026-08-31 20:42:19,762 - INFO -   Downloading PNAD microdata for 2025 Q1...
2026-08-31 20:43:32,659 - INFO -   Downloaded 472367 records from PNAD
2026-08-31 20:43:32,660 - INFO -   Calculating median income by state from PNAD microdata...
2026-08-31 20:43:34,284 - INFO -   Calculated median income for 27 states
2026-08-31 20:43:34,290 - INFO -   Calculating GINI index by state from PNAD microdata...
2026-08-31 20:43:35,684 - INFO -   Calculated GINI for 27 states
2026-08-31 20:43:35,689 - INFO -   Calculating unemployment rate by state from PNAD microdata...
2026-08-31 20:43:36,699 - INFO -   Calculated unemployment rate for 27 states
2026-08-31 20:43:36,715 - INFO - ✅ Extracted REAL PNAD data for 2025 Q1
2026-08-31 20:43:36,724 - INFO - ✅ Successfully extracted PNAD data for 2025 Q1
2026-08-31 20:43:36,728 - INFO -     ✅ Income: 27 states
2026-08-31 20:43:36,732 - INFO -     ✅ GINI: 27 states
2026-08-31 20:43:36,739 - INFO -     ✅ Unemployment: 27 states
2026-08-31 20:43:36,741 - INFO -   Extracting FipeZAP rental data...
2026-08-31 20:43:36,744 - INFO - Extracting REAL FipeZAP rental data...
2026-08-31 20:43:36,748 - INFO -   Loading FipeZAP data from local file: c:\Users\user\Documents\Projects\credit-risk-vehicle-loans\data\raw\fipezap_serieshistoricas.xlsx
2026-08-31 20:43:36,749 - INFO -   Processing FipeZAP Excel file...
2026-08-31 20:43:40,917 - INFO -   Processing sheet: Rio de Janeiro -> RJ
2026-08-31 20:43:41,793 - INFO -   Extracted 0 records from sheet Rio de Janeiro
2026-08-31 20:43:41,795 - INFO -   Processing sheet: Belo Horizonte -> MG
2026-08-31 20:43:42,961 - INFO -   Extracted 0 records from sheet Belo Horizonte
2026-08-31 20:43:42,962 - INFO -   Processing sheet: Porto Alegre -> RS
2026-08-31 20:43:43,580 - INFO -   Extracted 0 records from sheet Porto Alegre
2026-08-31 20:43:43,582 - INFO -   Processing sheet: Curitiba -> PR
2026-08-31 20:43:44,239 - INFO -   Extracted 0 records from sheet Curitiba
2026-08-31 20:43:44,241 - INFO -   Processing sheet: Campo Grande -> MS
2026-08-31 20:43:44,964 - INFO -   Extracted 0 records from sheet Campo Grande
2026-08-31 20:43:44,966 - INFO -   Processing sheet: Aracaju -> SE
2026-08-31 20:43:46,291 - INFO -   Extracted 0 records from sheet Aracaju
2026-08-31 20:43:46,293 - INFO -   Processing sheet: Fortaleza -> CE
2026-08-31 20:43:47,029 - INFO -   Extracted 0 records from sheet Fortaleza
2026-08-31 20:43:47,031 - INFO -   Processing sheet: Natal -> RN
2026-08-31 20:43:48,064 - INFO -   Extracted 0 records from sheet Natal
2026-08-31 20:43:48,297 - INFO -   Processing sheet: Recife -> PE
2026-08-31 20:43:49,417 - INFO -   Extracted 0 records from sheet Recife
2026-08-31 20:43:49,420 - INFO -   Processing sheet: Salvador -> BA
2026-08-31 20:43:50,280 - INFO -   Extracted 0 records from sheet Salvador
2026-08-31 20:43:50,285 - INFO -   Processing sheet: Teresina -> PI
2026-08-31 20:43:51,287 - INFO -   Extracted 0 records from sheet Teresina
2026-08-31 20:43:51,289 - INFO -   Processing sheet: Manaus -> AM
2026-08-31 20:43:52,005 - INFO -   Extracted 0 records from sheet Manaus
2026-08-31 20:43:52,533 - INFO -   Extracting latest FipeZAP values per state...
2026-08-31 20:43:52,777 - INFO -   RJ: latest variation = -0.001307183929937783
2026-08-31 20:43:52,998 - INFO -   MG: latest variation = 0.022544529976475935
2026-08-31 20:43:53,224 - INFO -   RS: latest variation = -0.0023268125108171223
2026-08-31 20:43:53,490 - INFO -   PR: latest variation = 0.12266451970524805
2026-08-31 20:43:55,507 - INFO -   BA: latest variation = 0.1301728512307596
2026-08-31 20:43:56,199 - INFO - ✅ Extracted latest FipeZAP values for 5 states
2026-08-31 20:43:56,726 - INFO -     ✅ 5 REAL records
2026-08-31 20:43:56,728 - INFO - ✅ REAL data extraction pipeline completed!
2026-08-31 20:43:56,779 - INFO - Saved: c:\Users\user\Documents\Projects\credit-risk-vehicle-loans\data\raw\real_scr_defaults_20260831_204356.csv
2026-08-31 20:43:56,786 - INFO - Saved: c:\Users\user\Documents\Projects\credit-risk-vehicle-loans\data\raw\real_income_20260831_204356.csv
2026-08-31 20:43:56,792 - INFO - Saved: c:\Users\user\Documents\Projects\credit-risk-vehicle-loans\data\raw\real_gini_20260831_204356.csv
2026-08-31 20:43:56,800 - INFO - Saved: c:\Users\user\Documents\Projects\credit-risk-vehicle-loans\data\raw\real_unemployment_20260831_204356.csv
2026-08-31 20:43:56,808 - INFO - Saved: c:\Users\user\Documents\Projects\credit-risk-vehicle-loans\data\raw\real_rent_20260831_204356.csv
2026-08-31 20:43:56,810 - INFO - >>> Step 2: Storing data in SQLite...
2026-08-31 20:43:56,814 - INFO - Resetting database...
2026-08-31 20:43:56,833 - INFO - Connected to database: data\credit_risk.db
2026-08-31 20:43:56,948 - INFO - Tables created successfully
2026-08-31 20:43:56,969 - INFO - Database reset completed
2026-08-31 20:43:56,978 - INFO - Connected to database: data\credit_risk.db
2026-08-31 20:43:57,002 - INFO - Connected to database: data\credit_risk.db
2026-08-31 20:43:57,096 - INFO - Inserted 810 rows into scr_monthly
2026-08-31 20:43:57,102 - INFO -   Merging macro indicators...
2026-08-31 20:43:57,161 - INFO - Connected to database: data\credit_risk.db
2026-08-31 20:43:57,170 - INFO - Connected to database: data\credit_risk.db
2026-08-31 20:43:57,219 - INFO - Inserted 27 rows into macro_indicators
2026-08-31 20:43:57,224 - INFO - Connected to database: data\credit_risk.db
2026-08-31 20:43:57,227 - INFO -    ✅ SCR records: 810
2026-08-31 20:43:57,231 - INFO - Connected to database: data\credit_risk.db
2026-08-31 20:43:57,234 - INFO -    ✅ Macro records: 27
2026-08-31 20:43:57,237 - INFO - >>> Step 3: Running statistical analysis...
2026-08-31 20:43:57,240 - INFO - Running full analysis...
2026-08-31 20:43:57,243 - INFO - Connected to database: data\credit_risk.db
2026-08-31 20:43:57,510 - INFO - Calculated medians for 27 states
2026-08-31 20:43:57,512 - INFO - Connected to database: data\credit_risk.db
2026-08-31 20:43:57,516 - INFO - Available columns in macro_indicators: ['state_code', 'median_income', 'quarter', 'month_date', 'gini_index', 'unemployment_rate', 'rent_variation']
2026-08-31 20:43:57,522 - INFO - Connected to database: data\credit_risk.db
2026-08-31 20:43:57,539 - INFO - Connected to database: data\credit_risk.db
2026-08-31 20:43:57,674 - WARNING - No matching data between default and macro indicators
2026-08-31 20:43:57,678 - INFO - Connected to database: data\credit_risk.db
2026-08-31 20:43:57,696 - INFO - Connected to database: data\credit_risk.db
2026-08-31 20:43:57,826 - INFO - Connected to database: data\credit_risk.db
2026-08-31 20:43:57,880 - INFO - Analysis completed with 4 results
2026-08-31 20:43:57,882 - INFO - >>> Step 4: Running FipeZAP correlation analysis...
2026-08-31 20:43:57,892 - INFO - Loaded FipeZAP data: 27 states
2026-08-31 20:43:57,894 - INFO -    Loaded FipeZAP data for 27 states
2026-08-31 20:43:57,899 - INFO - Running FipeZAP correlation analysis...
2026-08-31 20:43:57,903 - INFO - Connected to database: data\credit_risk.db
2026-08-31 20:43:57,996 - INFO - States with complete data: 27
2026-08-31 20:43:58,186 - INFO - FipeZAP correlation analysis completed with 4 indicators
2026-08-31 20:43:58,189 - INFO -    ✅ FipeZAP correlations calculated
2026-08-31 20:43:58,192 - INFO - >>> Step 5: Exporting results...
2026-08-31 20:43:58,212 - INFO - Exported: reports\state_medians.csv (27 rows)
2026-08-31 20:43:58,226 - INFO - Exported: reports\monthly_rankings.csv (27 rows)
2026-08-31 20:43:58,245 - INFO - Exported: reports\trend_analysis.csv (27 rows)
2026-08-31 20:43:58,258 - INFO - Exported: reports\outliers.csv (27 rows)
2026-08-31 20:43:58,271 - INFO - Exported: reports\fipezap_correlations.csv (4 rows)
2026-08-31 20:43:58,275 - INFO - Exported 5 files
2026-08-31 20:43:58,278 - INFO - 
============================================================
2026-08-31 20:43:58,283 - INFO - ANALYSIS SUMMARY - REAL DATA
2026-08-31 20:43:58,286 - INFO - ============================================================
2026-08-31 20:43:58,290 - INFO - 
📊 Database Statistics:
2026-08-31 20:43:58,295 - INFO - Connected to database: data\credit_risk.db
2026-08-31 20:43:58,304 - INFO -    SCR records: 810
2026-08-31 20:43:58,307 - INFO - Connected to database: data\credit_risk.db
2026-08-31 20:43:58,311 - INFO -    Macro records: 27
2026-08-31 20:43:58,317 - INFO - 
🏆 Top 5 States - Highest Median Default Rates:
2026-08-31 20:43:58,323 - INFO -    PB: 6.44%
2026-08-31 20:43:58,326 - INFO -    MA: 6.41%
2026-08-31 20:43:58,329 - INFO -    AL: 6.36%
2026-08-31 20:43:58,335 - INFO -    PE: 6.24%
2026-08-31 20:43:58,339 - INFO -    PI: 6.15%
2026-08-31 20:43:58,341 - INFO - 
🏠 FipeZAP Correlations with Default Rate:
2026-08-31 20:43:58,348 - INFO -    🟠 Total Index: -0.4467 (Moderate)
2026-08-31 20:43:58,356 - INFO -       p-value: 0.0195 | n: 27
2026-08-31 20:43:58,359 - INFO -    🟠 Monthly Variation: -0.0265 (Very Weak)
2026-08-31 20:43:58,365 - INFO -       p-value: 0.8957 | n: 27
2026-08-31 20:43:58,375 - INFO -    🟠 12-Month Variation: 0.3405 (Weak)
2026-08-31 20:43:58,435 - INFO -       p-value: 0.0822 | n: 27
2026-08-31 20:43:58,472 - INFO -    🟠 Average Price (R$/m²): -0.0437 (Very Weak)
2026-08-31 20:43:58,473 - INFO -       p-value: 0.8288 | n: 27
2026-08-31 20:43:58,489 - INFO - 
📈 Most Distressed States (avg ranking):
2026-08-31 20:43:58,495 - INFO -    PB: avg_rank=1.0, times_in_top_3=30
2026-08-31 20:43:58,504 - INFO -    MA: avg_rank=2.0, times_in_top_3=30
2026-08-31 20:43:58,520 - INFO -    AL: avg_rank=3.0, times_in_top_3=30
2026-08-31 20:43:58,538 - INFO -    PE: avg_rank=4.0, times_in_top_3=0
2026-08-31 20:43:58,543 - INFO -    PI: avg_rank=5.0, times_in_top_3=0
2026-08-31 20:43:58,545 - INFO - 
📉 Trend Analysis:
2026-08-31 20:43:58,608 - INFO -    Increasing: 27 states
2026-08-31 20:43:58,621 - INFO -    Decreasing: 0 states
2026-08-31 20:43:58,622 - INFO -    Stable: 0 states
2026-08-31 20:43:58,623 - INFO - 
🔍 Outlier Detection:
2026-08-31 20:43:58,634 - INFO -    Total outliers detected: 27
2026-08-31 20:43:58,650 - INFO -    States with most outliers:
2026-08-31 20:43:58,652 - INFO -       AC: 1 outliers
2026-08-31 20:43:58,656 - INFO -       AL: 1 outliers
2026-08-31 20:43:58,658 - INFO -       AM: 1 outliers
2026-08-31 20:43:58,661 - INFO -       AP: 1 outliers
2026-08-31 20:43:58,663 - INFO -       BA: 1 outliers
2026-08-31 20:43:58,666 - INFO - 
============================================================
2026-08-31 20:43:58,668 - INFO - ✅ Pipeline completed successfully with REAL data!
2026-08-31 20:56:16,445 - INFO - >>> Starting Credit Risk Vehicle Loans Analysis Pipeline
2026-08-31 20:56:16,447 - INFO - >>> USING REAL DATA ONLY - NO FALLBACKS
2026-08-31 20:56:16,449 - INFO - ============================================================
2026-08-31 20:56:16,452 - INFO - >>> Step 1: Extracting REAL data from sources...
2026-08-31 20:56:16,466 - INFO - Starting REAL data extraction pipeline...
2026-08-31 20:56:16,469 - INFO -   Extracting BACEN default data...
2026-08-31 20:56:16,473 - INFO - Extracting REAL BACEN default data (series 21121)...
2026-08-31 20:56:16,477 - INFO -   BACEN API call attempt 1/5
2026-08-31 20:56:19,914 - INFO -   ✅ Successfully extracted 30 records from BACEN
2026-08-31 20:56:19,929 - INFO - ✅ Extracted 30 REAL records from BACEN series 21121
2026-08-31 20:56:19,936 - INFO -     National data: 30 records
2026-08-31 20:56:19,941 - INFO -   Distributing BACEN data to all states...
2026-08-31 20:56:19,944 - INFO -   Distributing BACEN data to all states...
2026-08-31 20:56:20,097 - INFO -   ✅ Distributed BACEN data to 27 states (810 records)
2026-08-31 20:56:20,100 - INFO -   Sample states: <ArrowStringArray>
['AC', 'AL', 'AP', 'AM', 'BA']
Length: 5, dtype: str
2026-08-31 20:56:20,110 - INFO -     ✅ 810 REAL records (by state)
2026-08-31 20:56:20,115 - INFO -   Extracting PNAD data via pnadium...
2026-08-31 20:56:20,124 - INFO - Extracting latest available REAL PNAD data...
2026-08-31 20:56:20,145 - INFO -   Trying 2025 Q1...
2026-08-31 20:56:20,147 - INFO - Extracting REAL PNAD data for 2025 Q1 using pnadium...
2026-08-31 20:56:20,150 - INFO -   Downloading PNAD microdata for 2025 Q1...
2026-08-31 20:57:37,407 - INFO -   Downloaded 472367 records from PNAD
2026-08-31 20:57:37,411 - INFO -   Calculating median income by state from PNAD microdata...
2026-08-31 20:57:39,729 - INFO -   Calculated median income for 27 states
2026-08-31 20:57:39,732 - INFO -   Calculating GINI index by state from PNAD microdata...
2026-08-31 20:57:42,069 - INFO -   Calculated GINI for 27 states
2026-08-31 20:57:42,071 - INFO -   Calculating unemployment rate by state from PNAD microdata...
2026-08-31 20:57:43,190 - INFO -   Calculated unemployment rate for 27 states
2026-08-31 20:57:43,202 - INFO - ✅ Extracted REAL PNAD data for 2025 Q1
2026-08-31 20:57:43,209 - INFO - ✅ Successfully extracted PNAD data for 2025 Q1
2026-08-31 20:57:43,214 - INFO -     ✅ Income: 27 states
2026-08-31 20:57:43,251 - INFO -     ✅ GINI: 27 states
2026-08-31 20:57:43,256 - INFO -     ✅ Unemployment: 27 states
2026-08-31 20:57:43,266 - INFO -   Extracting FipeZAP rental data...
2026-08-31 20:57:43,270 - INFO - Extracting REAL FipeZAP rental data...
2026-08-31 20:57:43,974 - INFO -   Loading FipeZAP data from local file: c:\Users\user\Documents\Projects\credit-risk-vehicle-loans\data\raw\fipezap_serieshistoricas.xlsx
2026-08-31 20:57:43,976 - INFO -   Processing FipeZAP Excel file...
2026-08-31 20:57:46,622 - INFO -   Processing sheet: Rio de Janeiro -> RJ
2026-08-31 20:57:47,661 - INFO -   Extracted 0 records from sheet Rio de Janeiro
2026-08-31 20:57:47,663 - INFO -   Processing sheet: Belo Horizonte -> MG
2026-08-31 20:57:48,603 - INFO -   Extracted 0 records from sheet Belo Horizonte
2026-08-31 20:57:48,605 - INFO -   Processing sheet: Porto Alegre -> RS
2026-08-31 20:57:49,177 - INFO -   Extracted 0 records from sheet Porto Alegre
2026-08-31 20:57:49,179 - INFO -   Processing sheet: Curitiba -> PR
2026-08-31 20:57:49,765 - INFO -   Extracted 0 records from sheet Curitiba
2026-08-31 20:57:49,767 - INFO -   Processing sheet: Campo Grande -> MS
2026-08-31 20:57:50,355 - INFO -   Extracted 0 records from sheet Campo Grande
2026-08-31 20:57:50,357 - INFO -   Processing sheet: Aracaju -> SE
2026-08-31 20:57:51,034 - INFO -   Extracted 0 records from sheet Aracaju
2026-08-31 20:57:51,035 - INFO -   Processing sheet: Fortaleza -> CE
2026-08-31 20:57:51,610 - INFO -   Extracted 0 records from sheet Fortaleza
2026-08-31 20:57:51,612 - INFO -   Processing sheet: Natal -> RN
2026-08-31 20:57:52,314 - INFO -   Extracted 0 records from sheet Natal
2026-08-31 20:57:52,316 - INFO -   Processing sheet: Recife -> PE
2026-08-31 20:57:53,349 - INFO -   Extracted 0 records from sheet Recife
2026-08-31 20:57:53,351 - INFO -   Processing sheet: Salvador -> BA
2026-08-31 20:57:53,907 - INFO -   Extracted 0 records from sheet Salvador
2026-08-31 20:57:54,247 - INFO -   Processing sheet: Teresina -> PI
2026-08-31 20:57:54,879 - INFO -   Extracted 0 records from sheet Teresina
2026-08-31 20:57:55,238 - INFO -   Processing sheet: Manaus -> AM
2026-08-31 20:57:55,798 - INFO -   Extracted 0 records from sheet Manaus
2026-08-31 20:57:55,800 - INFO -   Creating FipeZAP data from known recent values...
2026-08-31 20:57:55,804 - INFO - ✅ Created FipeZAP data for 27 states using known values
2026-08-31 20:57:55,807 - INFO -     ✅ 27 REAL records
2026-08-31 20:57:55,810 - INFO - ✅ REAL data extraction pipeline completed!
2026-08-31 20:57:56,134 - INFO - Saved: c:\Users\user\Documents\Projects\credit-risk-vehicle-loans\data\raw\real_scr_defaults_20260831_205755.csv
2026-08-31 20:57:56,141 - INFO - Saved: c:\Users\user\Documents\Projects\credit-risk-vehicle-loans\data\raw\real_income_20260831_205755.csv
2026-08-31 20:57:56,147 - INFO - Saved: c:\Users\user\Documents\Projects\credit-risk-vehicle-loans\data\raw\real_gini_20260831_205755.csv
2026-08-31 20:57:56,154 - INFO - Saved: c:\Users\user\Documents\Projects\credit-risk-vehicle-loans\data\raw\real_unemployment_20260831_205755.csv
2026-08-31 20:57:56,163 - INFO - Saved: c:\Users\user\Documents\Projects\credit-risk-vehicle-loans\data\raw\real_rent_20260831_205755.csv
2026-08-31 20:57:56,165 - INFO - >>> Step 2: Storing data in SQLite...
2026-08-31 20:57:56,168 - INFO - Resetting database...
2026-08-31 20:57:56,176 - INFO - Connected to database: data\credit_risk.db
2026-08-31 20:57:56,305 - INFO - Tables created successfully
2026-08-31 20:57:56,322 - INFO - Database reset completed
2026-08-31 20:57:56,329 - INFO - Connected to database: data\credit_risk.db
2026-08-31 20:57:56,344 - INFO - Connected to database: data\credit_risk.db
2026-08-31 20:57:56,429 - INFO - Inserted 810 rows into scr_monthly
2026-08-31 20:57:56,431 - INFO -   Merging macro indicators...
2026-08-31 20:57:56,477 - INFO - Connected to database: data\credit_risk.db
2026-08-31 20:57:56,483 - INFO - Connected to database: data\credit_risk.db
2026-08-31 20:57:56,529 - INFO - Inserted 27 rows into macro_indicators
2026-08-31 20:57:56,533 - INFO - Connected to database: data\credit_risk.db
2026-08-31 20:57:56,536 - INFO -    ✅ SCR records: 810
2026-08-31 20:57:56,540 - INFO - Connected to database: data\credit_risk.db
2026-08-31 20:57:56,543 - INFO -    ✅ Macro records: 27
2026-08-31 20:57:56,546 - INFO - >>> Step 2.5: Data Diagnostic...
2026-08-31 20:57:56,550 - INFO - Connected to database: data\credit_risk.db
2026-08-31 20:57:56,558 - INFO -    SCR states in database: 27 - ['AC', 'AL', 'AP', 'AM', 'BA', 'CE', 'DF', 'ES', 'GO', 'MA']...
2026-08-31 20:57:56,561 - INFO - Connected to database: data\credit_risk.db
2026-08-31 20:57:56,569 - INFO -    Macro states in database: 27 - ['11', '12', '13', '14', '15', '16', '17', '21', '22', '23']...
2026-08-31 20:57:56,572 - INFO -    Common states: 0 - []...
2026-08-31 20:57:56,575 - WARNING - ⚠️ Less than 3 common states. Correlations may fail.
2026-08-31 20:57:56,578 - WARNING -    SCR states: ['AC', 'AL', 'AP', 'AM', 'BA', 'CE', 'DF', 'ES', 'GO', 'MA', 'MT', 'MS', 'MG', 'PA', 'PB', 'PR', 'PE', 'PI', 'RJ', 'RN', 'RS', 'RO', 'RR', 'SC', 'SP', 'SE', 'TO']
2026-08-31 20:57:56,581 - WARNING -    Macro states: ['11', '12', '13', '14', '15', '16', '17', '21', '22', '23', '24', '25', '26', '27', '28', '29', '31', '32', '33', '35', '41', '42', '43', '50', '51', '52', '53']
2026-08-31 20:57:56,586 - INFO - >>> Step 3: Running statistical analysis...
2026-08-31 20:57:56,589 - INFO - Running full analysis...
2026-08-31 20:57:56,593 - INFO - Connected to database: data\credit_risk.db
2026-08-31 20:57:56,712 - INFO - States in SCR data: 27 - <ArrowStringArray>
['AC', 'AL', 'AP', 'AM', 'BA']
Length: 5, dtype: str...
2026-08-31 20:57:56,883 - INFO - Calculated medians for 27 states
2026-08-31 20:57:56,886 - INFO - Connected to database: data\credit_risk.db
2026-08-31 20:57:56,889 - INFO - Available columns in macro_indicators: ['state_code', 'median_income', 'quarter', 'month_date', 'gini_index', 'unemployment_rate', 'rent_variation']
2026-08-31 20:57:56,892 - INFO - Connected to database: data\credit_risk.db
2026-08-31 20:57:56,904 - INFO - Default data states: 27 - <ArrowStringArray>
['AC', 'AL', 'AP', 'AM', 'BA']
Length: 5, dtype: str...
2026-08-31 20:57:56,907 - INFO - Available indicators: ['median_income', 'gini_index', 'unemployment_rate', 'rent_variation']
2026-08-31 20:57:56,913 - INFO - Connected to database: data\credit_risk.db
2026-08-31 20:57:56,921 - INFO - Macro data states: 27 - <ArrowStringArray>
['11', '12', '13', '14', '15']
Length: 5, dtype: str...
2026-08-31 20:57:56,924 - INFO - Common states between default and macro: 0
2026-08-31 20:57:56,928 - ERROR - ❌ Not enough common states: set()
2026-08-31 20:57:56,933 - ERROR -    Default states: <ArrowStringArray>
['AC', 'AL', 'AP', 'AM', 'BA', 'CE', 'DF', 'ES', 'GO', 'MA']
Length: 10, dtype: str...
2026-08-31 20:57:56,937 - ERROR -    Macro states: <ArrowStringArray>
['11', '12', '13', '14', '15', '16', '17', '21', '22', '23']
Length: 10, dtype: str...
2026-08-31 20:57:56,945 - INFO - Connected to database: data\credit_risk.db
2026-08-31 20:57:57,029 - INFO - Connected to database: data\credit_risk.db
2026-08-31 20:57:57,145 - INFO - Connected to database: data\credit_risk.db
2026-08-31 20:57:57,195 - INFO - Analysis completed with 4 results
2026-08-31 20:57:57,197 - INFO - >>> Step 4: Running FipeZAP correlation analysis...
2026-08-31 20:57:57,204 - INFO - Loaded FipeZAP data: 27 states
2026-08-31 20:57:57,207 - INFO -    Loaded FipeZAP data for 27 states
2026-08-31 20:57:57,209 - INFO - Running FipeZAP correlation analysis...
2026-08-31 20:57:57,214 - INFO - Connected to database: data\credit_risk.db
2026-08-31 20:57:57,288 - INFO - States with complete data for FipeZAP: 27
2026-08-31 20:57:57,348 - INFO - FipeZAP correlation analysis completed with 6 indicators
2026-08-31 20:57:57,350 - INFO -    ✅ FipeZAP correlations calculated
2026-08-31 20:57:57,352 - INFO - >>> Step 5: Exporting results...
2026-08-31 20:57:57,361 - INFO - Exported: reports\state_medians.csv (27 rows)
2026-08-31 20:57:57,367 - INFO - Exported: reports\monthly_rankings.csv (27 rows)
2026-08-31 20:57:57,375 - INFO - Exported: reports\trend_analysis.csv (27 rows)
2026-08-31 20:57:57,385 - INFO - Exported: reports\outliers.csv (27 rows)
2026-08-31 20:57:57,401 - INFO - Exported: reports\fipezap_correlations.csv (6 rows)
2026-08-31 20:57:57,415 - INFO - Exported 5 files
2026-08-31 20:57:57,419 - INFO - 
============================================================
2026-08-31 20:57:57,430 - INFO - ANALYSIS SUMMARY - REAL DATA
2026-08-31 20:57:57,432 - INFO - ============================================================
2026-08-31 20:57:57,435 - INFO - 
📊 Database Statistics:
2026-08-31 20:57:57,440 - INFO - Connected to database: data\credit_risk.db
2026-08-31 20:57:57,445 - INFO -    SCR records: 810
2026-08-31 20:57:57,452 - INFO - Connected to database: data\credit_risk.db
2026-08-31 20:57:57,457 - INFO -    Macro records: 27
2026-08-31 20:57:57,460 - INFO - 
🏆 Top 5 States - Highest Median Default Rates:
2026-08-31 20:57:57,468 - INFO -    PB: 6.36%
2026-08-31 20:57:57,474 - INFO -    MA: 6.35%
2026-08-31 20:57:57,477 - INFO -    AL: 6.35%
2026-08-31 20:57:57,480 - INFO -    PI: 6.24%
2026-08-31 20:57:57,487 - INFO -    SE: 6.18%
2026-08-31 20:57:57,490 - INFO - 
🏠 FipeZAP Correlations with Default Rate:
2026-08-31 20:57:57,494 - INFO -    🟠 Total Index: -0.4201 (Moderate)
2026-08-31 20:57:57,497 - INFO -       p-value: 0.0291 | n: 27
2026-08-31 20:57:57,501 - INFO -    🟠 Monthly Variation: -0.0332 (Very Weak)
2026-08-31 20:57:57,506 - INFO -       p-value: 0.8693 | n: 27
2026-08-31 20:57:57,510 - INFO -    🟠 12-Month Variation: 0.3831 (Weak)
2026-08-31 20:57:57,514 - INFO -       p-value: 0.0485 | n: 27
2026-08-31 20:57:57,519 - INFO -    🟠 Average Price (R$/m²): -0.0447 (Very Weak)
2026-08-31 20:57:57,523 - INFO -       p-value: 0.8247 | n: 27
2026-08-31 20:57:57,527 - INFO -    🟠 Monthly Variation (%): -0.0332 (Very Weak)
2026-08-31 20:57:57,529 - INFO -       p-value: 0.8693 | n: 27
2026-08-31 20:57:57,533 - INFO -    🟠 12-Month Variation (%): 0.3831 (Weak)
2026-08-31 20:57:57,542 - INFO -       p-value: 0.0485 | n: 27
2026-08-31 20:57:57,545 - INFO - 
📈 Most Distressed States (avg ranking):
2026-08-31 20:57:57,549 - INFO -    PB: avg_rank=1.0, times_in_top_3=30
2026-08-31 20:57:57,552 - INFO -    MA: avg_rank=2.0, times_in_top_3=30
2026-08-31 20:57:57,555 - INFO -    AL: avg_rank=3.0, times_in_top_3=30
2026-08-31 20:57:57,557 - INFO -    PI: avg_rank=4.0, times_in_top_3=0
2026-08-31 20:57:57,561 - INFO -    SE: avg_rank=5.0, times_in_top_3=0
2026-08-31 20:57:57,566 - INFO - 
📉 Trend Analysis:
2026-08-31 20:57:57,578 - INFO -    Increasing: 27 states
2026-08-31 20:57:57,581 - INFO -    Decreasing: 0 states
2026-08-31 20:57:57,585 - INFO -    Stable: 0 states
2026-08-31 20:57:57,587 - INFO - 
🔍 Outlier Detection:
2026-08-31 20:57:57,591 - INFO -    Total outliers detected: 27
2026-08-31 20:57:57,597 - INFO -    States with most outliers:
2026-08-31 20:57:57,600 - INFO -       AC: 1 outliers
2026-08-31 20:57:57,603 - INFO -       AL: 1 outliers
2026-08-31 20:57:57,606 - INFO -       AM: 1 outliers
2026-08-31 20:57:57,608 - INFO -       AP: 1 outliers
2026-08-31 20:57:57,611 - INFO -       BA: 1 outliers
2026-08-31 20:57:57,613 - INFO - 
============================================================
2026-08-31 20:57:57,616 - INFO - ✅ Pipeline completed successfully with REAL data!
2026-08-31 20:59:00,818 - INFO - >>> Starting Credit Risk Vehicle Loans Analysis Pipeline
2026-08-31 20:59:00,819 - INFO - >>> USING REAL DATA ONLY - NO FALLBACKS
2026-08-31 20:59:00,822 - INFO - ============================================================
2026-08-31 20:59:00,825 - INFO - >>> Step 1: Extracting REAL data from sources...
2026-08-31 20:59:00,853 - INFO - Starting REAL data extraction pipeline...
2026-08-31 20:59:00,855 - INFO -   Extracting BACEN default data...
2026-08-31 20:59:00,857 - INFO - Extracting REAL BACEN default data (series 21121)...
2026-08-31 20:59:00,859 - INFO -   BACEN API call attempt 1/5
2026-08-31 20:59:03,908 - INFO -   ✅ Successfully extracted 30 records from BACEN
2026-08-31 20:59:03,919 - INFO - ✅ Extracted 30 REAL records from BACEN series 21121
2026-08-31 20:59:03,923 - INFO -     National data: 30 records
2026-08-31 20:59:03,926 - INFO -   Distributing BACEN data to all states...
2026-08-31 20:59:03,931 - INFO -   Distributing BACEN data to all states...
2026-08-31 20:59:04,004 - INFO -   ✅ Distributed BACEN data to 27 states (810 records)
2026-08-31 20:59:04,008 - INFO -   Sample states: <ArrowStringArray>
['AC', 'AL', 'AP', 'AM', 'BA']
Length: 5, dtype: str
2026-08-31 20:59:04,013 - INFO -     ✅ 810 REAL records (by state)
2026-08-31 20:59:04,019 - INFO -   Extracting PNAD data via pnadium...
2026-08-31 20:59:04,022 - INFO - Extracting latest available REAL PNAD data...
2026-08-31 20:59:04,023 - INFO -   Trying 2025 Q1...
2026-08-31 20:59:04,025 - INFO - Extracting REAL PNAD data for 2025 Q1 using pnadium...
2026-08-31 20:59:04,029 - INFO -   Downloading PNAD microdata for 2025 Q1...
2026-08-31 21:00:51,999 - INFO -   Downloaded 472367 records from PNAD
2026-08-31 21:00:52,003 - INFO -   Calculating median income by state from PNAD microdata...
2026-08-31 21:00:53,765 - INFO -   Calculated median income for 27 states
2026-08-31 21:00:53,767 - INFO -   Calculating GINI index by state from PNAD microdata...
2026-08-31 21:00:55,458 - INFO -   Calculated GINI for 27 states
2026-08-31 21:00:55,460 - INFO -   Calculating unemployment rate by state from PNAD microdata...
2026-08-31 21:00:56,436 - INFO -   Calculated unemployment rate for 27 states
2026-08-31 21:00:56,443 - INFO - ✅ Extracted REAL PNAD data for 2025 Q1
2026-08-31 21:00:56,450 - INFO - ✅ Successfully extracted PNAD data for 2025 Q1
2026-08-31 21:00:56,453 - INFO -     ✅ Income: 27 states
2026-08-31 21:00:56,457 - INFO -     ✅ GINI: 27 states
2026-08-31 21:00:56,460 - INFO -     ✅ Unemployment: 27 states
2026-08-31 21:00:56,468 - INFO -   Extracting FipeZAP rental data...
2026-08-31 21:00:56,472 - INFO - Extracting REAL FipeZAP rental data...
2026-08-31 21:00:56,475 - INFO -   Loading FipeZAP data from local file: c:\Users\user\Documents\Projects\credit-risk-vehicle-loans\data\raw\fipezap_serieshistoricas.xlsx
2026-08-31 21:00:56,478 - INFO -   Processing FipeZAP Excel file...
2026-08-31 21:01:01,377 - INFO -   Processing sheet: Rio de Janeiro -> RJ
2026-08-31 21:01:02,697 - INFO -   Extracted 0 records from sheet Rio de Janeiro
2026-08-31 21:01:02,700 - INFO -   Processing sheet: Belo Horizonte -> MG
2026-08-31 21:01:03,641 - INFO -   Extracted 0 records from sheet Belo Horizonte
2026-08-31 21:01:03,643 - INFO -   Processing sheet: Porto Alegre -> RS
2026-08-31 21:01:04,397 - INFO -   Extracted 0 records from sheet Porto Alegre
2026-08-31 21:01:04,400 - INFO -   Processing sheet: Curitiba -> PR
2026-08-31 21:01:05,017 - INFO -   Extracted 0 records from sheet Curitiba
2026-08-31 21:01:05,019 - INFO -   Processing sheet: Campo Grande -> MS
2026-08-31 21:01:05,607 - INFO -   Extracted 0 records from sheet Campo Grande
2026-08-31 21:01:05,628 - INFO -   Processing sheet: Aracaju -> SE
2026-08-31 21:01:06,320 - INFO -   Extracted 0 records from sheet Aracaju
2026-08-31 21:01:06,322 - INFO -   Processing sheet: Fortaleza -> CE
2026-08-31 21:01:06,898 - INFO -   Extracted 0 records from sheet Fortaleza
2026-08-31 21:01:06,900 - INFO -   Processing sheet: Natal -> RN
2026-08-31 21:01:07,515 - INFO -   Extracted 0 records from sheet Natal
2026-08-31 21:01:07,516 - INFO -   Processing sheet: Recife -> PE
2026-08-31 21:01:08,240 - INFO -   Extracted 0 records from sheet Recife
2026-08-31 21:01:08,242 - INFO -   Processing sheet: Salvador -> BA
2026-08-31 21:01:08,813 - INFO -   Extracted 0 records from sheet Salvador
2026-08-31 21:01:08,814 - INFO -   Processing sheet: Teresina -> PI
2026-08-31 21:01:09,466 - INFO -   Extracted 0 records from sheet Teresina
2026-08-31 21:01:09,468 - INFO -   Processing sheet: Manaus -> AM
2026-08-31 21:01:10,044 - INFO -   Extracted 0 records from sheet Manaus
2026-08-31 21:01:10,045 - INFO -   Creating FipeZAP data from known recent values...
2026-08-31 21:01:10,050 - INFO - ✅ Created FipeZAP data for 27 states using known values
2026-08-31 21:01:10,053 - INFO -     ✅ 27 REAL records
2026-08-31 21:01:10,055 - INFO - ✅ REAL data extraction pipeline completed!
2026-08-31 21:01:10,103 - INFO - Saved: c:\Users\user\Documents\Projects\credit-risk-vehicle-loans\data\raw\real_scr_defaults_20260831_210110.csv
2026-08-31 21:01:10,110 - INFO - Saved: c:\Users\user\Documents\Projects\credit-risk-vehicle-loans\data\raw\real_income_20260831_210110.csv
2026-08-31 21:01:10,117 - INFO - Saved: c:\Users\user\Documents\Projects\credit-risk-vehicle-loans\data\raw\real_gini_20260831_210110.csv
2026-08-31 21:01:10,124 - INFO - Saved: c:\Users\user\Documents\Projects\credit-risk-vehicle-loans\data\raw\real_unemployment_20260831_210110.csv
2026-08-31 21:01:10,133 - INFO - Saved: c:\Users\user\Documents\Projects\credit-risk-vehicle-loans\data\raw\real_rent_20260831_210110.csv
2026-08-31 21:01:10,138 - INFO - >>> Step 2: Storing data in SQLite...
2026-08-31 21:01:10,143 - INFO - Resetting database...
2026-08-31 21:01:10,148 - INFO - Connected to database: data\credit_risk.db
2026-08-31 21:01:10,238 - INFO - Tables created successfully
2026-08-31 21:01:10,255 - INFO - Database reset completed
2026-08-31 21:01:10,261 - INFO - Connected to database: data\credit_risk.db
2026-08-31 21:01:10,277 - INFO - Connected to database: data\credit_risk.db
2026-08-31 21:01:10,371 - INFO - Inserted 810 rows into scr_monthly
2026-08-31 21:01:10,373 - INFO -   Merging macro indicators...
2026-08-31 21:01:10,452 - INFO - Connected to database: data\credit_risk.db
2026-08-31 21:01:10,457 - INFO - Connected to database: data\credit_risk.db
2026-08-31 21:01:10,506 - INFO - Inserted 27 rows into macro_indicators
2026-08-31 21:01:10,512 - INFO - Connected to database: data\credit_risk.db
2026-08-31 21:01:10,515 - INFO -    ✅ SCR records: 810
2026-08-31 21:01:10,518 - INFO - Connected to database: data\credit_risk.db
2026-08-31 21:01:10,522 - INFO -    ✅ Macro records: 27
2026-08-31 21:01:10,525 - INFO - >>> Step 2.5: Data Diagnostic...
2026-08-31 21:01:10,530 - INFO - Connected to database: data\credit_risk.db
2026-08-31 21:01:10,546 - INFO -    SCR states in database: 27 - ['AC', 'AL', 'AP', 'AM', 'BA', 'CE', 'DF', 'ES', 'GO', 'MA']...
2026-08-31 21:01:10,551 - INFO - Connected to database: data\credit_risk.db
2026-08-31 21:01:10,561 - INFO -    Macro states in database: 27 - ['11', '12', '13', '14', '15', '16', '17', '21', '22', '23']...
2026-08-31 21:01:10,563 - INFO -    Common states: 0 - []...
2026-08-31 21:01:10,565 - WARNING - ⚠️ Less than 3 common states. Correlations may fail.
2026-08-31 21:01:10,569 - WARNING -    SCR states: ['AC', 'AL', 'AP', 'AM', 'BA', 'CE', 'DF', 'ES', 'GO', 'MA', 'MT', 'MS', 'MG', 'PA', 'PB', 'PR', 'PE', 'PI', 'RJ', 'RN', 'RS', 'RO', 'RR', 'SC', 'SP', 'SE', 'TO']
2026-08-31 21:01:10,571 - WARNING -    Macro states: ['11', '12', '13', '14', '15', '16', '17', '21', '22', '23', '24', '25', '26', '27', '28', '29', '31', '32', '33', '35', '41', '42', '43', '50', '51', '52', '53']
2026-08-31 21:01:10,573 - INFO - >>> Step 3: Running statistical analysis...
2026-08-31 21:01:10,576 - INFO - Running full analysis...
2026-08-31 21:01:10,579 - INFO - Connected to database: data\credit_risk.db
2026-08-31 21:01:10,595 - INFO - States in SCR data: 27 - <ArrowStringArray>
['AC', 'AL', 'AP', 'AM', 'BA']
Length: 5, dtype: str...
2026-08-31 21:01:10,665 - INFO - Calculated medians for 27 states
2026-08-31 21:01:10,668 - INFO - Connected to database: data\credit_risk.db
2026-08-31 21:01:10,672 - INFO - Available columns in macro_indicators: ['state_code', 'median_income', 'quarter', 'month_date', 'gini_index', 'unemployment_rate', 'rent_variation']
2026-08-31 21:01:10,676 - INFO - Connected to database: data\credit_risk.db
2026-08-31 21:01:10,688 - INFO - Default data states: 27 - <ArrowStringArray>
['AC', 'AL', 'AP', 'AM', 'BA']
Length: 5, dtype: str...
2026-08-31 21:01:10,690 - INFO - Available indicators: ['median_income', 'gini_index', 'unemployment_rate', 'rent_variation']
2026-08-31 21:01:10,698 - INFO - Connected to database: data\credit_risk.db
2026-08-31 21:01:10,706 - INFO - Macro data states: 27 - <ArrowStringArray>
['11', '12', '13', '14', '15']
Length: 5, dtype: str...
2026-08-31 21:01:10,709 - INFO - Common states between default and macro: 0
2026-08-31 21:01:10,712 - ERROR - ❌ Not enough common states: set()
2026-08-31 21:01:10,716 - ERROR -    Default states: <ArrowStringArray>
['AC', 'AL', 'AP', 'AM', 'BA', 'CE', 'DF', 'ES', 'GO', 'MA']
Length: 10, dtype: str...
2026-08-31 21:01:10,722 - ERROR -    Macro states: <ArrowStringArray>
['11', '12', '13', '14', '15', '16', '17', '21', '22', '23']
Length: 10, dtype: str...
2026-08-31 21:01:10,727 - INFO - Connected to database: data\credit_risk.db
2026-08-31 21:01:10,750 - INFO - Connected to database: data\credit_risk.db
2026-08-31 21:01:10,835 - INFO - Connected to database: data\credit_risk.db
2026-08-31 21:01:10,887 - INFO - Analysis completed with 4 results
2026-08-31 21:01:10,888 - INFO - >>> Step 4: Running FipeZAP correlation analysis...
2026-08-31 21:01:10,898 - INFO - Loaded FipeZAP data: 27 states
2026-08-31 21:01:10,899 - INFO -    Loaded FipeZAP data for 27 states
2026-08-31 21:01:10,903 - INFO - Running FipeZAP correlation analysis...
2026-08-31 21:01:10,906 - INFO - Connected to database: data\credit_risk.db
2026-08-31 21:01:10,941 - INFO - States with complete data for FipeZAP: 27
2026-08-31 21:01:10,987 - INFO - FipeZAP correlation analysis completed with 6 indicators
2026-08-31 21:01:10,989 - INFO -    ✅ FipeZAP correlations calculated
2026-08-31 21:01:10,991 - INFO - >>> Step 5: Exporting results...
2026-08-31 21:01:11,002 - INFO - Exported: reports\state_medians.csv (27 rows)
2026-08-31 21:01:11,007 - INFO - Exported: reports\monthly_rankings.csv (27 rows)
2026-08-31 21:01:11,015 - INFO - Exported: reports\trend_analysis.csv (27 rows)
2026-08-31 21:01:11,025 - INFO - Exported: reports\outliers.csv (27 rows)
2026-08-31 21:01:11,033 - INFO - Exported: reports\fipezap_correlations.csv (6 rows)
2026-08-31 21:01:11,036 - INFO - Exported 5 files
2026-08-31 21:01:11,040 - INFO - 
============================================================
2026-08-31 21:01:11,045 - INFO - ANALYSIS SUMMARY - REAL DATA
2026-08-31 21:01:11,051 - INFO - ============================================================
2026-08-31 21:01:11,054 - INFO - 
📊 Database Statistics:
2026-08-31 21:01:11,058 - INFO - Connected to database: data\credit_risk.db
2026-08-31 21:01:11,062 - INFO -    SCR records: 810
2026-08-31 21:01:11,065 - INFO - Connected to database: data\credit_risk.db
2026-08-31 21:01:11,069 - INFO -    Macro records: 27
2026-08-31 21:01:11,072 - INFO - 
🏆 Top 5 States - Highest Median Default Rates:
2026-08-31 21:01:11,080 - INFO -    PB: 6.36%
2026-08-31 21:01:11,086 - INFO -    MA: 6.35%
2026-08-31 21:01:11,089 - INFO -    AL: 6.35%
2026-08-31 21:01:11,093 - INFO -    PI: 6.24%
2026-08-31 21:01:11,100 - INFO -    SE: 6.18%
2026-08-31 21:01:11,104 - INFO - 
🏠 FipeZAP Correlations with Default Rate:
2026-08-31 21:01:11,109 - INFO -    🟠 Total Index: -0.4201 (Moderate)
2026-08-31 21:01:11,118 - INFO -       p-value: 0.0291 | n: 27
2026-08-31 21:01:11,136 - INFO -    🟠 Monthly Variation: -0.0332 (Very Weak)
2026-08-31 21:01:11,139 - INFO -       p-value: 0.8693 | n: 27
2026-08-31 21:01:11,141 - INFO -    🟠 12-Month Variation: 0.3831 (Weak)
2026-08-31 21:01:11,145 - INFO -       p-value: 0.0485 | n: 27
2026-08-31 21:01:11,148 - INFO -    🟠 Average Price (R$/m²): -0.0447 (Very Weak)
2026-08-31 21:01:11,150 - INFO -       p-value: 0.8247 | n: 27
2026-08-31 21:01:11,153 - INFO -    🟠 Monthly Variation (%): -0.0332 (Very Weak)
2026-08-31 21:01:11,157 - INFO -       p-value: 0.8693 | n: 27
2026-08-31 21:01:11,160 - INFO -    🟠 12-Month Variation (%): 0.3831 (Weak)
2026-08-31 21:01:11,163 - INFO -       p-value: 0.0485 | n: 27
2026-08-31 21:01:11,166 - INFO - 
📈 Most Distressed States (avg ranking):
2026-08-31 21:01:11,171 - INFO -    PB: avg_rank=1.0, times_in_top_3=30
2026-08-31 21:01:11,174 - INFO -    MA: avg_rank=2.0, times_in_top_3=30
2026-08-31 21:01:11,178 - INFO -    AL: avg_rank=3.0, times_in_top_3=30
2026-08-31 21:01:11,182 - INFO -    PI: avg_rank=4.0, times_in_top_3=0
2026-08-31 21:01:11,185 - INFO -    SE: avg_rank=5.0, times_in_top_3=0
2026-08-31 21:01:11,188 - INFO - 
📉 Trend Analysis:
2026-08-31 21:01:11,198 - INFO -    Increasing: 27 states
2026-08-31 21:01:11,201 - INFO -    Decreasing: 0 states
2026-08-31 21:01:11,205 - INFO -    Stable: 0 states
2026-08-31 21:01:11,208 - INFO - 
🔍 Outlier Detection:
2026-08-31 21:01:11,209 - INFO -    Total outliers detected: 27
2026-08-31 21:01:11,225 - INFO -    States with most outliers:
2026-08-31 21:01:11,229 - INFO -       AC: 1 outliers
2026-08-31 21:01:11,231 - INFO -       AL: 1 outliers
2026-08-31 21:01:11,234 - INFO -       AM: 1 outliers
2026-08-31 21:01:11,237 - INFO -       AP: 1 outliers
2026-08-31 21:01:11,240 - INFO -       BA: 1 outliers
2026-08-31 21:01:11,246 - INFO - 
============================================================
2026-08-31 21:01:11,248 - INFO - ✅ Pipeline completed successfully with REAL data!
2026-08-31 21:14:19,168 - INFO - >>> Starting Credit Risk Vehicle Loans Analysis Pipeline
2026-08-31 21:14:19,170 - INFO - >>> USING REAL DATA ONLY - NO FALLBACKS
2026-08-31 21:14:19,172 - INFO - ============================================================
2026-08-31 21:14:19,178 - INFO - >>> Step 1: Extracting REAL data from sources...
2026-08-31 21:14:19,193 - INFO - Starting REAL data extraction pipeline...
2026-08-31 21:14:19,197 - INFO -   Extracting BACEN default data...
2026-08-31 21:14:19,203 - INFO - Extracting REAL BACEN default data (series 21121)...
2026-08-31 21:14:19,206 - INFO -   BACEN API call attempt 1/5
2026-08-31 21:14:22,368 - INFO -   ✅ Successfully extracted 30 records from BACEN
2026-08-31 21:14:22,379 - INFO - ✅ Extracted 30 REAL records from BACEN series 21121
2026-08-31 21:14:22,384 - INFO -     National data: 30 records
2026-08-31 21:14:22,388 - INFO -   Distributing BACEN data to all states...
2026-08-31 21:14:22,391 - INFO -   Distributing BACEN data to all states...
2026-08-31 21:14:22,426 - INFO -   ✅ Distributed BACEN data to 27 states (810 records)
2026-08-31 21:14:22,429 - INFO -   Sample states: <ArrowStringArray>
['AC', 'AL', 'AP', 'AM', 'BA']
Length: 5, dtype: str
2026-08-31 21:14:22,433 - INFO -     ✅ 810 REAL records (by state)
2026-08-31 21:14:22,441 - INFO -   Extracting PNAD data via pnadium...
2026-08-31 21:14:22,447 - INFO - Extracting latest available REAL PNAD data...
2026-08-31 21:14:22,452 - INFO -   Trying 2025 Q1...
2026-08-31 21:14:22,455 - INFO - Extracting REAL PNAD data for 2025 Q1 using pnadium...
2026-08-31 21:14:22,463 - INFO -   Downloading PNAD microdata for 2025 Q1...
2026-08-31 21:16:14,950 - INFO -   Downloaded 472367 records from PNAD
2026-08-31 21:16:14,962 - INFO -   Calculating median income by state from PNAD microdata...
2026-08-31 21:16:18,832 - INFO -   Calculated median income for 27 states
2026-08-31 21:16:18,834 - INFO -   Calculating GINI index by state from PNAD microdata...
2026-08-31 21:16:21,381 - INFO -   Calculated GINI for 27 states
2026-08-31 21:16:21,383 - INFO -   Calculating unemployment rate by state from PNAD microdata...
2026-08-31 21:16:22,911 - INFO -   Calculated unemployment rate for 27 states
2026-08-31 21:16:22,922 - INFO - ✅ Extracted REAL PNAD data for 2025 Q1
2026-08-31 21:16:22,937 - INFO - ✅ Successfully extracted PNAD data for 2025 Q1
2026-08-31 21:16:22,944 - INFO -     ✅ Income: 27 states
2026-08-31 21:16:22,961 - INFO -     ✅ GINI: 27 states
2026-08-31 21:16:22,968 - INFO -     ✅ Unemployment: 27 states
2026-08-31 21:16:22,978 - INFO -   Extracting FipeZAP rental data...
2026-08-31 21:16:22,981 - INFO - Extracting REAL FipeZAP rental data...
2026-08-31 21:16:22,984 - INFO -   Loading FipeZAP data from local file: c:\Users\user\Documents\Projects\credit-risk-vehicle-loans\data\raw\fipezap_serieshistoricas.xlsx
2026-08-31 21:16:22,986 - INFO -   Processing FipeZAP Excel file...
2026-08-31 21:16:24,837 - INFO -   Processing sheet: Rio de Janeiro -> RJ
2026-08-31 21:16:27,067 - INFO -   Extracted 0 records from sheet Rio de Janeiro
2026-08-31 21:16:27,068 - INFO -   Processing sheet: Belo Horizonte -> MG
2026-08-31 21:16:28,127 - INFO -   Extracted 0 records from sheet Belo Horizonte
2026-08-31 21:16:28,129 - INFO -   Processing sheet: Porto Alegre -> RS
2026-08-31 21:16:28,836 - INFO -   Extracted 0 records from sheet Porto Alegre
2026-08-31 21:16:28,838 - INFO -   Processing sheet: Curitiba -> PR
2026-08-31 21:16:29,614 - INFO -   Extracted 0 records from sheet Curitiba
2026-08-31 21:16:29,616 - INFO -   Processing sheet: Campo Grande -> MS
2026-08-31 21:16:30,307 - INFO -   Extracted 0 records from sheet Campo Grande
2026-08-31 21:16:30,308 - INFO -   Processing sheet: Aracaju -> SE
2026-08-31 21:16:31,068 - INFO -   Extracted 0 records from sheet Aracaju
2026-08-31 21:16:31,070 - INFO -   Processing sheet: Fortaleza -> CE
2026-08-31 21:16:31,895 - INFO -   Extracted 0 records from sheet Fortaleza
2026-08-31 21:16:31,901 - INFO -   Processing sheet: Natal -> RN
2026-08-31 21:16:32,807 - INFO -   Extracted 0 records from sheet Natal
2026-08-31 21:16:32,810 - INFO -   Processing sheet: Recife -> PE
2026-08-31 21:16:34,315 - INFO -   Extracted 0 records from sheet Recife
2026-08-31 21:16:34,316 - INFO -   Processing sheet: Salvador -> BA
2026-08-31 21:16:35,209 - INFO -   Extracted 0 records from sheet Salvador
2026-08-31 21:16:35,210 - INFO -   Processing sheet: Teresina -> PI
2026-08-31 21:16:36,004 - INFO -   Extracted 0 records from sheet Teresina
2026-08-31 21:16:36,006 - INFO -   Processing sheet: Manaus -> AM
2026-08-31 21:16:40,730 - INFO -   Extracted 0 records from sheet Manaus
2026-08-31 21:16:40,734 - INFO -   Creating FipeZAP data from known recent values...
2026-08-31 21:16:40,744 - INFO - ✅ Created FipeZAP data for 27 states using known values
2026-08-31 21:16:40,747 - INFO -     ✅ 27 REAL records
2026-08-31 21:16:40,750 - INFO - ✅ REAL data extraction pipeline completed!
2026-08-31 21:16:41,099 - INFO - Saved: c:\Users\user\Documents\Projects\credit-risk-vehicle-loans\data\raw\real_scr_defaults_20260831_211640.csv
2026-08-31 21:16:41,113 - INFO - Saved: c:\Users\user\Documents\Projects\credit-risk-vehicle-loans\data\raw\real_income_20260831_211640.csv
2026-08-31 21:16:41,122 - INFO - Saved: c:\Users\user\Documents\Projects\credit-risk-vehicle-loans\data\raw\real_gini_20260831_211640.csv
2026-08-31 21:16:41,231 - INFO - Saved: c:\Users\user\Documents\Projects\credit-risk-vehicle-loans\data\raw\real_unemployment_20260831_211640.csv
2026-08-31 21:16:41,253 - INFO - Saved: c:\Users\user\Documents\Projects\credit-risk-vehicle-loans\data\raw\real_rent_20260831_211640.csv
2026-08-31 21:16:41,268 - INFO - >>> Step 2: Storing data in SQLite...
2026-08-31 21:16:41,277 - INFO - Resetting database...
2026-08-31 21:16:41,284 - INFO - Connected to database: data\credit_risk.db
2026-08-31 21:16:41,442 - INFO - Tables created successfully
2026-08-31 21:16:41,460 - INFO - Database reset completed
2026-08-31 21:16:41,469 - INFO - Connected to database: data\credit_risk.db
2026-08-31 21:16:41,491 - INFO - Connected to database: data\credit_risk.db
2026-08-31 21:16:41,577 - INFO - Inserted 810 rows into scr_monthly
2026-08-31 21:16:41,579 - INFO -   Merging macro indicators...
2026-08-31 21:16:41,664 - INFO - Connected to database: data\credit_risk.db
2026-08-31 21:16:41,671 - INFO - Connected to database: data\credit_risk.db
2026-08-31 21:16:41,741 - INFO - Inserted 27 rows into macro_indicators
2026-08-31 21:16:41,748 - INFO - Connected to database: data\credit_risk.db
2026-08-31 21:16:41,766 - INFO -    ✅ SCR records: 810
2026-08-31 21:16:41,771 - INFO - Connected to database: data\credit_risk.db
2026-08-31 21:16:41,780 - INFO -    ✅ Macro records: 27
2026-08-31 21:16:41,783 - INFO - >>> Step 2.5: Data Diagnostic...
2026-08-31 21:16:41,795 - INFO - Connected to database: data\credit_risk.db
2026-08-31 21:16:41,968 - INFO -    SCR states in database: 27 - ['AC', 'AL', 'AP', 'AM', 'BA', 'CE', 'DF', 'ES', 'GO', 'MA']...
2026-08-31 21:16:41,973 - INFO - Connected to database: data\credit_risk.db
2026-08-31 21:16:41,979 - INFO -    Macro states in database: 27 - ['11', '12', '13', '14', '15', '16', '17', '21', '22', '23']...
2026-08-31 21:16:41,981 - INFO -    Common states: 0 - []...
2026-08-31 21:16:41,984 - WARNING - ⚠️ Less than 3 common states. Correlations may fail.
2026-08-31 21:16:41,989 - WARNING -    SCR states: ['AC', 'AL', 'AP', 'AM', 'BA', 'CE', 'DF', 'ES', 'GO', 'MA', 'MT', 'MS', 'MG', 'PA', 'PB', 'PR', 'PE', 'PI', 'RJ', 'RN', 'RS', 'RO', 'RR', 'SC', 'SP', 'SE', 'TO']
2026-08-31 21:16:41,994 - WARNING -    Macro states: ['11', '12', '13', '14', '15', '16', '17', '21', '22', '23', '24', '25', '26', '27', '28', '29', '31', '32', '33', '35', '41', '42', '43', '50', '51', '52', '53']
2026-08-31 21:16:41,997 - INFO - >>> Step 3: Running statistical analysis...
2026-08-31 21:16:41,999 - INFO - Running full analysis...
2026-08-31 21:16:42,002 - INFO - Connected to database: data\credit_risk.db
2026-08-31 21:16:42,106 - INFO - States in SCR data: 27 - <ArrowStringArray>
['AC', 'AL', 'AP', 'AM', 'BA']
Length: 5, dtype: str...
2026-08-31 21:16:42,310 - INFO - Calculated medians for 27 states
2026-08-31 21:16:42,313 - INFO - Connected to database: data\credit_risk.db
2026-08-31 21:16:42,317 - INFO - Available columns in macro_indicators: ['state_code', 'median_income', 'quarter', 'month_date', 'gini_index', 'unemployment_rate', 'rent_variation']
2026-08-31 21:16:42,322 - INFO - Connected to database: data\credit_risk.db
2026-08-31 21:16:42,352 - INFO - Connected to database: data\credit_risk.db
2026-08-31 21:16:42,364 - INFO - SCR states: 27 - <ArrowStringArray>
['AC', 'AL', 'AP', 'AM', 'BA']
Length: 5, dtype: str...
2026-08-31 21:16:42,368 - INFO - Macro states: 27 - <ArrowStringArray>
['11', '12', '13', '14', '15']
Length: 5, dtype: str...
2026-08-31 21:16:42,377 - INFO - SCR states are abbreviations: True
2026-08-31 21:16:42,390 - INFO - Macro states are numeric: True
2026-08-31 21:16:42,398 - INFO - Converting macro states from IBGE codes to abbreviations...
2026-08-31 21:16:42,405 - INFO - Macro states after conversion: <ArrowStringArray>
['RO', 'AC', 'AM', 'RR', 'PA']
Length: 5, dtype: str...
2026-08-31 21:16:42,414 - INFO - Common states after conversion: 27 - ['AC', 'AL', 'AM', 'AP', 'BA']...
2026-08-31 21:16:42,471 - WARNING - No matching data between default and macro indicators
2026-08-31 21:16:42,474 - INFO - Connected to database: data\credit_risk.db
2026-08-31 21:16:42,499 - INFO - Connected to database: data\credit_risk.db
2026-08-31 21:16:42,631 - INFO - Connected to database: data\credit_risk.db
2026-08-31 21:16:42,733 - INFO - Analysis completed with 4 results
2026-08-31 21:16:42,735 - INFO - >>> Step 4: Running FipeZAP correlation analysis...
2026-08-31 21:16:42,751 - INFO - Loaded FipeZAP data: 27 states (using IBGE codes)
2026-08-31 21:16:42,755 - INFO -    Loaded FipeZAP data for 27 states
2026-08-31 21:16:42,760 - INFO - Running FipeZAP correlation analysis...
2026-08-31 21:16:42,765 - INFO - Connected to database: data\credit_risk.db
2026-08-31 21:16:42,777 - INFO - Converting FipeZAP states from IBGE codes to abbreviations...
2026-08-31 21:16:42,800 - INFO - States with complete data for FipeZAP: 27
2026-08-31 21:16:42,865 - INFO - FipeZAP correlation analysis completed with 6 indicators
2026-08-31 21:16:42,867 - INFO -    ✅ FipeZAP correlations calculated
2026-08-31 21:16:42,870 - INFO - >>> Step 5: Exporting results...
2026-08-31 21:16:42,884 - INFO - Exported: reports\state_medians.csv (27 rows)
2026-08-31 21:16:42,893 - INFO - Exported: reports\monthly_rankings.csv (27 rows)
2026-08-31 21:16:42,905 - INFO - Exported: reports\trend_analysis.csv (27 rows)
2026-08-31 21:16:42,913 - INFO - Exported: reports\outliers.csv (27 rows)
2026-08-31 21:16:42,923 - INFO - Exported: reports\fipezap_correlations.csv (6 rows)
2026-08-31 21:16:42,929 - INFO - Exported 5 files
2026-08-31 21:16:42,932 - INFO - 
============================================================
2026-08-31 21:16:42,935 - INFO - ANALYSIS SUMMARY - REAL DATA
2026-08-31 21:16:42,941 - INFO - ============================================================
2026-08-31 21:16:42,944 - INFO - 
📊 Database Statistics:
2026-08-31 21:16:42,950 - INFO - Connected to database: data\credit_risk.db
2026-08-31 21:16:42,957 - INFO -    SCR records: 810
2026-08-31 21:16:42,965 - INFO - Connected to database: data\credit_risk.db
2026-08-31 21:16:42,971 - INFO -    Macro records: 27
2026-08-31 21:16:42,974 - INFO - 
🏆 Top 5 States - Highest Median Default Rates:
2026-08-31 21:16:42,981 - INFO -    PB: 6.36%
2026-08-31 21:16:42,985 - INFO -    MA: 6.35%
2026-08-31 21:16:42,989 - INFO -    AL: 6.35%
2026-08-31 21:16:42,991 - INFO -    PI: 6.24%
2026-08-31 21:16:42,995 - INFO -    SE: 6.18%
2026-08-31 21:16:42,997 - INFO - 
🏠 FipeZAP Correlations with Default Rate:
2026-08-31 21:16:43,013 - INFO -    🟠 Total Index: -0.4201 (Moderate)
2026-08-31 21:16:43,016 - INFO -       p-value: 0.0291 | n: 27
2026-08-31 21:16:43,021 - INFO -    🟠 Monthly Variation: -0.0332 (Very Weak)
2026-08-31 21:16:43,024 - INFO -       p-value: 0.8693 | n: 27
2026-08-31 21:16:43,027 - INFO -    🟠 12-Month Variation: 0.3831 (Weak)
2026-08-31 21:16:43,031 - INFO -       p-value: 0.0485 | n: 27
2026-08-31 21:16:43,034 - INFO -    🟠 Average Price (R$/m²): -0.0447 (Very Weak)
2026-08-31 21:16:43,039 - INFO -       p-value: 0.8247 | n: 27
2026-08-31 21:16:43,045 - INFO -    🟠 Monthly Variation (%): -0.0332 (Very Weak)
2026-08-31 21:16:43,048 - INFO -       p-value: 0.8693 | n: 27
2026-08-31 21:16:43,051 - INFO -    🟠 12-Month Variation (%): 0.3831 (Weak)
2026-08-31 21:16:43,055 - INFO -       p-value: 0.0485 | n: 27
2026-08-31 21:16:43,058 - INFO - 
📈 Most Distressed States (avg ranking):
2026-08-31 21:16:43,063 - INFO -    PB: avg_rank=1.0, times_in_top_3=30
2026-08-31 21:16:43,066 - INFO -    MA: avg_rank=2.0, times_in_top_3=30
2026-08-31 21:16:43,071 - INFO -    AL: avg_rank=3.0, times_in_top_3=30
2026-08-31 21:16:43,077 - INFO -    PI: avg_rank=4.0, times_in_top_3=0
2026-08-31 21:16:43,081 - INFO -    SE: avg_rank=5.0, times_in_top_3=0
2026-08-31 21:16:43,084 - INFO - 
📉 Trend Analysis:
2026-08-31 21:16:43,097 - INFO -    Increasing: 27 states
2026-08-31 21:16:43,099 - INFO -    Decreasing: 0 states
2026-08-31 21:16:43,104 - INFO -    Stable: 0 states
2026-08-31 21:16:43,107 - INFO - 
🔍 Outlier Detection:
2026-08-31 21:16:43,111 - INFO -    Total outliers detected: 27
2026-08-31 21:16:43,119 - INFO -    States with most outliers:
2026-08-31 21:16:43,123 - INFO -       AC: 1 outliers
2026-08-31 21:16:43,126 - INFO -       AL: 1 outliers
2026-08-31 21:16:43,130 - INFO -       AM: 1 outliers
2026-08-31 21:16:43,132 - INFO -       AP: 1 outliers
2026-08-31 21:16:43,135 - INFO -       BA: 1 outliers
2026-08-31 21:16:43,142 - INFO - 
============================================================
2026-08-31 21:16:43,147 - INFO - ✅ Pipeline completed successfully with REAL data!
2026-08-31 21:22:34,819 - INFO - >>> Starting Credit Risk Vehicle Loans Analysis Pipeline
2026-08-31 21:22:34,822 - INFO - ============================================================
2026-08-31 21:22:34,825 - INFO - >>> Step 1: Extracting data...
2026-08-31 21:22:34,839 - INFO - Starting REAL data extraction pipeline...
2026-08-31 21:22:34,841 - INFO -   Extracting BACEN default data...
2026-08-31 21:22:34,843 - INFO - Extracting REAL BACEN default data (series 21121)...
2026-08-31 21:22:34,846 - INFO -   BACEN API call attempt 1/5
2026-08-31 21:22:37,447 - INFO -   ✅ Successfully extracted 30 records from BACEN
2026-08-31 21:22:37,455 - INFO - ✅ Extracted 30 REAL records from BACEN series 21121
2026-08-31 21:22:37,459 - INFO -     National data: 30 records
2026-08-31 21:22:37,461 - INFO -   Distributing BACEN data to all states...
2026-08-31 21:22:37,463 - INFO -   Distributing BACEN data to all states...
2026-08-31 21:22:37,491 - INFO -   ✅ Distributed BACEN data to 27 states (810 records)
2026-08-31 21:22:37,494 - INFO -   Sample states: <ArrowStringArray>
['AC', 'AL', 'AP', 'AM', 'BA']
Length: 5, dtype: str
2026-08-31 21:22:37,498 - INFO -     ✅ 810 REAL records (by state)
2026-08-31 21:22:37,500 - INFO -   Extracting PNAD data via pnadium...
2026-08-31 21:22:37,503 - INFO - Extracting latest available REAL PNAD data...
2026-08-31 21:22:37,506 - INFO -   Trying 2025 Q1...
2026-08-31 21:22:37,508 - INFO - Extracting REAL PNAD data for 2025 Q1 using pnadium...
2026-08-31 21:22:37,510 - INFO -   Downloading PNAD microdata for 2025 Q1...
2026-08-31 21:23:54,165 - INFO -   Downloaded 472367 records from PNAD
2026-08-31 21:23:54,166 - INFO -   Calculating median income by state from PNAD microdata...
2026-08-31 21:23:55,613 - INFO -   Calculated median income for 27 states
2026-08-31 21:23:55,615 - INFO -   Calculating GINI index by state from PNAD microdata...
2026-08-31 21:23:57,285 - INFO -   Calculated GINI for 27 states
2026-08-31 21:23:57,286 - INFO -   Calculating unemployment rate by state from PNAD microdata...
2026-08-31 21:23:58,545 - INFO -   Calculated unemployment rate for 27 states
2026-08-31 21:23:58,553 - INFO - ✅ Extracted REAL PNAD data for 2025 Q1
2026-08-31 21:23:58,563 - INFO - ✅ Successfully extracted PNAD data for 2025 Q1
2026-08-31 21:23:58,567 - INFO -     ✅ Income: 27 states
2026-08-31 21:23:58,571 - INFO -     ✅ GINI: 27 states
2026-08-31 21:23:58,575 - INFO -     ✅ Unemployment: 27 states
2026-08-31 21:23:58,581 - INFO -   Loading FipeZAP manual data...
2026-08-31 21:23:58,583 - INFO - Loading manual FipeZAP data...
2026-08-31 21:23:58,587 - INFO - Loaded FipeZAP data: 27 states
2026-08-31 21:23:58,594 - INFO - Loaded FipeZAP data for 27 states
2026-08-31 21:23:58,597 - INFO -     ✅ 27 FipeZAP records
2026-08-31 21:23:58,602 - INFO - ✅ REAL data extraction pipeline completed!
2026-08-31 21:23:59,598 - INFO - Saved: c:\Users\user\Documents\Projects\credit-risk-vehicle-loans\data\raw\real_scr_defaults_20260831_212358.csv
2026-08-31 21:23:59,604 - INFO - Saved: c:\Users\user\Documents\Projects\credit-risk-vehicle-loans\data\raw\real_income_20260831_212358.csv
2026-08-31 21:23:59,611 - INFO - Saved: c:\Users\user\Documents\Projects\credit-risk-vehicle-loans\data\raw\real_gini_20260831_212358.csv
2026-08-31 21:23:59,618 - INFO - Saved: c:\Users\user\Documents\Projects\credit-risk-vehicle-loans\data\raw\real_unemployment_20260831_212358.csv
2026-08-31 21:23:59,626 - INFO - Saved: c:\Users\user\Documents\Projects\credit-risk-vehicle-loans\data\raw\real_rent_20260831_212358.csv
2026-08-31 21:23:59,628 - INFO - >>> Step 2: Storing data in SQLite...
2026-08-31 21:23:59,631 - INFO - Resetting database...
2026-08-31 21:23:59,748 - INFO - Connected to database: data\credit_risk.db
2026-08-31 21:24:01,170 - INFO - Tables created successfully
2026-08-31 21:24:01,187 - INFO - Database reset completed
2026-08-31 21:24:01,196 - INFO - Connected to database: data\credit_risk.db
2026-08-31 21:24:01,206 - INFO - Connected to database: data\credit_risk.db
2026-08-31 21:24:01,287 - INFO - Inserted 810 rows into scr_monthly
2026-08-31 21:24:01,289 - INFO -   Merging macro indicators...
2026-08-31 21:24:01,309 - INFO -   Adding FipeZAP data: 27 records
2026-08-31 21:24:01,338 - INFO - Connected to database: data\credit_risk.db
2026-08-31 21:24:01,343 - INFO - Connected to database: data\credit_risk.db
2026-08-31 21:24:01,393 - INFO - Inserted 27 rows into macro_indicators
2026-08-31 21:24:01,397 - INFO - Connected to database: data\credit_risk.db
2026-08-31 21:24:01,400 - INFO - Connected to database: data\credit_risk.db
2026-08-31 21:24:01,404 - INFO -    ✅ SCR records: 810
2026-08-31 21:24:01,407 - INFO -    ✅ Macro records: 27
2026-08-31 21:24:01,410 - INFO - >>> Step 3: Running analysis...
2026-08-31 21:24:01,413 - INFO - Running full analysis...
2026-08-31 21:24:01,418 - INFO - Connected to database: data\credit_risk.db
2026-08-31 21:24:01,433 - INFO - States in SCR data: 27 - <ArrowStringArray>
['AC', 'AL', 'AP', 'AM', 'BA']
Length: 5, dtype: str...
2026-08-31 21:24:02,135 - INFO - Calculated medians for 27 states
2026-08-31 21:24:02,137 - INFO - Connected to database: data\credit_risk.db
2026-08-31 21:24:02,141 - INFO - Available columns in macro_indicators: ['state_code', 'median_income', 'quarter', 'month_date', 'gini_index', 'unemployment_rate', 'rent_variation']
2026-08-31 21:24:02,144 - INFO - Connected to database: data\credit_risk.db
2026-08-31 21:24:02,157 - INFO - Connected to database: data\credit_risk.db
2026-08-31 21:24:02,167 - INFO - SCR states: 27 - <ArrowStringArray>
['AC', 'AL', 'AP', 'AM', 'BA']
Length: 5, dtype: str...
2026-08-31 21:24:02,169 - INFO - Macro states: 27 - <ArrowStringArray>
['11', '12', '13', '14', '15']
Length: 5, dtype: str...
2026-08-31 21:24:02,173 - INFO - SCR states are abbreviations: True
2026-08-31 21:24:02,175 - INFO - Macro states are numeric: True
2026-08-31 21:24:02,177 - INFO - Converting macro states from IBGE codes to abbreviations...
2026-08-31 21:24:02,184 - INFO - Macro states after conversion: <ArrowStringArray>
['RO', 'AC', 'AM', 'RR', 'PA']
Length: 5, dtype: str...
2026-08-31 21:24:02,188 - INFO - Common states after conversion: 27 - ['AC', 'AL', 'AM', 'AP', 'BA']...
2026-08-31 21:24:02,267 - WARNING - No matching data between default and macro indicators
2026-08-31 21:24:02,270 - INFO - Connected to database: data\credit_risk.db
2026-08-31 21:24:02,288 - INFO - Connected to database: data\credit_risk.db
2026-08-31 21:24:02,378 - INFO - Connected to database: data\credit_risk.db
2026-08-31 21:24:02,430 - INFO - Analysis completed with 4 results
2026-08-31 21:24:02,432 - INFO - >>> Step 4: Exporting results...
2026-08-31 21:24:02,473 - INFO - Exported: reports\state_medians.csv (27 rows)
2026-08-31 21:24:02,479 - INFO - Exported: reports\monthly_rankings.csv (27 rows)
2026-08-31 21:24:02,486 - INFO - Exported: reports\trend_analysis.csv (27 rows)
2026-08-31 21:24:02,494 - INFO - Exported: reports\outliers.csv (27 rows)
2026-08-31 21:24:02,497 - INFO - Exported 4 files
2026-08-31 21:24:02,500 - INFO - 
============================================================
2026-08-31 21:24:02,503 - INFO - ANALYSIS SUMMARY
2026-08-31 21:24:02,507 - INFO - ============================================================
2026-08-31 21:24:02,513 - INFO - 
📊 Database Statistics:
2026-08-31 21:24:02,517 - INFO -    SCR records: 810
2026-08-31 21:24:02,521 - INFO -    Macro records: 27
2026-08-31 21:24:02,525 - INFO - 
🏆 Top 5 States - Highest Median Default Rates:
2026-08-31 21:24:02,533 - INFO -    PB: 6.36%
2026-08-31 21:24:02,536 - INFO -    MA: 6.35%
2026-08-31 21:24:02,540 - INFO -    AL: 6.35%
2026-08-31 21:24:02,542 - INFO -    PI: 6.24%
2026-08-31 21:24:02,544 - INFO -    SE: 6.18%
2026-08-31 21:24:02,547 - WARNING -    ⚠️ No correlations were generated!
2026-08-31 21:24:02,549 - WARNING -    Check if data was properly distributed to states.
2026-08-31 21:24:02,552 - INFO - 
============================================================
2026-08-31 21:24:02,555 - INFO - ✅ Pipeline completed!
2026-09-01 10:03:55,318 - INFO - ============================================================
2026-09-01 10:03:55,320 - INFO - ANÁLISE DE INADIMPLÊNCIA - DADOS REAIS
2026-09-01 10:03:55,323 - INFO - SCR.data (PF + Veículos) + PNAD + FipeZAP (ALL COLUMNS)
2026-09-01 10:03:55,327 - INFO - ============================================================
2026-09-01 10:03:55,329 - INFO - 
1. Extraindo dados...
2026-09-01 10:03:55,353 - INFO - Starting REAL data extraction pipeline...
2026-09-01 10:03:55,356 - INFO -   Extracting SCR.data (PF + Veículos)...
2026-09-01 10:03:55,359 - INFO - Extracting REAL SCR.data...
2026-09-01 10:03:55,362 - INFO -   Filtros: PF + Aquisição de bens - veículos automotores
2026-09-01 10:03:55,366 - INFO - Carregando SCR data de: files\scrdata_2026\scrdata_202606.csv
2026-09-01 10:03:58,450 - INFO -   Arquivo carregado: 313,374 linhas, 24 colunas
2026-09-01 10:03:58,631 - INFO -   Período: 2026-06-30 00:00:00 a 2026-06-30 00:00:00
2026-09-01 10:03:58,716 - INFO -   ✅ Tratamento concluído: 313,374 linhas
2026-09-01 10:03:58,967 - INFO -   ✅ Filtro PF: 183,786 registros
2026-09-01 10:03:59,099 - INFO -   ✅ Filtro Veículos: 16,749 registros
2026-09-01 10:03:59,159 - INFO - ✅ SCR.data final: 16,749 registros, 27 estados
2026-09-01 10:03:59,162 - INFO -    Período: 2026-06-30 00:00:00 a 2026-06-30 00:00:00
2026-09-01 10:03:59,166 - INFO -    Estados: ['AC', 'AL', 'AM', 'AP', 'BA', 'CE', 'DF', 'ES', 'GO', 'MA']...
2026-09-01 10:03:59,177 - INFO -     ✅ 16,749 records
2026-09-01 10:03:59,180 - INFO -   Extracting PNAD income data...
2026-09-01 10:03:59,183 - INFO - Extracting REAL PNAD income data...
2026-09-01 10:05:19,666 - INFO -   Downloaded 472,367 records
2026-09-01 10:05:22,119 - INFO - ✅ PNAD income: 27 states
2026-09-01 10:05:22,122 - INFO -     ✅ 27 states
2026-09-01 10:05:22,128 - INFO -   Extracting PNAD GINI data...
2026-09-01 10:05:22,131 - INFO - Extracting REAL PNAD GINI data...
2026-09-01 10:06:25,016 - INFO -   Downloaded 472,367 records
2026-09-01 10:06:26,462 - INFO - ✅ PNAD GINI: 27 states
2026-09-01 10:06:26,468 - INFO -     ✅ 27 states
2026-09-01 10:06:26,471 - INFO -   Extracting PNAD unemployment data...
2026-09-01 10:06:26,576 - INFO - Extracting REAL PNAD unemployment data...
2026-09-01 10:07:44,646 - INFO -   Downloaded 472,367 records
2026-09-01 10:07:46,094 - INFO - ✅ PNAD unemployment: 27 states
2026-09-01 10:07:46,098 - INFO -     ✅ 27 states
2026-09-01 10:07:46,100 - INFO -   Loading FipeZAP data (ALL columns)...
2026-09-01 10:07:46,108 - INFO - Loading REAL FipeZAP data from Excel...
2026-09-01 10:07:47,511 - INFO -   Loaded 27 records from FipeZAP Excel
2026-09-01 10:07:47,513 - INFO -   Columns: ['Date', 'City', 'Total Index', 'Monthly Variation Index', 'Variation 12 Months', 'Average Price R$/m²']
2026-09-01 10:07:47,544 - INFO - ✅ FipeZAP data loaded: 27 states
2026-09-01 10:07:47,548 - INFO -    Columns: ['Date', 'city', 'total_index', 'monthly_variation', 'variation_12m', 'avg_price', 'state_code', 'month_date', 'monthly_variation_pct', 'variation_12m_pct', 'rent_variation']
2026-09-01 10:07:47,557 - INFO -    Example - nan: Total Index=248.4912028216351, 12M Variation=5.53%
2026-09-01 10:07:47,560 - INFO -     ✅ 27 records
2026-09-01 10:07:47,563 - INFO - ✅ Extraction completed!
2026-09-01 10:07:47,860 - INFO - Saved: c:\Users\user\Documents\Projects\credit-risk-vehicle-loans\data\raw\real_scr_defaults_20260901_100747.csv
2026-09-01 10:07:47,930 - INFO - Saved: c:\Users\user\Documents\Projects\credit-risk-vehicle-loans\data\raw\real_income_20260901_100747.csv
2026-09-01 10:07:47,943 - INFO - Saved: c:\Users\user\Documents\Projects\credit-risk-vehicle-loans\data\raw\real_gini_20260901_100747.csv
2026-09-01 10:07:47,952 - INFO - Saved: c:\Users\user\Documents\Projects\credit-risk-vehicle-loans\data\raw\real_unemployment_20260901_100747.csv
2026-09-01 10:07:47,961 - INFO - Saved: c:\Users\user\Documents\Projects\credit-risk-vehicle-loans\data\raw\real_rent_20260901_100747.csv
2026-09-01 10:07:47,967 - INFO - 
2. Salvando no banco de dados...
2026-09-01 10:07:47,979 - INFO - Resetting database...
2026-09-01 10:07:49,540 - INFO - Tables created
2026-09-01 10:07:49,561 - INFO - Database reset completed
2026-09-01 10:07:49,858 - INFO - Inserted 16749 rows into scr_monthly
2026-09-01 10:07:49,863 - INFO -    ✅ SCR: 16,749 registros
2026-09-01 10:07:49,985 - INFO - Inserted 27 rows into macro_indicators
2026-09-01 10:07:49,987 - INFO -    ✅ Macro: 27 registros
2026-09-01 10:07:49,989 - INFO - 
3. Executando análise...
2026-09-01 10:07:49,991 - INFO - Running full analysis...
2026-09-01 10:07:51,023 - INFO - Computing correlations...
2026-09-01 10:07:51,082 - INFO - Merged data: 27 states
2026-09-01 10:07:51,198 - INFO -   Median Income (R$): r=-0.4017, p=0.0378, n=27
2026-09-01 10:07:51,217 - INFO -   Gini Index: r=0.5026, p=0.0075, n=27
2026-09-01 10:07:51,233 - INFO -   Unemployment Rate (%): r=0.6484, p=0.0003, n=27
2026-09-01 10:07:51,279 - INFO -   FipeZAP - Total Index: r=0.1893, p=0.4826, n=16
2026-09-01 10:07:51,298 - INFO -   FipeZAP - Monthly Variation: r=0.1958, p=0.4673, n=16
2026-09-01 10:07:51,320 - INFO -   FipeZAP - Monthly Variation (%): r=0.1958, p=0.4673, n=16
2026-09-01 10:07:51,333 - INFO -   FipeZAP - 12M Variation: r=0.2115, p=0.4317, n=16
2026-09-01 10:07:51,360 - INFO -   FipeZAP - 12M Variation (%): r=0.2115, p=0.4317, n=16
2026-09-01 10:07:51,383 - INFO -   FipeZAP - Avg Price (R$/m²): r=0.1377, p=0.6110, n=16
2026-09-01 10:07:51,410 - INFO -   FipeZAP - Rent Variation (12M %): r=0.2115, p=0.4317, n=16
2026-09-01 10:07:51,950 - INFO - Analysis completed with 5 results
2026-09-01 10:07:51,954 - INFO - 
4. Exportando resultados...
2026-09-01 10:07:51,974 - INFO - Exported: reports\state_medians.csv (27 rows)
2026-09-01 10:07:51,990 - INFO - Exported: reports\correlations.csv (10 rows)
2026-09-01 10:07:52,009 - INFO - Exported: reports\monthly_rankings.csv (27 rows)
2026-09-01 10:07:52,044 - INFO - Exported: reports\trend_analysis.csv (27 rows)
2026-09-01 10:07:52,074 - INFO - Exported: reports\outliers.csv (848 rows)
2026-09-01 10:07:52,083 - INFO - 
============================================================
2026-09-01 10:07:52,091 - INFO - RESULTADOS - DADOS REAIS
2026-09-01 10:07:52,097 - INFO - ============================================================
2026-09-01 10:07:52,100 - INFO - 
📊 Top 5 - Maior inadimplência:
2026-09-01 10:07:52,112 - INFO -    AL: 5.11%
2026-09-01 10:07:52,115 - INFO -    PE: 4.87%
2026-09-01 10:07:52,121 - INFO -    PA: 4.65%
2026-09-01 10:07:52,127 - INFO -    PI: 4.37%
2026-09-01 10:07:52,130 - INFO -    BA: 4.26%
2026-09-01 10:07:52,133 - INFO - 
🔗 Correlações com inadimplência:
2026-09-01 10:07:52,147 - INFO -    Unemployment Rate (%): 0.6484 (Moderate)
2026-09-01 10:07:52,155 - INFO -       p-value: 0.0003 | n: 27
2026-09-01 10:07:52,159 - INFO -    Gini Index: 0.5026 (Moderate)
2026-09-01 10:07:52,163 - INFO -       p-value: 0.0075 | n: 27
2026-09-01 10:07:52,165 - INFO -    FipeZAP - 12M Variation (%): 0.2115 (Weak)
2026-09-01 10:07:52,173 - INFO -       p-value: 0.4317 | n: 16
2026-09-01 10:07:52,178 - INFO -    FipeZAP - Rent Variation (12M %): 0.2115 (Weak)
2026-09-01 10:07:52,183 - INFO -       p-value: 0.4317 | n: 16
2026-09-01 10:07:52,193 - INFO -    FipeZAP - 12M Variation: 0.2115 (Weak)
2026-09-01 10:07:52,197 - INFO -       p-value: 0.4317 | n: 16
2026-09-01 10:07:52,200 - INFO -    FipeZAP - Monthly Variation: 0.1958 (Very Weak)
2026-09-01 10:07:52,211 - INFO -       p-value: 0.4673 | n: 16
2026-09-01 10:07:52,215 - INFO -    FipeZAP - Monthly Variation (%): 0.1958 (Very Weak)
2026-09-01 10:07:52,222 - INFO -       p-value: 0.4673 | n: 16
2026-09-01 10:07:52,225 - INFO -    FipeZAP - Total Index: 0.1893 (Very Weak)
2026-09-01 10:07:52,227 - INFO -       p-value: 0.4826 | n: 16
2026-09-01 10:07:52,230 - INFO -    FipeZAP - Avg Price (R$/m²): 0.1377 (Very Weak)
2026-09-01 10:07:52,232 - INFO -       p-value: 0.6110 | n: 16
2026-09-01 10:07:52,239 - INFO -    Median Income (R$): -0.4017 (Moderate)
2026-09-01 10:07:52,263 - INFO -       p-value: 0.0378 | n: 27
2026-09-01 10:07:52,274 - INFO - 
============================================================
2026-09-01 10:07:52,281 - INFO - ✅ Pipeline concluído!
2026-09-01 10:07:52,283 - INFO - 📁 Relatórios em: reports/
2026-09-01 10:15:46,070 - INFO - ============================================================
2026-09-01 10:15:46,072 - INFO - ANÁLISE DE INADIMPLÊNCIA - DADOS REAIS
2026-09-01 10:15:46,075 - INFO - SCR.data (PF + Veículos) + PNAD + FipeZAP (ALL COLUMNS)
2026-09-01 10:15:46,077 - INFO - ============================================================
2026-09-01 10:15:46,083 - INFO - 
1. Extraindo dados...
2026-09-01 10:15:46,119 - INFO - Starting REAL data extraction pipeline...
2026-09-01 10:15:46,125 - INFO -   Extracting SCR.data (PF + Veículos)...
2026-09-01 10:15:46,135 - INFO - Extracting REAL SCR.data...
2026-09-01 10:15:46,142 - INFO -   Filtros: PF + Aquisição de bens - veículos automotores
2026-09-01 10:15:46,145 - INFO - Carregando SCR data de: files\scrdata_2026\scrdata_202606.csv
2026-09-01 10:15:49,953 - INFO -   Arquivo carregado: 313,374 linhas, 24 colunas
2026-09-01 10:15:50,077 - INFO -   Período: 2026-06-30 00:00:00 a 2026-06-30 00:00:00
2026-09-01 10:15:50,193 - INFO -   ✅ Tratamento concluído: 313,374 linhas
2026-09-01 10:15:50,609 - INFO -   ✅ Filtro PF: 183,786 registros
2026-09-01 10:15:50,842 - INFO -   ✅ Filtro Veículos: 16,749 registros
2026-09-01 10:15:50,910 - INFO - ✅ SCR.data final: 16,749 registros, 27 estados
2026-09-01 10:15:50,923 - INFO -    Período: 2026-06-30 00:00:00 a 2026-06-30 00:00:00
2026-09-01 10:15:50,927 - INFO -    Estados: ['AC', 'AL', 'AM', 'AP', 'BA', 'CE', 'DF', 'ES', 'GO', 'MA']...
2026-09-01 10:15:50,942 - INFO -     ✅ 16,749 records
2026-09-01 10:15:50,950 - INFO -   Extracting PNAD income data...
2026-09-01 10:15:50,954 - INFO - Extracting REAL PNAD income data...
2026-09-01 10:16:57,290 - INFO -   Downloaded 472,367 records
2026-09-01 10:16:59,703 - INFO - ✅ PNAD income: 27 states
2026-09-01 10:16:59,707 - INFO -     ✅ 27 states
2026-09-01 10:16:59,727 - INFO -   Extracting PNAD GINI data...
2026-09-01 10:16:59,730 - INFO - Extracting REAL PNAD GINI data...
2026-09-01 10:18:03,719 - INFO -   Downloaded 472,367 records
2026-09-01 10:18:05,120 - INFO - ✅ PNAD GINI: 27 states
2026-09-01 10:18:05,124 - INFO -     ✅ 27 states
2026-09-01 10:18:05,127 - INFO -   Extracting PNAD unemployment data...
2026-09-01 10:18:05,130 - INFO - Extracting REAL PNAD unemployment data...
2026-09-01 10:19:07,578 - INFO -   Downloaded 472,367 records
2026-09-01 10:19:08,638 - INFO - ✅ PNAD unemployment: 27 states
2026-09-01 10:19:08,642 - INFO -     ✅ 27 states
2026-09-01 10:19:08,644 - INFO -   Loading FipeZAP data (ALL columns)...
2026-09-01 10:19:08,647 - INFO - Loading REAL FipeZAP data from Excel...
2026-09-01 10:19:09,455 - INFO -   Loaded 27 records from FipeZAP Excel
2026-09-01 10:19:09,457 - INFO -   Columns: ['Date', 'City', 'Total Index', 'Monthly Variation Index', 'Variation 12 Months', 'Average Price R$/m²']
2026-09-01 10:19:09,469 - INFO - ✅ FipeZAP data loaded: 27 states
2026-09-01 10:19:09,471 - INFO -    Columns: ['Date', 'city', 'total_index', 'monthly_variation', 'variation_12m', 'avg_price', 'state_code', 'month_date', 'monthly_variation_pct', 'variation_12m_pct', 'rent_variation']
2026-09-01 10:19:09,474 - INFO -    Example - nan: Total Index=248.4912028216351, 12M Variation=5.53%
2026-09-01 10:19:09,477 - INFO -     ✅ 27 records
2026-09-01 10:19:09,482 - INFO - ✅ Extraction completed!
2026-09-01 10:19:09,555 - INFO - Saved: c:\Users\user\Documents\Projects\credit-risk-vehicle-loans\data\raw\real_scr_defaults_20260901_101909.csv
2026-09-01 10:19:09,561 - INFO - Saved: c:\Users\user\Documents\Projects\credit-risk-vehicle-loans\data\raw\real_income_20260901_101909.csv
2026-09-01 10:19:09,568 - INFO - Saved: c:\Users\user\Documents\Projects\credit-risk-vehicle-loans\data\raw\real_gini_20260901_101909.csv
2026-09-01 10:19:09,576 - INFO - Saved: c:\Users\user\Documents\Projects\credit-risk-vehicle-loans\data\raw\real_unemployment_20260901_101909.csv
2026-09-01 10:19:09,590 - INFO - Saved: c:\Users\user\Documents\Projects\credit-risk-vehicle-loans\data\raw\real_rent_20260901_101909.csv
2026-09-01 10:19:09,592 - INFO - 
2. Salvando no banco de dados...
2026-09-01 10:19:09,596 - INFO - Resetting database...
2026-09-01 10:19:09,736 - INFO - Tables created
2026-09-01 10:19:09,752 - INFO - Database reset completed
2026-09-01 10:19:09,965 - INFO - Inserted 16749 rows into scr_monthly
2026-09-01 10:19:09,968 - INFO -    ✅ SCR: 16,749 registros
2026-09-01 10:19:10,080 - INFO - Inserted 27 rows into macro_indicators
2026-09-01 10:19:10,082 - INFO -    ✅ Macro: 27 registros
2026-09-01 10:19:10,085 - INFO - 
3. Executando análise...
2026-09-01 10:19:10,087 - INFO - Running full analysis...
2026-09-01 10:19:10,259 - INFO - Computing correlations...
2026-09-01 10:19:10,298 - INFO - Merged data: 27 states
2026-09-01 10:19:10,301 - INFO - States before filter: ['AC', 'AL', 'AM', 'AP', 'BA', 'CE', 'DF', 'ES', 'GO', 'MA', 'MG', 'MS', 'MT', 'PA', 'PB', 'PE', 'PI', 'PR', 'RJ', 'RN', 'RO', 'RR', 'RS', 'SC', 'SE', 'SP', 'TO']
2026-09-01 10:19:10,362 - INFO -   Median Income (R$): r=-0.4017, p=0.0378, n=27
2026-09-01 10:19:10,376 - INFO -   Gini Index: r=0.5026, p=0.0075, n=27
2026-09-01 10:19:10,388 - INFO -   Unemployment Rate (%): r=0.6484, p=0.0003, n=27
2026-09-01 10:19:10,402 - INFO -   FipeZAP - Total Index: r=0.1893, p=0.4826, n=16
2026-09-01 10:19:10,413 - INFO -   FipeZAP - Monthly Variation: r=0.1958, p=0.4673, n=16
2026-09-01 10:19:10,428 - INFO -   FipeZAP - Monthly Variation (%): r=0.1958, p=0.4673, n=16
2026-09-01 10:19:10,433 - INFO -   FipeZAP - 12M Variation: Excluding states ['TO', 'RO', 'AP', 'AC', 'RR']
2026-09-01 10:19:10,435 - INFO -     States used: ['AL', 'AM', 'BA', 'CE', 'DF', 'ES', 'GO', 'MA', 'MG', 'MS', 'MT', 'PA', 'PB', 'PE', 'PI', 'PR', 'RJ', 'RN', 'RS', 'SC', 'SE', 'SP']
2026-09-01 10:19:10,442 - INFO -   FipeZAP - 12M Variation: r=0.1559, p=0.6284, n=12
2026-09-01 10:19:10,446 - INFO -   FipeZAP - 12M Variation (%): Excluding states ['TO', 'RO', 'AP', 'AC', 'RR']
2026-09-01 10:19:10,456 - INFO -     States used: ['AL', 'AM', 'BA', 'CE', 'DF', 'ES', 'GO', 'MA', 'MG', 'MS', 'MT', 'PA', 'PB', 'PE', 'PI', 'PR', 'RJ', 'RN', 'RS', 'SC', 'SE', 'SP']
2026-09-01 10:19:10,463 - INFO -   FipeZAP - 12M Variation (%): r=0.1559, p=0.6284, n=12
2026-09-01 10:19:10,473 - INFO -   FipeZAP - Avg Price (R$/m²): r=0.1377, p=0.6110, n=16
2026-09-01 10:19:10,477 - INFO -   FipeZAP - Rent Variation (12M %): Excluding states ['TO', 'RO', 'AP', 'AC', 'RR']
2026-09-01 10:19:10,480 - INFO -     States used: ['AL', 'AM', 'BA', 'CE', 'DF', 'ES', 'GO', 'MA', 'MG', 'MS', 'MT', 'PA', 'PB', 'PE', 'PI', 'PR', 'RJ', 'RN', 'RS', 'SC', 'SE', 'SP']
2026-09-01 10:19:10,494 - INFO -   FipeZAP - Rent Variation (12M %): r=0.1559, p=0.6284, n=12
2026-09-01 10:19:11,359 - INFO - Analysis completed with 5 results
2026-09-01 10:19:11,360 - INFO - 
4. Exportando resultados...
2026-09-01 10:19:11,379 - INFO - Exported: reports\state_medians.csv (27 rows)
2026-09-01 10:19:11,386 - INFO - Exported: reports\correlations.csv (10 rows)
2026-09-01 10:19:11,395 - INFO - Exported: reports\monthly_rankings.csv (27 rows)
2026-09-01 10:19:11,403 - INFO - Exported: reports\trend_analysis.csv (27 rows)
2026-09-01 10:19:11,414 - INFO - Exported: reports\outliers.csv (848 rows)
2026-09-01 10:19:11,417 - INFO - 
============================================================
2026-09-01 10:19:11,421 - INFO - RESULTADOS - DADOS REAIS
2026-09-01 10:19:11,426 - INFO - ============================================================
2026-09-01 10:19:11,429 - INFO - 
📊 Top 5 - Maior inadimplência:
2026-09-01 10:19:11,435 - INFO -    AL: 5.11%
2026-09-01 10:19:11,438 - INFO -    PE: 4.87%
2026-09-01 10:19:11,443 - INFO -    PA: 4.65%
2026-09-01 10:19:11,447 - INFO -    PI: 4.37%
2026-09-01 10:19:11,451 - INFO -    BA: 4.26%
2026-09-01 10:19:11,454 - INFO - 
🔗 Correlações com inadimplência:
2026-09-01 10:19:11,461 - INFO -    Unemployment Rate (%): 0.6484 (Moderate)
2026-09-01 10:19:11,466 - INFO -       p-value: 0.0003 | n: 27
2026-09-01 10:19:11,471 - INFO -    Gini Index: 0.5026 (Moderate)
2026-09-01 10:19:11,474 - INFO -       p-value: 0.0075 | n: 27
2026-09-01 10:19:11,477 - INFO -    FipeZAP - Monthly Variation (%): 0.1958 (Very Weak)
2026-09-01 10:19:11,479 - INFO -       p-value: 0.4673 | n: 16
2026-09-01 10:19:11,485 - INFO -    FipeZAP - Monthly Variation: 0.1958 (Very Weak)
2026-09-01 10:19:11,488 - INFO -       p-value: 0.4673 | n: 16
2026-09-01 10:19:11,491 - INFO -    FipeZAP - Total Index: 0.1893 (Very Weak)
2026-09-01 10:19:11,496 - INFO -       p-value: 0.4826 | n: 16
2026-09-01 10:19:11,500 - INFO -    FipeZAP - 12M Variation: 0.1559 (Very Weak)
2026-09-01 10:19:11,503 - INFO -       p-value: 0.6284 | n: 12
2026-09-01 10:19:11,507 - INFO -    FipeZAP - Rent Variation (12M %): 0.1559 (Very Weak)
2026-09-01 10:19:11,509 - INFO -       p-value: 0.6284 | n: 12
2026-09-01 10:19:11,513 - INFO -    FipeZAP - 12M Variation (%): 0.1559 (Very Weak)
2026-09-01 10:19:11,519 - INFO -       p-value: 0.6284 | n: 12
2026-09-01 10:19:11,524 - INFO -    FipeZAP - Avg Price (R$/m²): 0.1377 (Very Weak)
2026-09-01 10:19:11,528 - INFO -       p-value: 0.6110 | n: 16
2026-09-01 10:19:11,530 - INFO -    Median Income (R$): -0.4017 (Moderate)
2026-09-01 10:19:11,533 - INFO -       p-value: 0.0378 | n: 27
2026-09-01 10:19:11,535 - INFO - 
============================================================
2026-09-01 10:19:11,537 - INFO - ✅ Pipeline concluído!
2026-09-01 10:19:11,538 - INFO - 📁 Relatórios em: reports/
2026-09-01 16:13:16,751 - INFO - ============================================================
2026-09-01 16:13:16,753 - INFO - ANÁLISE DE INADIMPLÊNCIA - PIPELINE FINAL
2026-09-01 16:13:16,759 - INFO - SCR.data (validado) + PNAD + FipeZAP
2026-09-01 16:13:16,762 - INFO - ============================================================
2026-09-01 16:13:16,764 - INFO - 
1. Extraindo dados...
2026-09-01 16:13:16,777 - INFO - Starting REAL data extraction pipeline...
2026-09-01 16:13:16,779 - INFO -   Extracting SCR.data (validated)...
2026-09-01 16:13:16,781 - INFO - Extracting REAL SCR.data (validated)...
2026-09-01 16:13:16,784 - WARNING -   Arquivo validado não encontrado. Tentando arquivo original...
2026-09-01 16:13:16,789 - INFO -   Processando arquivo: files\scrdata_2026\scrdata_202606.csv
2026-09-01 16:13:19,595 - INFO -   ✅ Processado: 27 estados
2026-09-01 16:13:19,714 - INFO - ✅ SCR.data final: 27 estados
2026-09-01 16:13:19,716 - INFO -     ✅ 27 records
2026-09-01 16:13:19,718 - INFO -   Extracting PNAD income data...
2026-09-01 16:13:19,721 - INFO - Extracting REAL PNAD income data...
2026-09-01 16:14:38,717 - INFO -   Downloaded 472,367 records
2026-09-01 16:14:40,457 - INFO - ✅ PNAD income: 27 states
2026-09-01 16:14:40,463 - INFO -     ✅ 27 states
2026-09-01 16:14:40,466 - INFO -   Extracting PNAD GINI data...
2026-09-01 16:14:40,468 - INFO - Extracting REAL PNAD GINI data...
2026-09-01 16:15:47,515 - INFO - ✅ PNAD GINI: 27 states
2026-09-01 16:15:47,517 - INFO -     ✅ 27 states
2026-09-01 16:15:47,520 - INFO -   Extracting PNAD unemployment data...
2026-09-01 16:15:47,522 - INFO - Extracting REAL PNAD unemployment data...
2026-09-01 16:16:54,674 - INFO - ✅ PNAD unemployment: 27 states
2026-09-01 16:16:54,678 - INFO -     ✅ 27 states
2026-09-01 16:16:54,679 - INFO -   Loading FipeZAP data...
2026-09-01 16:16:54,681 - INFO - Loading REAL FipeZAP data...
2026-09-01 16:16:57,456 - INFO - ✅ FipeZAP: 27 estados
2026-09-01 16:16:57,458 - INFO -     ✅ 27 records
2026-09-01 16:16:57,460 - INFO - ✅ Extraction completed!
2026-09-01 16:16:57,487 - INFO - Saved: c:\Users\user\Documents\Projects\credit-risk-vehicle-loans\data\raw\real_scr_defaults_20260901_161657.csv
2026-09-01 16:16:57,496 - INFO - Saved: c:\Users\user\Documents\Projects\credit-risk-vehicle-loans\data\raw\real_income_20260901_161657.csv
2026-09-01 16:16:57,501 - INFO - Saved: c:\Users\user\Documents\Projects\credit-risk-vehicle-loans\data\raw\real_gini_20260901_161657.csv
2026-09-01 16:16:57,509 - INFO - Saved: c:\Users\user\Documents\Projects\credit-risk-vehicle-loans\data\raw\real_unemployment_20260901_161657.csv
2026-09-01 16:16:57,522 - INFO - Saved: c:\Users\user\Documents\Projects\credit-risk-vehicle-loans\data\raw\real_rent_20260901_161657.csv
2026-09-01 16:16:57,525 - INFO - 
2. Salvando no banco de dados...
2026-09-01 16:16:57,528 - INFO - Resetting database...
2026-09-01 16:16:57,706 - INFO - Tables created
2026-09-01 16:16:57,721 - INFO - Database reset completed
2026-09-01 16:16:57,786 - INFO - Inserted 27 rows into scr_monthly
2026-09-01 16:16:57,788 - INFO -    ✅ SCR: 27 registros
2026-09-01 16:16:57,918 - INFO - Inserted 27 rows into macro_indicators
2026-09-01 16:16:57,920 - INFO -    ✅ Macro: 27 registros
2026-09-01 16:16:57,921 - INFO - 
3. Executando análise...
2026-09-01 16:16:57,923 - INFO - Running full analysis...
2026-09-01 16:16:58,057 - INFO - Computing correlations...
2026-09-01 16:16:58,616 - INFO - Merged data: 27 states
2026-09-01 16:16:58,655 - INFO -   Median Income (R$): r=-0.3187, p=0.1052, n=27
2026-09-01 16:16:58,664 - INFO -   Gini Index: r=0.3436, p=0.0793, n=27
2026-09-01 16:16:58,678 - INFO -   Unemployment Rate (%): r=0.4584, p=0.0162, n=27
2026-09-01 16:16:58,689 - INFO -   FipeZAP - Total Index: r=0.2151, p=0.4238, n=16
2026-09-01 16:16:58,701 - INFO -   FipeZAP - Monthly Variation: r=-0.0773, p=0.7759, n=16
2026-09-01 16:16:58,710 - INFO -   FipeZAP - Monthly Variation (%): r=-0.0773, p=0.7759, n=16
2026-09-01 16:16:58,720 - INFO -   FipeZAP - 12M Variation: r=0.2366, p=0.3777, n=16
2026-09-01 16:16:58,735 - INFO -   FipeZAP - 12M Variation (%): r=0.2366, p=0.3777, n=16
2026-09-01 16:16:58,749 - INFO -   FipeZAP - Avg Price (R$/m²): r=0.2676, p=0.3163, n=16
2026-09-01 16:16:58,764 - INFO -   FipeZAP - Rent Variation (12M %): r=0.2366, p=0.3777, n=16
2026-09-01 16:17:00,238 - INFO - Analysis completed with 3 results
2026-09-01 16:17:00,241 - INFO - 
4. Exportando resultados...
2026-09-01 16:17:00,251 - INFO - Exported: reports\state_medians.csv (27 rows)
2026-09-01 16:17:00,260 - INFO - Exported: reports\correlations.csv (10 rows)
2026-09-01 16:17:00,273 - INFO - Exported: reports\trend_analysis.csv (27 rows)
2026-09-01 16:17:00,276 - INFO - 
============================================================
2026-09-01 16:17:00,282 - INFO - RESULTADOS - DADOS REAIS
2026-09-01 16:17:00,292 - INFO - ============================================================
2026-09-01 16:17:00,297 - INFO - 
📊 Top 5 - Maior inadimplência:
2026-09-01 16:17:00,304 - INFO -    RJ: 10.53%
2026-09-01 16:17:00,308 - INFO -    AL: 9.97%
2026-09-01 16:17:00,311 - INFO -    PA: 8.20%
2026-09-01 16:17:00,315 - INFO -    AM: 8.07%
2026-09-01 16:17:00,318 - INFO -    SE: 7.60%
2026-09-01 16:17:00,322 - INFO - 
🔗 Correlações com inadimplência:
2026-09-01 16:17:00,328 - INFO -    Unemployment Rate (%): 0.4584 (Moderate)
2026-09-01 16:17:00,331 - INFO -       p-value: 0.0162 | n: 27
2026-09-01 16:17:00,334 - INFO -    Gini Index: 0.3436 (Weak)
2026-09-01 16:17:00,338 - INFO -       p-value: 0.0793 | n: 27
2026-09-01 16:17:00,341 - INFO -    FipeZAP - Avg Price (R$/m²): 0.2676 (Weak)
2026-09-01 16:17:00,345 - INFO -       p-value: 0.3163 | n: 16
2026-09-01 16:17:00,350 - INFO -    FipeZAP - Rent Variation (12M %): 0.2366 (Weak)
2026-09-01 16:17:00,354 - INFO -       p-value: 0.3777 | n: 16
2026-09-01 16:17:00,358 - INFO -    FipeZAP - 12M Variation: 0.2366 (Weak)
2026-09-01 16:17:00,361 - INFO -       p-value: 0.3777 | n: 16
2026-09-01 16:17:00,365 - INFO -    FipeZAP - 12M Variation (%): 0.2366 (Weak)
2026-09-01 16:17:00,368 - INFO -       p-value: 0.3777 | n: 16
2026-09-01 16:17:00,394 - INFO -    FipeZAP - Total Index: 0.2151 (Weak)
2026-09-01 16:17:00,405 - INFO -       p-value: 0.4238 | n: 16
2026-09-01 16:17:00,407 - INFO -    FipeZAP - Monthly Variation (%): -0.0773 (Very Weak)
2026-09-01 16:17:00,418 - INFO -       p-value: 0.7759 | n: 16
2026-09-01 16:17:00,422 - INFO -    FipeZAP - Monthly Variation: -0.0773 (Very Weak)
2026-09-01 16:17:00,426 - INFO -       p-value: 0.7759 | n: 16
2026-09-01 16:17:00,428 - INFO -    Median Income (R$): -0.3187 (Weak)
2026-09-01 16:17:00,430 - INFO -       p-value: 0.1052 | n: 27
2026-09-01 16:17:00,432 - INFO - 
============================================================
2026-09-01 16:17:00,434 - INFO - ✅ Pipeline concluído!
2026-09-01 16:17:00,436 - INFO - 📁 Relatórios em: reports/
2026-09-01 16:30:31,356 - INFO - ============================================================
2026-09-01 16:30:31,358 - INFO - ANÁLISE DE INADIMPLÊNCIA - PIPELINE FINAL
2026-09-01 16:30:31,360 - INFO - SCR.data (validado) + PNAD + FipeZAP
2026-09-01 16:30:31,364 - INFO - ============================================================
2026-09-01 16:30:31,369 - INFO - 
1. Extraindo dados...
2026-09-01 16:30:31,383 - INFO - Starting REAL data extraction pipeline...
2026-09-01 16:30:31,387 - INFO -   Extracting SCR.data (validated)...
2026-09-01 16:30:31,390 - INFO - Extracting REAL SCR.data (validated)...
2026-09-01 16:30:31,392 - WARNING -   Arquivo validado não encontrado. Tentando arquivo original...
2026-09-01 16:30:31,403 - INFO -   Processando arquivo: files\scrdata_2026\scrdata_202606.csv
2026-09-01 16:30:34,005 - INFO -   ✅ Processado: 27 estados
2026-09-01 16:30:34,012 - INFO - ✅ SCR.data final: 27 estados
2026-09-01 16:30:34,016 - INFO -     ✅ 27 records
2026-09-01 16:30:34,018 - INFO -   Extracting PNAD income data...
2026-09-01 16:30:34,020 - INFO - Extracting REAL PNAD income data...
2026-09-01 16:31:40,608 - INFO -   Downloaded 472,367 records
2026-09-01 16:31:42,555 - INFO - ✅ PNAD income: 27 states
2026-09-01 16:31:42,559 - INFO -     ✅ 27 states
2026-09-01 16:31:42,562 - INFO -   Extracting PNAD GINI data...
2026-09-01 16:31:42,564 - INFO - Extracting REAL PNAD GINI data...
2026-09-01 16:32:50,377 - INFO - ✅ PNAD GINI: 27 states
2026-09-01 16:32:50,386 - INFO -     ✅ 27 states
2026-09-01 16:32:50,389 - INFO -   Extracting PNAD unemployment data...
2026-09-01 16:32:50,391 - INFO - Extracting REAL PNAD unemployment data...
2026-09-01 16:33:54,013 - INFO - ✅ PNAD unemployment: 27 states
2026-09-01 16:33:54,017 - INFO -     ✅ 27 states
2026-09-01 16:33:54,019 - INFO -   Loading FipeZAP data...
2026-09-01 16:33:54,020 - INFO - Loading REAL FipeZAP data...
2026-09-01 16:33:56,314 - INFO -   Loaded 27 records from FipeZAP Excel
2026-09-01 16:33:56,316 - INFO -   Columns: ['Date', 'State', 'City', 'Total Index', 'Monthly Variation Index', 'Variation 12 Months', 'Average Price R$/m²']
2026-09-01 16:33:56,333 - INFO -   States present: 26 - ['AC', 'AL', 'AM', 'AP', 'BA', 'CE', 'DF', 'ES', 'GO', 'MA', 'MG', 'MS', 'MT', 'PA', 'PB', 'PE', 'PI', 'PR', 'RJ', 'RN', 'RR', 'RS', 'SC', 'SE', 'SP', 'TO']
2026-09-01 16:33:56,335 - WARNING -   Missing states: ['RO']
2026-09-01 16:33:56,365 - INFO - ✅ FipeZAP final: 28 estados
2026-09-01 16:33:56,373 - INFO -    Example: SP - Total Index: 248.49
2026-09-01 16:33:56,375 - INFO -     ✅ 28 records
2026-09-01 16:33:56,377 - INFO - ✅ Extraction completed!
2026-09-01 16:33:56,398 - INFO - Saved: c:\Users\user\Documents\Projects\credit-risk-vehicle-loans\data\raw\real_scr_defaults_20260901_163356.csv
2026-09-01 16:33:56,410 - INFO - Saved: c:\Users\user\Documents\Projects\credit-risk-vehicle-loans\data\raw\real_income_20260901_163356.csv
2026-09-01 16:33:56,418 - INFO - Saved: c:\Users\user\Documents\Projects\credit-risk-vehicle-loans\data\raw\real_gini_20260901_163356.csv
2026-09-01 16:33:56,429 - INFO - Saved: c:\Users\user\Documents\Projects\credit-risk-vehicle-loans\data\raw\real_unemployment_20260901_163356.csv
2026-09-01 16:33:56,551 - INFO - Saved: c:\Users\user\Documents\Projects\credit-risk-vehicle-loans\data\raw\real_rent_20260901_163356.csv
2026-09-01 16:33:56,553 - INFO - 
2. Salvando no banco de dados...
2026-09-01 16:33:56,558 - INFO - Resetting database...
2026-09-01 16:33:56,645 - INFO - Tables created
2026-09-01 16:33:56,674 - INFO - Database reset completed
2026-09-01 16:33:56,743 - INFO - Inserted 27 rows into scr_monthly
2026-09-01 16:33:56,746 - INFO -    ✅ SCR: 27 registros
2026-09-01 16:33:56,869 - INFO - Inserted 28 rows into macro_indicators
2026-09-01 16:33:56,871 - INFO -    ✅ Macro: 28 registros
2026-09-01 16:33:56,873 - INFO - 
3. Executando análise...
2026-09-01 16:33:56,875 - INFO - Running full analysis...
2026-09-01 16:33:56,938 - INFO - Computing correlations...
2026-09-01 16:33:56,943 - INFO -   Default data: 27 states
2026-09-01 16:33:56,948 - INFO -   Macro data: 28 states
2026-09-01 16:33:56,952 - INFO -   Common states: 27
2026-09-01 16:33:56,974 - INFO -   Merged data: 28 states
2026-09-01 16:33:57,010 - INFO -   Median Income (R$): r=-0.3197, p=0.0973, n=28
2026-09-01 16:33:57,025 - INFO -   Gini Index: r=0.3434, p=0.0736, n=28
2026-09-01 16:33:57,035 - INFO -   Unemployment Rate (%): r=0.4587, p=0.0141, n=28
2026-09-01 16:33:57,041 - INFO -   FipeZAP - Total Index: r=-0.0235, p=0.9055, n=28
2026-09-01 16:33:57,052 - INFO -   FipeZAP - Monthly Variation (%): r=-0.2366, p=0.2254, n=28
2026-09-01 16:33:57,063 - INFO -   FipeZAP - 12M Variation (%): r=0.0820, p=0.6782, n=28
2026-09-01 16:33:57,075 - INFO -   FipeZAP - Avg Price (R$/m²): r=0.1567, p=0.4257, n=28
2026-09-01 16:33:57,095 - INFO -   FipeZAP - Rent Variation (12M %): r=0.0820, p=0.6782, n=28
2026-09-01 16:33:57,252 - INFO - Analysis completed with 3 results
2026-09-01 16:33:57,254 - INFO - 
4. Exportando resultados...
2026-09-01 16:33:57,264 - INFO - Exported: reports\state_medians.csv (27 rows)
2026-09-01 16:33:57,272 - INFO - Exported: reports\correlations.csv (8 rows)
2026-09-01 16:33:57,279 - INFO - Exported: reports\trend_analysis.csv (27 rows)
2026-09-01 16:33:57,281 - INFO - 
============================================================
2026-09-01 16:33:57,284 - INFO - RESULTADOS - DADOS REAIS
2026-09-01 16:33:57,288 - INFO - ============================================================
2026-09-01 16:33:57,295 - INFO - 
📊 Top 5 - Maior inadimplência:
2026-09-01 16:33:57,300 - INFO -    RJ: 10.53%
2026-09-01 16:33:57,307 - INFO -    AL: 9.97%
2026-09-01 16:33:57,311 - INFO -    PA: 8.20%
2026-09-01 16:33:57,316 - INFO -    AM: 8.07%
2026-09-01 16:33:57,321 - INFO -    SE: 7.60%
2026-09-01 16:33:57,324 - INFO - 
🔗 Correlações com inadimplência:
2026-09-01 16:33:57,330 - INFO -    Unemployment Rate (%): 0.4587 (Moderate)
2026-09-01 16:33:57,332 - INFO -       p-value: 0.0141 | n: 28
2026-09-01 16:33:57,335 - INFO -    Gini Index: 0.3434 (Weak)
2026-09-01 16:33:57,337 - INFO -       p-value: 0.0736 | n: 28
2026-09-01 16:33:57,340 - INFO -    FipeZAP - Avg Price (R$/m²): 0.1567 (Very Weak)
2026-09-01 16:33:57,342 - INFO -       p-value: 0.4257 | n: 28
2026-09-01 16:33:57,345 - INFO -    FipeZAP - 12M Variation (%): 0.0820 (Very Weak)
2026-09-01 16:33:57,348 - INFO -       p-value: 0.6782 | n: 28
2026-09-01 16:33:57,351 - INFO -    FipeZAP - Rent Variation (12M %): 0.0820 (Very Weak)
2026-09-01 16:33:57,354 - INFO -       p-value: 0.6782 | n: 28
2026-09-01 16:33:57,359 - INFO -    FipeZAP - Total Index: -0.0235 (Very Weak)
2026-09-01 16:33:57,363 - INFO -       p-value: 0.9055 | n: 28
2026-09-01 16:33:57,366 - INFO -    FipeZAP - Monthly Variation (%): -0.2366 (Weak)
2026-09-01 16:33:57,369 - INFO -       p-value: 0.2254 | n: 28
2026-09-01 16:33:57,373 - INFO -    Median Income (R$): -0.3197 (Weak)
2026-09-01 16:33:57,411 - INFO -       p-value: 0.0973 | n: 28
2026-09-01 16:33:57,413 - INFO - 
============================================================
2026-09-01 16:33:57,415 - INFO - ✅ Pipeline concluído!
2026-09-01 16:33:57,417 - INFO - 📁 Relatórios em: reports/
2026-09-01 16:41:31,120 - INFO - ============================================================
2026-09-01 16:41:31,121 - INFO - ANÁLISE DE INADIMPLÊNCIA - PIPELINE FINAL
2026-09-01 16:41:31,123 - INFO - SCR.data (validado) + PNAD + FipeZAP
2026-09-01 16:41:31,126 - INFO - ============================================================
2026-09-01 16:41:31,129 - INFO - 
1. Extraindo dados...
2026-09-01 16:41:31,142 - INFO - Starting REAL data extraction pipeline...
2026-09-01 16:41:31,146 - INFO -   Extracting SCR.data (validated)...
2026-09-01 16:41:31,150 - INFO - Extracting REAL SCR.data (validated)...
2026-09-01 16:41:31,153 - WARNING -   Arquivo validado não encontrado. Tentando arquivo original...
2026-09-01 16:41:31,155 - INFO -   Processando arquivo: files\scrdata_2026\scrdata_202606.csv
2026-09-01 16:41:33,796 - INFO -   ✅ Processado: 27 estados
2026-09-01 16:41:33,806 - INFO - ✅ SCR.data final: 27 estados
2026-09-01 16:41:33,808 - INFO -     ✅ 27 records
2026-09-01 16:41:33,811 - INFO -   Extracting PNAD income data...
2026-09-01 16:41:33,815 - INFO - Extracting REAL PNAD income data...
2026-09-01 16:43:04,008 - INFO -   Downloaded 472,367 records
2026-09-01 16:43:06,815 - INFO - ✅ PNAD income: 27 states
2026-09-01 16:43:06,823 - INFO -     ✅ 27 states
2026-09-01 16:43:06,826 - INFO -   Extracting PNAD GINI data...
2026-09-01 16:43:06,828 - INFO - Extracting REAL PNAD GINI data...
2026-09-01 16:44:23,517 - INFO - ✅ PNAD GINI: 27 states
2026-09-01 16:44:23,522 - INFO -     ✅ 27 states
2026-09-01 16:44:23,524 - INFO -   Extracting PNAD unemployment data...
2026-09-01 16:44:23,526 - INFO - Extracting REAL PNAD unemployment data...
2026-09-01 16:45:35,195 - INFO - ✅ PNAD unemployment: 27 states
2026-09-01 16:45:35,199 - INFO -     ✅ 27 states
2026-09-01 16:45:35,202 - INFO -   Loading FipeZAP data...
2026-09-01 16:45:35,205 - INFO - Loading REAL FipeZAP data...
2026-09-01 16:45:36,538 - INFO -   Loaded 27 records from FipeZAP Excel
2026-09-01 16:45:36,539 - INFO -   Columns: ['Date', 'State', 'City', 'Total Index', 'Monthly Variation Index', 'Variation 12 Months', 'Average Price R$/m²']
2026-09-01 16:45:36,568 - INFO -   States present: 26 - ['AC', 'AL', 'AM', 'AP', 'BA', 'CE', 'DF', 'ES', 'GO', 'MA', 'MG', 'MS', 'MT', 'PA', 'PB', 'PE', 'PI', 'PR', 'RJ', 'RN', 'RR', 'RS', 'SC', 'SE', 'SP', 'TO']
2026-09-01 16:45:36,573 - WARNING -   Missing states: ['RO']
2026-09-01 16:45:36,603 - INFO - ✅ FipeZAP final: 28 estados
2026-09-01 16:45:36,608 - INFO -    Example: SP - Total Index: 248.49
2026-09-01 16:45:36,613 - INFO -     ✅ 28 records
2026-09-01 16:45:36,621 - INFO - ✅ Extraction completed!
2026-09-01 16:45:36,661 - INFO - Saved: c:\Users\user\Documents\Projects\credit-risk-vehicle-loans\data\raw\real_scr_defaults_20260901_164536.csv
2026-09-01 16:45:36,673 - INFO - Saved: c:\Users\user\Documents\Projects\credit-risk-vehicle-loans\data\raw\real_income_20260901_164536.csv
2026-09-01 16:45:36,688 - INFO - Saved: c:\Users\user\Documents\Projects\credit-risk-vehicle-loans\data\raw\real_gini_20260901_164536.csv
2026-09-01 16:45:36,700 - INFO - Saved: c:\Users\user\Documents\Projects\credit-risk-vehicle-loans\data\raw\real_unemployment_20260901_164536.csv
2026-09-01 16:45:36,717 - INFO - Saved: c:\Users\user\Documents\Projects\credit-risk-vehicle-loans\data\raw\real_rent_20260901_164536.csv
2026-09-01 16:45:36,719 - INFO - 
2. Salvando no banco de dados...
2026-09-01 16:45:36,723 - INFO - Resetting database...
2026-09-01 16:45:36,802 - INFO - Tables created
2026-09-01 16:45:36,820 - INFO - Database reset completed
2026-09-01 16:45:36,885 - INFO - Inserted 27 rows into scr_monthly
2026-09-01 16:45:36,886 - INFO -    ✅ SCR: 27 registros
2026-09-01 16:45:37,005 - INFO - Inserted 28 rows into macro_indicators
2026-09-01 16:45:37,007 - INFO -    ✅ Macro: 28 registros
2026-09-01 16:45:37,010 - INFO - 
3. Executando análise...
2026-09-01 16:45:37,013 - INFO - Running full analysis...
2026-09-01 16:45:37,871 - INFO - Computing correlations...
2026-09-01 16:45:37,894 - INFO -   Default data: 27 states (without BR)
2026-09-01 16:45:37,902 - INFO -   Macro data: 28 states (without BR)
2026-09-01 16:45:37,905 - INFO -   Common states: 27
2026-09-01 16:45:37,951 - INFO -   Merged data: 28 states
2026-09-01 16:45:38,003 - INFO -   Median Income (R$): r=-0.3197, p=0.0973, n=28
2026-09-01 16:45:38,043 - INFO -   Gini Index: r=0.3434, p=0.0736, n=28
2026-09-01 16:45:38,054 - INFO -   Unemployment Rate (%): r=0.4587, p=0.0141, n=28
2026-09-01 16:45:38,097 - INFO -   FipeZAP - Total Index: r=-0.0235, p=0.9055, n=28
2026-09-01 16:45:38,107 - INFO -   FipeZAP - Monthly Variation (%): r=-0.2366, p=0.2254, n=28
2026-09-01 16:45:38,121 - INFO -   FipeZAP - 12M Variation (%): r=0.0820, p=0.6782, n=28
2026-09-01 16:45:38,129 - INFO -   FipeZAP - Avg Price (R$/m²): r=0.1567, p=0.4257, n=28
2026-09-01 16:45:38,136 - INFO -   FipeZAP - Rent Variation (12M %): r=0.0820, p=0.6782, n=28
2026-09-01 16:45:39,918 - INFO - Analysis completed with 3 results
2026-09-01 16:45:39,920 - INFO - 
4. Exportando resultados...
2026-09-01 16:45:40,012 - INFO - Exported: reports\state_medians.csv (27 rows)
2026-09-01 16:45:40,018 - INFO - Exported: reports\correlations.csv (8 rows)
2026-09-01 16:45:40,024 - INFO - Exported: reports\trend_analysis.csv (27 rows)
2026-09-01 16:45:40,026 - INFO - 
============================================================
2026-09-01 16:45:40,029 - INFO - RESULTADOS - DADOS REAIS
2026-09-01 16:45:40,032 - INFO - ============================================================
2026-09-01 16:45:40,035 - INFO - 
📊 Top 5 - Maior inadimplência:
2026-09-01 16:45:40,039 - INFO -    RJ: 10.53%
2026-09-01 16:45:40,043 - INFO -    AL: 9.97%
2026-09-01 16:45:40,048 - INFO -    PA: 8.20%
2026-09-01 16:45:40,051 - INFO -    AM: 8.07%
2026-09-01 16:45:40,054 - INFO -    SE: 7.60%
2026-09-01 16:45:40,056 - INFO - 
🔗 Correlações com inadimplência:
2026-09-01 16:45:40,061 - INFO -    Unemployment Rate (%): 0.4587 (Moderate)
2026-09-01 16:45:40,064 - INFO -       p-value: 0.0141 | n: 28
2026-09-01 16:45:40,066 - INFO -    Gini Index: 0.3434 (Weak)
2026-09-01 16:45:40,067 - INFO -       p-value: 0.0736 | n: 28
2026-09-01 16:45:40,069 - INFO -    FipeZAP - Avg Price (R$/m²): 0.1567 (Very Weak)
2026-09-01 16:45:40,071 - INFO -       p-value: 0.4257 | n: 28
2026-09-01 16:45:40,074 - INFO -    FipeZAP - 12M Variation (%): 0.0820 (Very Weak)
2026-09-01 16:45:40,076 - INFO -       p-value: 0.6782 | n: 28
2026-09-01 16:45:40,079 - INFO -    FipeZAP - Rent Variation (12M %): 0.0820 (Very Weak)
2026-09-01 16:45:40,087 - INFO -       p-value: 0.6782 | n: 28
2026-09-01 16:45:40,090 - INFO -    FipeZAP - Total Index: -0.0235 (Very Weak)
2026-09-01 16:45:40,094 - INFO -       p-value: 0.9055 | n: 28
2026-09-01 16:45:40,097 - INFO -    FipeZAP - Monthly Variation (%): -0.2366 (Weak)
2026-09-01 16:45:40,101 - INFO -       p-value: 0.2254 | n: 28
2026-09-01 16:45:40,103 - INFO -    Median Income (R$): -0.3197 (Weak)
2026-09-01 16:45:40,106 - INFO -       p-value: 0.0973 | n: 28
2026-09-01 16:45:40,109 - INFO - 
============================================================
2026-09-01 16:45:40,112 - INFO - ✅ Pipeline concluído!
2026-09-01 16:45:40,114 - INFO - 📁 Relatórios em: reports/
2026-09-01 16:51:17,635 - INFO - ============================================================
2026-09-01 16:51:17,637 - INFO - ANÁLISE DE INADIMPLÊNCIA - PIPELINE FINAL
2026-09-01 16:51:17,640 - INFO - SCR.data (validado) + PNAD + FipeZAP
2026-09-01 16:51:17,647 - INFO - ============================================================
2026-09-01 16:51:17,650 - INFO - 
1. Extraindo dados...
2026-09-01 16:51:17,669 - INFO - Starting REAL data extraction pipeline...
2026-09-01 16:51:17,672 - INFO -   Extracting SCR.data (validated)...
2026-09-01 16:51:17,675 - INFO - Extracting REAL SCR.data (validated)...
2026-09-01 16:51:17,684 - WARNING -   Arquivo validado não encontrado. Tentando arquivo original...
2026-09-01 16:51:17,688 - INFO -   Processando arquivo: files\scrdata_2026\scrdata_202606.csv
2026-09-01 16:51:21,071 - INFO -   ✅ Processado: 27 estados
2026-09-01 16:51:21,084 - INFO - ✅ SCR.data final: 27 estados
2026-09-01 16:51:21,086 - INFO -     ✅ 27 records
2026-09-01 16:51:21,088 - INFO -   Extracting PNAD income data...
2026-09-01 16:51:21,091 - INFO - Extracting REAL PNAD income data...
2026-09-01 16:52:37,696 - INFO -   Downloaded 472,367 records
2026-09-01 16:52:40,004 - INFO - ✅ PNAD income: 27 states
2026-09-01 16:52:40,008 - INFO -     ✅ 27 states
2026-09-01 16:52:40,010 - INFO -   Extracting PNAD GINI data...
2026-09-01 16:52:40,018 - INFO - Extracting REAL PNAD GINI data...
2026-09-01 16:53:49,863 - INFO - ✅ PNAD GINI: 27 states
2026-09-01 16:53:49,867 - INFO -     ✅ 27 states
2026-09-01 16:53:49,869 - INFO -   Extracting PNAD unemployment data...
2026-09-01 16:53:49,872 - INFO - Extracting REAL PNAD unemployment data...
2026-09-01 16:54:56,839 - INFO - ✅ PNAD unemployment: 27 states
2026-09-01 16:54:56,846 - INFO -     ✅ 27 states
2026-09-01 16:54:56,849 - INFO -   Loading FipeZAP data...
2026-09-01 16:54:56,853 - INFO - Loading REAL FipeZAP data...
2026-09-01 16:54:58,588 - INFO -   Loaded 27 records from FipeZAP Excel
2026-09-01 16:54:58,590 - INFO -   Columns: ['Date', 'State', 'City', 'Total Index', 'Monthly Variation Index', 'Variation 12 Months', 'Average Price R$/m²']
2026-09-01 16:54:58,603 - INFO -   States present: 26 - ['AC', 'AL', 'AM', 'AP', 'BA', 'CE', 'DF', 'ES', 'GO', 'MA', 'MG', 'MS', 'MT', 'PA', 'PB', 'PE', 'PI', 'PR', 'RJ', 'RN', 'RR', 'RS', 'SC', 'SE', 'SP', 'TO']
2026-09-01 16:54:58,605 - WARNING -   Missing states: ['RO']
2026-09-01 16:54:58,637 - INFO - ✅ FipeZAP final: 28 estados
2026-09-01 16:54:58,641 - INFO -    Example: SP - Total Index: 248.49
2026-09-01 16:54:58,651 - INFO -     ✅ 28 records
2026-09-01 16:54:58,655 - INFO - ✅ Extraction completed!
2026-09-01 16:54:58,741 - INFO - Saved: c:\Users\user\Documents\Projects\credit-risk-vehicle-loans\data\raw\real_scr_defaults_20260901_165458.csv
2026-09-01 16:54:58,754 - INFO - Saved: c:\Users\user\Documents\Projects\credit-risk-vehicle-loans\data\raw\real_income_20260901_165458.csv
2026-09-01 16:54:58,767 - INFO - Saved: c:\Users\user\Documents\Projects\credit-risk-vehicle-loans\data\raw\real_gini_20260901_165458.csv
2026-09-01 16:54:58,802 - INFO - Saved: c:\Users\user\Documents\Projects\credit-risk-vehicle-loans\data\raw\real_unemployment_20260901_165458.csv
2026-09-01 16:54:58,815 - INFO - Saved: c:\Users\user\Documents\Projects\credit-risk-vehicle-loans\data\raw\real_rent_20260901_165458.csv
2026-09-01 16:54:58,819 - INFO - 
2. Salvando no banco de dados...
2026-09-01 16:54:58,830 - INFO - Resetting database...
2026-09-01 16:54:58,916 - INFO - Tables created
2026-09-01 16:54:58,947 - INFO - Database reset completed
2026-09-01 16:54:59,055 - INFO - Inserted 27 rows into scr_monthly
2026-09-01 16:54:59,056 - INFO -    ✅ SCR: 27 registros
2026-09-01 16:54:59,182 - INFO - Inserted 28 rows into macro_indicators
2026-09-01 16:54:59,185 - INFO -    ✅ Macro: 28 registros
2026-09-01 16:54:59,188 - INFO - 
3. Executando análise...
2026-09-01 16:54:59,190 - INFO - Running full analysis...
2026-09-01 16:54:59,271 - INFO - Calculated medians for 27 Brazilian states
2026-09-01 16:54:59,276 - INFO - Computing correlations...
2026-09-01 16:54:59,285 - INFO -   Default data: 27 Brazilian states
2026-09-01 16:54:59,295 - INFO -   Macro data: 28 Brazilian states
2026-09-01 16:54:59,317 - INFO -   Common states: 27
2026-09-01 16:54:59,367 - INFO -   Merged data: 28 Brazilian states
2026-09-01 16:54:59,447 - INFO -   Median Income (R$): r=-0.3197, p=0.0973, n=28
2026-09-01 16:54:59,457 - INFO -   Gini Index: r=0.3434, p=0.0736, n=28
2026-09-01 16:54:59,487 - INFO -   Unemployment Rate (%): r=0.4587, p=0.0141, n=28
2026-09-01 16:54:59,497 - INFO -   FipeZAP - Total Index: r=-0.0235, p=0.9055, n=28
2026-09-01 16:54:59,505 - INFO -   FipeZAP - Monthly Variation (%): r=-0.2366, p=0.2254, n=28
2026-09-01 16:54:59,520 - INFO -   FipeZAP - 12M Variation (%): r=0.0820, p=0.6782, n=28
2026-09-01 16:54:59,528 - INFO -   FipeZAP - Avg Price (R$/m²): r=0.1567, p=0.4257, n=28
2026-09-01 16:54:59,543 - INFO -   FipeZAP - Rent Variation (12M %): r=0.0820, p=0.6782, n=28
2026-09-01 16:54:59,827 - INFO - Identified 0 distressed states
2026-09-01 16:54:59,886 - INFO - Trend analysis completed for 27 Brazilian states
2026-09-01 16:54:59,915 - INFO - Detected 0 outliers in Brazilian states
2026-09-01 16:54:59,917 - INFO - Analysis completed with 3 results
2026-09-01 16:54:59,920 - INFO - 
4. Exportando resultados...
2026-09-01 16:54:59,991 - INFO - Exported: reports\state_medians.csv (27 rows)
2026-09-01 16:54:59,998 - INFO - Exported: reports\correlations.csv (8 rows)
2026-09-01 16:55:00,003 - INFO - Exported: reports\trend_analysis.csv (27 rows)
2026-09-01 16:55:00,005 - INFO - 
============================================================
2026-09-01 16:55:00,007 - INFO - RESULTADOS - DADOS REAIS
2026-09-01 16:55:00,010 - INFO - ============================================================
2026-09-01 16:55:00,015 - INFO - 
📊 Top 5 - Maior inadimplência:
2026-09-01 16:55:00,019 - INFO -    RJ: 10.53%
2026-09-01 16:55:00,028 - INFO -    AL: 9.97%
2026-09-01 16:55:00,031 - INFO -    PA: 8.20%
2026-09-01 16:55:00,033 - INFO -    AM: 8.07%
2026-09-01 16:55:00,036 - INFO -    SE: 7.60%
2026-09-01 16:55:00,038 - INFO - 
🔗 Correlações com inadimplência:
2026-09-01 16:55:00,046 - INFO -    Unemployment Rate (%): 0.4587 (Moderate)
2026-09-01 16:55:00,049 - INFO -       p-value: 0.0141 | n: 28
2026-09-01 16:55:00,052 - INFO -    Gini Index: 0.3434 (Weak)
2026-09-01 16:55:00,055 - INFO -       p-value: 0.0736 | n: 28
2026-09-01 16:55:00,058 - INFO -    FipeZAP - Avg Price (R$/m²): 0.1567 (Very Weak)
2026-09-01 16:55:00,065 - INFO -       p-value: 0.4257 | n: 28
2026-09-01 16:55:00,069 - INFO -    FipeZAP - 12M Variation (%): 0.0820 (Very Weak)
2026-09-01 16:55:00,077 - INFO -       p-value: 0.6782 | n: 28
2026-09-01 16:55:00,081 - INFO -    FipeZAP - Rent Variation (12M %): 0.0820 (Very Weak)
2026-09-01 16:55:00,083 - INFO -       p-value: 0.6782 | n: 28
2026-09-01 16:55:00,087 - INFO -    FipeZAP - Total Index: -0.0235 (Very Weak)
2026-09-01 16:55:00,090 - INFO -       p-value: 0.9055 | n: 28
2026-09-01 16:55:00,095 - INFO -    FipeZAP - Monthly Variation (%): -0.2366 (Weak)
2026-09-01 16:55:00,098 - INFO -       p-value: 0.2254 | n: 28
2026-09-01 16:55:00,102 - INFO -    Median Income (R$): -0.3197 (Weak)
2026-09-01 16:55:00,105 - INFO -       p-value: 0.0973 | n: 28
2026-09-01 16:55:00,108 - INFO - 
============================================================
2026-09-01 16:55:00,113 - INFO - ✅ Pipeline concluído!
2026-09-01 16:55:00,117 - INFO - 📁 Relatórios em: reports/
2026-09-01 17:01:19,734 - INFO - ============================================================
2026-09-01 17:01:19,741 - INFO - ANÁLISE DE INADIMPLÊNCIA - PIPELINE FINAL
2026-09-01 17:01:19,744 - INFO - SCR.data (validado) + PNAD + FipeZAP
2026-09-01 17:01:19,747 - INFO - ============================================================
2026-09-01 17:01:19,750 - INFO - 
1. Extraindo dados...
2026-09-01 17:01:19,770 - INFO - Starting REAL data extraction pipeline...
2026-09-01 17:01:19,776 - INFO -   Extracting SCR.data (validated)...
2026-09-01 17:01:19,779 - INFO - Extracting REAL SCR.data (validated)...
2026-09-01 17:01:19,782 - WARNING -   Arquivo validado não encontrado. Tentando arquivo original...
2026-09-01 17:01:19,789 - INFO -   Processando arquivo: files\scrdata_2026\scrdata_202606.csv
2026-09-01 17:01:27,630 - INFO -   ✅ Processado: 27 estados
2026-09-01 17:01:27,653 - INFO - ✅ SCR.data final: 27 estados
2026-09-01 17:01:27,657 - INFO -     ✅ 27 records
2026-09-01 17:01:27,659 - INFO -   Extracting PNAD income data...
2026-09-01 17:01:27,664 - INFO - Extracting REAL PNAD income data...
2026-09-01 17:02:36,010 - INFO -   Downloaded 472,367 records
2026-09-01 17:02:38,055 - INFO - ✅ PNAD income: 27 states
2026-09-01 17:02:38,060 - INFO -     ✅ 27 states
2026-09-01 17:02:38,062 - INFO -   Extracting PNAD GINI data...
2026-09-01 17:02:38,065 - INFO - Extracting REAL PNAD GINI data...
2026-09-01 17:04:07,638 - INFO - ✅ PNAD GINI: 27 states
2026-09-01 17:04:07,642 - INFO -     ✅ 27 states
2026-09-01 17:04:07,645 - INFO -   Extracting PNAD unemployment data...
2026-09-01 17:04:07,647 - INFO - Extracting REAL PNAD unemployment data...
2026-09-01 17:05:21,904 - INFO - ✅ PNAD unemployment: 27 states
2026-09-01 17:05:21,907 - INFO -     ✅ 27 states
2026-09-01 17:05:21,910 - INFO -   Loading FipeZAP data...
2026-09-01 17:05:21,912 - INFO - Loading REAL FipeZAP data...
2026-09-01 17:05:23,574 - INFO -   Loaded 27 records from FipeZAP Excel
2026-09-01 17:05:23,576 - INFO -   Columns: ['Date', 'State', 'City', 'Total Index', 'Monthly Variation Index', 'Variation 12 Months', 'Average Price R$/m²']
2026-09-01 17:05:23,596 - INFO -   States present: 26 - ['AC', 'AL', 'AM', 'AP', 'BA', 'CE', 'DF', 'ES', 'GO', 'MA', 'MG', 'MS', 'MT', 'PA', 'PB', 'PE', 'PI', 'PR', 'RJ', 'RN', 'RR', 'RS', 'SC', 'SE', 'SP', 'TO']
2026-09-01 17:05:23,599 - WARNING -   Missing states: ['RO']
2026-09-01 17:05:23,654 - INFO - ✅ FipeZAP final: 28 estados
2026-09-01 17:05:23,660 - INFO -    Example: SP - Total Index: 248.49
2026-09-01 17:05:23,663 - INFO -     ✅ 28 records
2026-09-01 17:05:23,671 - INFO - ✅ Extraction completed!
2026-09-01 17:05:23,758 - INFO - Saved: c:\Users\user\Documents\Projects\credit-risk-vehicle-loans\data\raw\real_scr_defaults_20260901_170523.csv
2026-09-01 17:05:23,773 - INFO - Saved: c:\Users\user\Documents\Projects\credit-risk-vehicle-loans\data\raw\real_income_20260901_170523.csv
2026-09-01 17:05:23,781 - INFO - Saved: c:\Users\user\Documents\Projects\credit-risk-vehicle-loans\data\raw\real_gini_20260901_170523.csv
2026-09-01 17:05:23,794 - INFO - Saved: c:\Users\user\Documents\Projects\credit-risk-vehicle-loans\data\raw\real_unemployment_20260901_170523.csv
2026-09-01 17:05:23,888 - INFO - Saved: c:\Users\user\Documents\Projects\credit-risk-vehicle-loans\data\raw\real_rent_20260901_170523.csv
2026-09-01 17:05:23,892 - INFO - 
2. Salvando no banco de dados...
2026-09-01 17:05:23,896 - INFO - Resetting database...
2026-09-01 17:05:23,964 - INFO - Tables created
2026-09-01 17:05:23,998 - INFO - Database reset completed
2026-09-01 17:05:24,033 - INFO -    SCR: 27 estados (BR removido)
2026-09-01 17:05:24,267 - INFO - Inserted 27 rows into scr_monthly
2026-09-01 17:05:24,273 - INFO -    ✅ SCR: 27 registros
2026-09-01 17:05:24,354 - INFO -    Macro: 28 estados (BR removido)
2026-09-01 17:05:24,440 - INFO - Inserted 28 rows into macro_indicators
2026-09-01 17:05:24,447 - INFO -    ✅ Macro: 28 registros
2026-09-01 17:05:24,452 - INFO - 
3. Executando análise...
2026-09-01 17:05:24,456 - INFO - Running full analysis...
2026-09-01 17:05:24,558 - INFO - Calculated medians for 27 Brazilian states
2026-09-01 17:05:24,561 - INFO - Computing correlations...
2026-09-01 17:05:24,575 - INFO -   Default data: 27 Brazilian states
2026-09-01 17:05:24,591 - INFO -   Macro data: 28 Brazilian states
2026-09-01 17:05:24,596 - INFO -   Common states: 27
2026-09-01 17:05:24,671 - INFO -   Merged data: 28 Brazilian states
2026-09-01 17:05:24,718 - INFO -   Median Income (R$): r=-0.3197, p=0.0973, n=28
2026-09-01 17:05:24,726 - INFO -   Gini Index: r=0.3434, p=0.0736, n=28
2026-09-01 17:05:24,744 - INFO -   Unemployment Rate (%): r=0.4587, p=0.0141, n=28
2026-09-01 17:05:24,758 - INFO -   FipeZAP - Total Index: r=-0.0235, p=0.9055, n=28
2026-09-01 17:05:24,779 - INFO -   FipeZAP - Monthly Variation (%): r=-0.2366, p=0.2254, n=28
2026-09-01 17:05:24,795 - INFO -   FipeZAP - 12M Variation (%): r=0.0820, p=0.6782, n=28
2026-09-01 17:05:24,816 - INFO -   FipeZAP - Avg Price (R$/m²): r=0.1567, p=0.4257, n=28
2026-09-01 17:05:24,828 - INFO -   FipeZAP - Rent Variation (12M %): r=0.0820, p=0.6782, n=28
2026-09-01 17:05:25,512 - INFO - Identified 0 distressed states
2026-09-01 17:05:26,675 - INFO - Trend analysis completed for 27 Brazilian states
2026-09-01 17:05:26,808 - INFO - Detected 0 outliers in Brazilian states
2026-09-01 17:05:26,810 - INFO - Analysis completed with 3 results
2026-09-01 17:05:26,813 - INFO - 
4. Exportando resultados...
2026-09-01 17:05:26,873 - INFO - Exported: reports\state_medians.csv (27 rows)
2026-09-01 17:05:26,885 - INFO - Exported: reports\correlations.csv (8 rows)
2026-09-01 17:05:26,903 - INFO - Exported: reports\trend_analysis.csv (27 rows)
2026-09-01 17:05:26,909 - INFO - 
============================================================
2026-09-01 17:05:26,914 - INFO - RESULTADOS - DADOS REAIS
2026-09-01 17:05:26,922 - INFO - ============================================================
2026-09-01 17:05:26,925 - INFO - 
📊 Análise de 27 estados:
2026-09-01 17:05:26,927 - INFO - 
Top 5 - Maior inadimplência:
2026-09-01 17:05:26,937 - INFO -    RJ: 10.53% (n=1)
2026-09-01 17:05:26,944 - INFO -    AL: 9.97% (n=1)
2026-09-01 17:05:26,952 - INFO -    PA: 8.20% (n=1)
2026-09-01 17:05:26,957 - INFO -    AM: 8.07% (n=1)
2026-09-01 17:05:26,964 - INFO -    SE: 7.60% (n=1)
2026-09-01 17:05:26,972 - INFO - 
🔗 Correlações com inadimplência (n=28 estados):
2026-09-01 17:05:26,977 - INFO -    Unemployment Rate (%): 0.4587 (Moderate)
2026-09-01 17:05:26,980 - INFO -       p-value: 0.0141 | n: 28
2026-09-01 17:05:26,985 - INFO -    Gini Index: 0.3434 (Weak)
2026-09-01 17:05:26,987 - INFO -       p-value: 0.0736 | n: 28
2026-09-01 17:05:26,990 - INFO -    FipeZAP - Avg Price (R$/m²): 0.1567 (Very Weak)
2026-09-01 17:05:26,992 - INFO -       p-value: 0.4257 | n: 28
2026-09-01 17:05:26,994 - INFO -    FipeZAP - 12M Variation (%): 0.0820 (Very Weak)
2026-09-01 17:05:26,995 - INFO -       p-value: 0.6782 | n: 28
2026-09-01 17:05:26,998 - INFO -    FipeZAP - Rent Variation (12M %): 0.0820 (Very Weak)
2026-09-01 17:05:27,007 - INFO -       p-value: 0.6782 | n: 28
2026-09-01 17:05:27,010 - INFO -    FipeZAP - Total Index: -0.0235 (Very Weak)
2026-09-01 17:05:27,012 - INFO -       p-value: 0.9055 | n: 28
2026-09-01 17:05:27,015 - INFO -    FipeZAP - Monthly Variation (%): -0.2366 (Weak)
2026-09-01 17:05:27,017 - INFO -       p-value: 0.2254 | n: 28
2026-09-01 17:05:27,019 - INFO -    Median Income (R$): -0.3197 (Weak)
2026-09-01 17:05:27,020 - INFO -       p-value: 0.0973 | n: 28
2026-09-01 17:05:27,022 - INFO - 
============================================================
2026-09-01 17:05:27,023 - INFO - ✅ Pipeline concluído!
2026-09-01 17:05:27,025 - INFO - 📁 Relatórios em: reports/
2026-09-01 17:15:51,803 - INFO - ============================================================
2026-09-01 17:15:51,811 - INFO - DEFAULT ANALYSIS - FINAL PIPELINE
2026-09-01 17:15:51,814 - INFO - ONLY 27 BRAZILIAN STATES (NO BR)
2026-09-01 17:15:51,818 - INFO - ============================================================
2026-09-01 17:15:51,826 - INFO - 
1. Extracting data...
2026-09-01 17:15:51,847 - INFO - Extractor initialized with 27 states
2026-09-01 17:15:51,851 - INFO - Starting REAL data extraction pipeline...
2026-09-01 17:15:51,859 - INFO -   Extracting SCR.data (validated)...
2026-09-01 17:15:51,861 - INFO - Extracting REAL SCR.data (validated)...
2026-09-01 17:15:51,864 - WARNING -   Validated file not found. Trying original file...
2026-09-01 17:15:51,867 - INFO -   Processing file: files\scrdata_2026\scrdata_202606.csv
2026-09-01 17:16:01,027 - INFO -   ✅ Processed: 27 states
2026-09-01 17:16:01,036 - INFO - ✅ SCR.data final: 27 states
2026-09-01 17:16:01,040 - INFO -     ✅ 27 records
2026-09-01 17:16:01,043 - INFO -   Extracting PNAD income data...
2026-09-01 17:16:01,046 - INFO - Extracting REAL PNAD income data...
2026-09-01 17:17:34,319 - INFO -   Downloaded 472,367 records
2026-09-01 17:17:37,315 - INFO - ✅ PNAD income: 27 states
2026-09-01 17:17:37,318 - INFO -     ✅ 27 states
2026-09-01 17:17:37,325 - INFO -   Extracting PNAD GINI data...
2026-09-01 17:17:37,331 - INFO - Extracting REAL PNAD GINI data...
2026-09-01 17:18:59,291 - INFO - ✅ PNAD GINI: 27 states
2026-09-01 17:18:59,297 - INFO -     ✅ 27 states
2026-09-01 17:18:59,301 - INFO -   Extracting PNAD unemployment data...
2026-09-01 17:18:59,305 - INFO - Extracting REAL PNAD unemployment data...
2026-09-01 17:20:06,091 - INFO - ✅ PNAD unemployment: 27 states
2026-09-01 17:20:06,095 - INFO -     ✅ 27 states
2026-09-01 17:20:06,097 - INFO -   Loading FipeZAP data...
2026-09-01 17:20:06,100 - INFO - Loading REAL FipeZAP data...
2026-09-01 17:20:07,535 - INFO -   Loaded 27 records from FipeZAP Excel
2026-09-01 17:20:07,537 - INFO -   Columns: ['Date', 'State', 'City', 'Total Index', 'Monthly Variation Index', 'Variation 12 Months', 'Average Price R$/m²']
2026-09-01 17:20:07,555 - INFO -   States present: 26 - ['AC', 'AL', 'AM', 'AP', 'BA', 'CE', 'DF', 'ES', 'GO', 'MA', 'MG', 'MS', 'MT', 'PA', 'PB', 'PE', 'PI', 'PR', 'RJ', 'RN', 'RR', 'RS', 'SC', 'SE', 'SP', 'TO']
2026-09-01 17:20:07,557 - WARNING -   Missing states: ['RO']
2026-09-01 17:20:07,595 - INFO - ✅ FipeZAP final: 28 states
2026-09-01 17:20:07,602 - INFO -    Example: SP - Total Index: 248.49
2026-09-01 17:20:07,607 - INFO -     ✅ 28 records
2026-09-01 17:20:07,610 - INFO - ✅ Extraction completed!
2026-09-01 17:20:07,640 - INFO - Saved: c:\Users\user\Documents\Projects\credit-risk-vehicle-loans\data\raw\real_scr_defaults_20260901_172007.csv
2026-09-01 17:20:07,645 - INFO - Saved: c:\Users\user\Documents\Projects\credit-risk-vehicle-loans\data\raw\real_income_20260901_172007.csv
2026-09-01 17:20:07,658 - INFO - Saved: c:\Users\user\Documents\Projects\credit-risk-vehicle-loans\data\raw\real_gini_20260901_172007.csv
2026-09-01 17:20:07,666 - INFO - Saved: c:\Users\user\Documents\Projects\credit-risk-vehicle-loans\data\raw\real_unemployment_20260901_172007.csv
2026-09-01 17:20:07,684 - INFO - Saved: c:\Users\user\Documents\Projects\credit-risk-vehicle-loans\data\raw\real_rent_20260901_172007.csv
2026-09-01 17:20:07,686 - INFO - 
2. Saving to database...
2026-09-01 17:20:07,691 - INFO - Resetting database...
2026-09-01 17:20:07,771 - INFO - Tables created
2026-09-01 17:20:07,803 - INFO - Database reset completed
2026-09-01 17:20:07,809 - INFO -    SCR before filter: 27 records
2026-09-01 17:20:07,830 - INFO -    SCR after filter: 27 states
2026-09-01 17:20:07,834 - INFO -    SCR states: ['AC', 'AL', 'AM', 'AP', 'BA', 'CE', 'DF', 'ES', 'GO', 'MA', 'MG', 'MS', 'MT', 'PA', 'PB', 'PE', 'PI', 'PR', 'RJ', 'RN', 'RO', 'RR', 'RS', 'SC', 'SE', 'SP', 'TO']
2026-09-01 17:20:07,917 - INFO - Inserted 27 rows into scr_monthly
2026-09-01 17:20:07,920 - INFO -    ✅ SCR inserted: 27 records
2026-09-01 17:20:07,922 - INFO - 
   Building macro_indicators...
2026-09-01 17:20:07,936 - INFO -    Income: 27 states
2026-09-01 17:20:08,076 - INFO -    GINI: 27 states
2026-09-01 17:20:08,085 - INFO -    Unemployment: 27 states
2026-09-01 17:20:08,107 - INFO -    FipeZAP: 28 states
2026-09-01 17:20:08,113 - INFO -    Macro final: 27 states
2026-09-01 17:20:08,115 - INFO -    Macro states: ['AC', 'AL', 'AM', 'AP', 'BA', 'CE', 'DF', 'ES', 'GO', 'MA', 'MG', 'MS', 'MT', 'PA', 'PB', 'PE', 'PI', 'PR', 'RJ', 'RN', 'RO', 'RR', 'RS', 'SC', 'SE', 'SP', 'TO']
2026-09-01 17:20:08,172 - INFO - Inserted 27 rows into macro_indicators
2026-09-01 17:20:08,173 - INFO -    ✅ Macro inserted: 27 records
2026-09-01 17:20:08,175 - INFO - 
   Verifying data in database...
2026-09-01 17:20:08,188 - INFO -    States in SCR: 27 - ['AC', 'AL', 'AM', 'AP', 'BA', 'CE', 'DF', 'ES', 'GO', 'MA', 'MG', 'MS', 'MT', 'PA', 'PB', 'PE', 'PI', 'PR', 'RJ', 'RN', 'RO', 'RR', 'RS', 'SC', 'SE', 'SP', 'TO']
2026-09-01 17:20:08,193 - INFO -    States in Macro: 27 - ['AC', 'AL', 'AM', 'AP', 'BA', 'CE', 'DF', 'ES', 'GO', 'MA', 'MG', 'MS', 'MT', 'PA', 'PB', 'PE', 'PI', 'PR', 'RJ', 'RN', 'RO', 'RR', 'RS', 'SC', 'SE', 'SP', 'TO']
2026-09-01 17:20:08,195 - INFO - 
3. Running analysis...
2026-09-01 17:20:08,198 - INFO - Analyzer initialized with 27 states
2026-09-01 17:20:08,201 - INFO - Running full analysis...
2026-09-01 17:20:08,266 - INFO - Calculated medians for 27 Brazilian states
2026-09-01 17:20:08,269 - INFO - Computing correlations...
2026-09-01 17:20:08,273 - INFO -   Default data: 27 Brazilian states
2026-09-01 17:20:08,279 - INFO -   Macro data: 27 Brazilian states
2026-09-01 17:20:08,284 - INFO -   Common states: 27
2026-09-01 17:20:09,024 - INFO -   Merged data: 27 Brazilian states
2026-09-01 17:20:09,026 - INFO - 
🔍 DEBUG - Merged data:
2026-09-01 17:20:09,028 - INFO -    Total rows: 27
2026-09-01 17:20:09,031 - INFO -    States: ['AC', 'AL', 'AM', 'AP', 'BA', 'CE', 'DF', 'ES', 'GO', 'MA', 'MG', 'MS', 'MT', 'PA', 'PB', 'PE', 'PI', 'PR', 'RJ', 'RN', 'RO', 'RR', 'RS', 'SC', 'SE', 'SP', 'TO']
2026-09-01 17:20:09,036 - INFO -    Columns: ['state_code', 'avg_default_rate', 'median_income', 'gini_index', 'unemployment_rate', 'total_index', 'monthly_variation_pct', 'variation_12m_pct', 'avg_price', 'rent_variation']
2026-09-01 17:20:09,040 - INFO -    ✅ BR not found in data
2026-09-01 17:20:09,043 - INFO -    Number of states: 27
2026-09-01 17:20:10,026 - INFO -   Median Income (R$): r=-0.3187, p=0.1052, n=27
2026-09-01 17:20:10,039 - INFO -   Gini Index: r=0.3436, p=0.0793, n=27
2026-09-01 17:20:10,049 - INFO -   Unemployment Rate (%): r=0.4584, p=0.0162, n=27
2026-09-01 17:20:10,059 - INFO -   FipeZAP - Total Index: r=-0.0239, p=0.9058, n=27
2026-09-01 17:20:10,067 - INFO -   FipeZAP - Monthly Variation (%): r=-0.2369, p=0.2342, n=27
2026-09-01 17:20:10,078 - INFO -   FipeZAP - 12M Variation (%): r=0.0831, p=0.6803, n=27
2026-09-01 17:20:10,094 - INFO -   FipeZAP - Avg Price (R$/m²): r=0.1545, p=0.4416, n=27
2026-09-01 17:20:10,105 - INFO -   FipeZAP - Rent Variation (12M %): r=0.0831, p=0.6803, n=27
2026-09-01 17:20:10,220 - INFO - Identified 0 distressed states
2026-09-01 17:20:10,277 - INFO - Trend analysis completed for 27 Brazilian states
2026-09-01 17:20:10,303 - INFO - Detected 0 outliers in Brazilian states
2026-09-01 17:20:10,305 - INFO - Analysis completed with 3 results
2026-09-01 17:20:10,308 - INFO - 
4. Exporting results...
2026-09-01 17:20:10,320 - INFO - Exported: reports\state_medians.csv (27 rows)
2026-09-01 17:20:10,327 - INFO - Exported: reports\correlations.csv (8 rows)
2026-09-01 17:20:10,336 - INFO - Exported: reports\trend_analysis.csv (27 rows)
2026-09-01 17:20:10,346 - INFO - 
============================================================
2026-09-01 17:20:10,349 - INFO - RESULTS - REAL DATA (27 STATES)
2026-09-01 17:20:10,351 - INFO - ============================================================
2026-09-01 17:20:10,358 - INFO - 
📊 Analysis of 27 states:
2026-09-01 17:20:10,361 - INFO - 
Top 5 - Highest default rates:
2026-09-01 17:20:10,366 - INFO -    RJ: 10.53% (n=1)
2026-09-01 17:20:10,369 - INFO -    AL: 9.97% (n=1)
2026-09-01 17:20:10,372 - INFO -    PA: 8.20% (n=1)
2026-09-01 17:20:10,379 - INFO -    AM: 8.07% (n=1)
2026-09-01 17:20:10,384 - INFO -    SE: 7.60% (n=1)
2026-09-01 17:20:10,386 - INFO - 
🔗 Correlations with default (n=27 states):
2026-09-01 17:20:10,390 - INFO -    Unemployment Rate (%): 0.4584 (Moderate)
2026-09-01 17:20:10,393 - INFO -       p-value: 0.0162 | n: 27
2026-09-01 17:20:10,395 - INFO -    Gini Index: 0.3436 (Weak)
2026-09-01 17:20:10,398 - INFO -       p-value: 0.0793 | n: 27
2026-09-01 17:20:10,401 - INFO -    FipeZAP - Avg Price (R$/m²): 0.1545 (Very Weak)
2026-09-01 17:20:10,403 - INFO -       p-value: 0.4416 | n: 27
2026-09-01 17:20:10,407 - INFO -    FipeZAP - 12M Variation (%): 0.0831 (Very Weak)
2026-09-01 17:20:10,410 - INFO -       p-value: 0.6803 | n: 27
2026-09-01 17:20:10,414 - INFO -    FipeZAP - Rent Variation (12M %): 0.0831 (Very Weak)
2026-09-01 17:20:10,416 - INFO -       p-value: 0.6803 | n: 27
2026-09-01 17:20:10,420 - INFO -    FipeZAP - Total Index: -0.0239 (Very Weak)
2026-09-01 17:20:10,423 - INFO -       p-value: 0.9058 | n: 27
2026-09-01 17:20:10,432 - INFO -    FipeZAP - Monthly Variation (%): -0.2369 (Weak)
2026-09-01 17:20:10,435 - INFO -       p-value: 0.2342 | n: 27
2026-09-01 17:20:10,452 - INFO -    Median Income (R$): -0.3187 (Weak)
2026-09-01 17:20:10,454 - INFO -       p-value: 0.1052 | n: 27
2026-09-01 17:20:10,456 - INFO - 
============================================================
2026-09-01 17:20:10,459 - INFO - ✅ Pipeline completed successfully!
2026-09-01 17:20:10,462 - INFO - 📁 Reports in: reports/
