month_date,default_rate_90,state_code
2026-06-30,0.0,AC
2026-06-30,1.192215392961465,AC
2026-06-30,23.22224378460681,AC
2026-06-30,0.0,AC
2026-06-30,0.0,AC
2026-06-30,12.422428201086513,AC
2026-06-30,0.0,AC
2026-06-30,6.891564709006037,AC
2026-06-30,23.712843930294063,AC
2026-06-30,4.364141088410963,AC
2026-06-30,4.652525697845878,AC
2026-06-30,4.296252721271664,AC
2026-06-30,6.410965036762392,AC
2026-06-30,0.0,AC
2026-06-30,3.046321414999429,AC
2026-06-30,0.0,AC
2026-06-30,0.0,AC
2026-06-30,0.0,AC
2026-06-30,97.44863936481788,AC
2026-06-30,0.0,AC
2026-06-30,0.0,AC
2026-06-30,2.4945810499419827,AC
2026-06-30,0.0,AC
2026-06-30,16.219396650218485,AC
2026-06-30,2.5349637076619813,AC
2026-06-30,6.803257230743499,AC
2026-06-30,12.636957098656747,AC
2026-06-30,0.0,AC
2026-06-30,0.0,AC
2026-06-30,1.146093825336054,AC
2026-06-30,4.396280777747828,AC
2026-06-30,6.608578234654443,AC
2026-06-30,0.5815298684006213,AC
2026-06-30,0.0,AC
2026-06-30,4.939717625360577,AC
2026-06-30,7.742405420632721,AC
2026-06-30,0.0,AC
2026-06-30,2.6271774056504613,AC
2026-06-30,0.0,AC
2026-06-30,0.0,AC
2026-06-30,0.0,AC
2026-06-30,0.2664685623787188,AC
2026-06-30,0.0,AC
2026-06-30,17.341878569111035,AC
2026-06-30,3.511710543103236,AC
2026-06-30,0.22545030565751484,AC
2026-06-30,0.0,AC
2026-06-30,11.702484702102819,AC
2026-06-30,0.0,AC
2026-06-30,0.0,AC
2026-06-30,0.3518648070057993,AC
2026-06-30,2.6051226079709613,AC
2026-06-30,0.0,AC
2026-06-30,5.9055870673447775,AC
2026-06-30,0.3472411315009913,AC
2026-06-30,0.0,AC
2026-06-30,2.625472507173499,AC
2026-06-30,2.3486965178772796,AC
2026-06-30,3.468920236865357,AC
2026-06-30,0.0,AC
2026-06-30,0.0,AC
2026-06-30,54.1002832964952,AC
2026-06-30,0.0,AC
2026-06-30,0.0,AC
2026-06-30,0.0,AC
2026-06-30,0.0,AC
2026-06-30,0.0,AC
2026-06-30,0.0,AC
2026-06-30,0.0,AC
2026-06-30,0.0,AC
2026-06-30,25.74517183978565,AC
2026-06-30,0.0,AC
2026-06-30,1.4874159526493225,AC
2026-06-30,0.0,AC
2026-06-30,17.975215350281417,AC
2026-06-30,3.7947956531654246,AC
2026-06-30,0.0,AC
2026-06-30,10.575002701091538,AC
2026-06-30,1.506116986519925,AC
2026-06-30,0.0,AC
2026-06-30,3.344424790964648,AC
2026-06-30,2.0205358751243354,AC
2026-06-30,7.54269468061925,AC
2026-06-30,2.0677386329047027,AC
2026-06-30,0.0,AC
2026-06-30,5.2537673168417465,AC
2026-06-30,65.45659898481874,AC
2026-06-30,0.0,AC
2026-06-30,4.981632205817569,AC
2026-06-30,0.0,AC
2026-06-30,75.97128992982219,AC
2026-06-30,0.0,AC
2026-06-30,73.69965417263423,AC
2026-06-30,6.497288821798919,AC
2026-06-30,0.0,AC
2026-06-30,0.0,AC
2026-06-30,0.0,AC
2026-06-30,13.108061421366553,AC
2026-06-30,25.980482238485397,AC
2026-06-30,10.884035441755215,AC
2026-06-30,0.0,AC
2026-06-30,15.078468767532172,AC
2026-06-30,18.079668074182987,AC
2026-06-30,0.0,AC
2026-06-30,5.758028087504747,AC
2026-06-30,0.0,AC
2026-06-30,9.208614326204337,AC
2026-06-30,17.005859505483375,AC
2026-06-30,67.76196771447577,AC
2026-06-30,0.0,AC
2026-06-30,5.553146953042657,AC
2026-06-30,2.5743106100853463,AC
2026-06-30,21.5229300324007,AC
2026-06-30,0.0,AC
2026-06-30,0.0,AC
2026-06-30,5.794168895982867,AC
2026-06-30,0.0,AC
2026-06-30,0.0,AC
2026-06-30,6.592567597244081,AC
2026-06-30,0.0,AC
2026-06-30,13.061133259948374,AC
2026-06-30,6.287256035090742,AC
2026-06-30,2.7327026788148396,AC
2026-06-30,4.858481747493252,AC
2026-06-30,0.0,AC
2026-06-30,9.032686425666096,AC
2026-06-30,2.2589727695564847,AC
2026-06-30,0.0,AC
2026-06-30,5.174728789263092,AC
2026-06-30,0.26554173517166735,AC
2026-06-30,0.0,AC
2026-06-30,5.210754063532593,AC
2026-06-30,0.0,AC
2026-06-30,7.342212888599188,AC
2026-06-30,0.0,AC
2026-06-30,6.7471742373187755,AC
2026-06-30,6.255544793605665,AC
2026-06-30,0.0,AC
2026-06-30,9.853987236963956,AC
2026-06-30,0.0,AC
2026-06-30,1.5432955480485324,AC
2026-06-30,15.259232500826469,AC
2026-06-30,0.0,AC
2026-06-30,9.004446686581884,AC
2026-06-30,8.184583705587315,AC
2026-06-30,0.0,AC
2026-06-30,1.9682692853676815,AC
2026-06-30,5.65923018275591,AC
2026-06-30,0.0,AC
2026-06-30,6.513030917288773,AC
2026-06-30,2.603124698714738,AC
2026-06-30,0.0,AC
2026-06-30,4.294580807609967,AC
2026-06-30,2.155160813864711,AC
2026-06-30,0.0,AC
2026-06-30,3.173977192177515,AC
2026-06-30,6.455667361787463,AC
2026-06-30,81.74265593584349,AC
2026-06-30,0.0,AC
2026-06-30,0.0,AC
2026-06-30,0.0,AC
2026-06-30,0.0,AC
2026-06-30,0.0,AC
2026-06-30,0.0,AC
2026-06-30,0.0,AC
2026-06-30,0.0,AC
2026-06-30,0.0,AC
2026-06-30,0.0,AC
2026-06-30,0.0,AC
2026-06-30,11.954527837481178,AC
2026-06-30,11.980724689311172,AC
2026-06-30,3.1842696910755324,AC
2026-06-30,0.0,AC
2026-06-30,0.0,AC
2026-06-30,26.727528523273165,AC
2026-06-30,0.0,AC
2026-06-30,8.15951823888402,AC
2026-06-30,4.324037267431182,AC
2026-06-30,0.0,AC
2026-06-30,0.0,AC
2026-06-30,23.273405155639427,AC
2026-06-30,19.882495073303083,AC
2026-06-30,0.0,AC
2026-06-30,0.0,AC
2026-06-30,0.0,AC
2026-06-30,0.0,AC
2026-06-30,0.0,AC
2026-06-30,0.0,AC
2026-06-30,100.0,AC
2026-06-30,0.0,AC
2026-06-30,0.0,AC
2026-06-30,0.0,AC
2026-06-30,20.68469287283193,AC
2026-06-30,0.0,AC
2026-06-30,0.0,AC
2026-06-30,0.0,AC
2026-06-30,5.674159973092934,AC
2026-06-30,0.0,AC
2026-06-30,0.0,AC
2026-06-30,0.0,AC
2026-06-30,9.618894236091096,AC
2026-06-30,0.0,AC
2026-06-30,0.0,AC
2026-06-30,0.0,AC
2026-06-30,30.28960453030643,AC
2026-06-30,0.0,AC
2026-06-30,17.23701988583653,AC
2026-06-30,0.0,AC
2026-06-30,0.0,AC
2026-06-30,13.13891993606992,AC
2026-06-30,24.93149907681532,AC
2026-06-30,4.232079438846239,AC
2026-06-30,5.539870322417719,AC
2026-06-30,100.0,AC
2026-06-30,0.0,AC
2026-06-30,0.0,AC
2026-06-30,0.0,AC
2026-06-30,0.0,AC
2026-06-30,100.0,AC
2026-06-30,100.0,AC
2026-06-30,0.0,AC
2026-06-30,0.0,AC
2026-06-30,0.0,AC
2026-06-30,3.1703125454576293,AC
2026-06-30,0.0,AC
2026-06-30,0.8694620797259035,AC
2026-06-30,0.0,AC
2026-06-30,0.0,AC
2026-06-30,100.0,AC
2026-06-30,0.20539089194391624,AC
2026-06-30,15.08751356894058,AC
2026-06-30,6.488247649346903,AC
2026-06-30,10.19739132703344,AC
2026-06-30,2.4926017954713307,AC
2026-06-30,4.849959983956388,AC
2026-06-30,0.0,AC
2026-06-30,0.0,AC
2026-06-30,3.6872278805324226,AC
2026-06-30,0.0,AC
2026-06-30,5.813059734760768,AC
2026-06-30,8.162788002954406,AC
2026-06-30,0.0,AC
2026-06-30,0.0,AC
2026-06-30,0.0,AC
2026-06-30,0.0,AC
2026-06-30,0.0,AC
2026-06-30,0.0,AC
2026-06-30,0.0,AC
2026-06-30,79.01684984144715,AC
2026-06-30,2.206964600968459,AC
2026-06-30,0.0,AC
2026-06-30,0.0,AC
2026-06-30,28.008142684695592,AC
2026-06-30,0.0,AC
2026-06-30,1.745094682102824,AC
2026-06-30,2.57067981710394,AC
2026-06-30,0.0,AC
2026-06-30,0.0,AC
2026-06-30,0.0,AC
2026-06-30,12.199197064795225,AC
2026-06-30,0.0,AC
2026-06-30,0.43897109200197626,AC
2026-06-30,0.0,AC
2026-06-30,6.828337425251549,AC
2026-06-30,6.197908552409931,AC
2026-06-30,0.0,AC
2026-06-30,12.68337729785218,AC
2026-06-30,21.692931442425532,AC
2026-06-30,0.9908833999845249,AC
2026-06-30,6.983044192554545,AC
2026-06-30,4.722910298948785,AC
2026-06-30,3.3148162350261696,AC
2026-06-30,0.8924211917639172,AC
2026-06-30,0.0,AC
2026-06-30,0.0,AC
2026-06-30,24.235219097980295,AC
2026-06-30,0.0,AC
2026-06-30,1.961448662448436,AC
2026-06-30,0.3405646931033993,AC
2026-06-30,3.7657902992336316,AC
2026-06-30,9.991570142632977,AC
2026-06-30,35.942265510281786,AC
2026-06-30,0.0,AC
2026-06-30,7.9630994314691295,AC
2026-06-30,2.625765220474518,AC
2026-06-30,20.905574680844165,AC
2026-06-30,4.391492186731307,AC
2026-06-30,0.0,AC
2026-06-30,4.508010713680033,AC
2026-06-30,0.0,AC
2026-06-30,0.0,AC
2026-06-30,16.64740266249522,AC
2026-06-30,2.1371373988353994,AC
2026-06-30,8.749957883186559,AC
2026-06-30,0.568491885135406,AC
2026-06-30,7.086441664027807,AC
2026-06-30,3.587078301205697,AC
2026-06-30,0.0,AC
2026-06-30,0.0,AC
2026-06-30,17.68076167341184,AC
2026-06-30,2.6712445405456577,AC
2026-06-30,1.4573467301066045,AC
2026-06-30,4.57262758244298,AC
2026-06-30,0.6649515558713381,AC
2026-06-30,1.801333040634312,AC
2026-06-30,100.0,AC
2026-06-30,0.0,AC
2026-06-30,0.0,AC
2026-06-30,0.0,AC
2026-06-30,0.0,AC
2026-06-30,0.0,AC
2026-06-30,0.0,AC
2026-06-30,0.0,AC
2026-06-30,7.519064305964569,AC
2026-06-30,2.612135383820385,AC
2026-06-30,1.7226764828500367,AC
2026-06-30,0.9854397382936957,AC
2026-06-30,5.2643237141222095,AC
2026-06-30,7.795136135285792,AC
2026-06-30,0.35475090382001667,AC
2026-06-30,0.3310517893031098,AC
2026-06-30,8.97369094109163,AC
2026-06-30,5.915858522894799,AC
2026-06-30,4.126164807072696,AC
2026-06-30,2.073248569883536,AC
2026-06-30,0.3647920729529567,AC
2026-06-30,2.244490621209601,AC
2026-06-30,0.0,AC
2026-06-30,18.436930540063027,AC
2026-06-30,0.5343894582842058,AC
2026-06-30,3.9958482442598675,AC
2026-06-30,0.8536932090205568,AC
2026-06-30,37.65936981095701,AC
2026-06-30,3.3929451517070226,AC
2026-06-30,0.0,AC
2026-06-30,0.0,AC
2026-06-30,0.0,AC
2026-06-30,6.859561549620256,AC
2026-06-30,6.694547716584988,AC
2026-06-30,5.31479389726136,AC
2026-06-30,0.0,AC
2026-06-30,9.866474428528273,AC
2026-06-30,0.0,AC
2026-06-30,0.0,AC
2026-06-30,30.934894544554027,AC
2026-06-30,5.5278809014816135,AC
2026-06-30,5.328458087692742,AC
2026-06-30,3.296593584666372,AC
2026-06-30,15.25144898326674,AC
2026-06-30,6.234106082865162,AC
2026-06-30,0.0,AC
2026-06-30,11.335860805632493,AC
2026-06-30,13.03190231879656,AC
2026-06-30,5.277012631916621,AC
2026-06-30,6.459980441576104,AC
2026-06-30,5.676904167051604,AC
2026-06-30,16.870418611199568,AC
2026-06-30,4.809421061498821,AC
2026-06-30,15.539435694107459,AC
2026-06-30,13.990082272899762,AC
2026-06-30,1.7090511926332623,AC
2026-06-30,4.985694221486008,AC
2026-06-30,1.8171279121047157,AC
2026-06-30,0.09801272539680865,AC
2026-06-30,1.1321885095887625,AC
2026-06-30,6.270706997977871,AC
2026-06-30,2.6125367840404214,AC
2026-06-30,0.0,AC
2026-06-30,2.407368981534603,AC
2026-06-30,7.767802157537389,AC
2026-06-30,2.3604822273281347,AC
2026-06-30,6.640721491214421,AC
2026-06-30,2.955674935251033,AC
2026-06-30,2.1152104639403513,AC
2026-06-30,1.4873123155555712,AC
2026-06-30,3.3371797220540524,AC
2026-06-30,0.0,AC
2026-06-30,0.0,AC
2026-06-30,20.080799510950325,AC
2026-06-30,8.26114706725935,AC
2026-06-30,0.0,AC
2026-06-30,44.4152548831496,AC
2026-06-30,0.0,AC
2026-06-30,17.05598408992146,AC
2026-06-30,100.0,AC
2026-06-30,0.0,AC
2026-06-30,0.0,AC
2026-06-30,100.0,AC
2026-06-30,0.3496419809501372,AC
2026-06-30,43.60871159070187,AC
2026-06-30,100.0,AC
2026-06-30,34.19692025685159,AC
2026-06-30,0.0,AC
2026-06-30,0.0,AC
2026-06-30,29.371413153392574,AC
2026-06-30,15.301586089956718,AC
2026-06-30,32.48325299781426,AC
2026-06-30,34.39190225448597,AC
2026-06-30,28.520311700535466,AC
2026-06-30,4.076839707557221,AC
2026-06-30,0.0,AC
2026-06-30,10.965947298020156,AC
2026-06-30,100.0,AC
2026-06-30,1.318526513683133,AC
2026-06-30,25.93137607031524,AC
2026-06-30,0.0,AC
2026-06-30,0.0,AC
2026-06-30,0.0,AC
2026-06-30,0.0,AC
2026-06-30,0.0,AL
2026-06-30,0.0,AL
2026-06-30,3.5739750074418803,AL
2026-06-30,0.4672730959893558,AL
2026-06-30,16.196901655312203,AL
2026-06-30,0.0,AL
2026-06-30,3.612740775498112,AL
2026-06-30,6.737215586199742,AL
2026-06-30,12.653429202292301,AL
2026-06-30,0.0,AL
2026-06-30,5.817320766018992,AL
2026-06-30,12.497115417359517,AL
2026-06-30,10.436951286759184,AL
2026-06-30,8.608639787264833,AL
2026-06-30,8.616463597038262,AL
2026-06-30,0.0,AL
2026-06-30,9.684989991851179,AL
2026-06-30,5.889871631958959,AL
2026-06-30,32.062913277734886,AL
2026-06-30,10.704946873584143,AL
2026-06-30,13.851515176173997,AL
2026-06-30,4.591819802572806,AL
2026-06-30,10.87192606854625,AL
2026-06-30,33.09675414268155,AL
2026-06-30,11.631319718703068,AL
2026-06-30,6.553366586298696,AL
2026-06-30,13.387091707899955,AL
2026-06-30,0.0,AL
2026-06-30,19.82563283243924,AL
2026-06-30,16.61539740038795,AL
2026-06-30,7.80423574763744,AL
2026-06-30,6.377461120879707,AL
2026-06-30,16.918209114903313,AL
2026-06-30,19.524709809857292,AL
2026-06-30,11.183977621762585,AL
2026-06-30,9.393704950049658,AL
2026-06-30,7.3709500102830585,AL
2026-06-30,1.0643053555531907,AL
2026-06-30,83.29341642316139,AL
2026-06-30,10.271564609781711,AL
2026-06-30,4.934740338655934,AL
2026-06-30,63.934472910514316,AL
2026-06-30,24.497145479330882,AL
2026-06-30,0.0,AL
2026-06-30,2.5212237024798685,AL
2026-06-30,7.065389791353397,AL
2026-06-30,0.0,AL
2026-06-30,16.808065841910544,AL
2026-06-30,100.0,AL
2026-06-30,1.2667334481493402,AL
2026-06-30,5.335439554053237,AL
2026-06-30,8.02924023314218,AL
2026-06-30,10.639177092049472,AL
2026-06-30,6.222577257317762,AL
2026-06-30,8.36913357750574,AL
2026-06-30,9.34927843313769,AL
2026-06-30,6.701996891244856,AL
2026-06-30,2.3961863952029443,AL
2026-06-30,100.0,AL
2026-06-30,0.0,AL
2026-06-30,0.0,AL
2026-06-30,25.739315327967777,AL
2026-06-30,0.0,AL
2026-06-30,5.6556513296413495,AL
2026-06-30,0.0,AL
2026-06-30,0.0,AL
2026-06-30,0.0,AL
2026-06-30,6.094672718964795,AL
2026-06-30,0.0,AL
2026-06-30,0.0,AL
2026-06-30,0.0,AL
2026-06-30,0.0,AL
2026-06-30,4.429863648986229,AL
2026-06-30,4.575103914363722,AL
2026-06-30,17.623841199727302,AL
2026-06-30,15.801995424481719,AL
2026-06-30,7.954540555973942,AL
2026-06-30,2.8659253366220376,AL
2026-06-30,16.09299737018689,AL
2026-06-30,16.630455834311437,AL
2026-06-30,12.254338458406885,AL
2026-06-30,0.0,AL
2026-06-30,5.590750420597043,AL
2026-06-30,13.877265922202215,AL
2026-06-30,15.866736984725053,AL
2026-06-30,100.0,AL
2026-06-30,10.696248740290622,AL
2026-06-30,0.0,AL
2026-06-30,10.865568994916448,AL
2026-06-30,0.0,AL
2026-06-30,13.19351038844198,AL
2026-06-30,8.027182836626464,AL
2026-06-30,0.0,AL
2026-06-30,1.468458945488419,AL
2026-06-30,35.27113938567019,AL
2026-06-30,2.194349572570725,AL
2026-06-30,6.620112463366569,AL
2026-06-30,0.0,AL
2026-06-30,26.65145877259927,AL
2026-06-30,0.0,AL
2026-06-30,5.723231704382656,AL
2026-06-30,17.89623101190957,AL
2026-06-30,23.358189222547086,AL
2026-06-30,6.622518781416324,AL
2026-06-30,20.1638398167352,AL
2026-06-30,16.15175070379029,AL
2026-06-30,20.99742624149713,AL
2026-06-30,11.982646487176691,AL
2026-06-30,2.2620239906944493,AL
2026-06-30,9.420367964966127,AL
2026-06-30,11.1627851694347,AL
2026-06-30,0.0,AL
2026-06-30,9.054250478479894,AL
2026-06-30,5.316839054018746,AL
2026-06-30,5.476264000449072,AL
2026-06-30,38.03288252590658,AL
2026-06-30,0.0,AL
2026-06-30,6.546387366467006,AL
2026-06-30,0.0,AL
2026-06-30,0.0,AL
2026-06-30,9.682976606074591,AL
2026-06-30,18.203030507650162,AL
2026-06-30,16.203275105924593,AL
2026-06-30,7.674691794711055,AL
2026-06-30,0.0,AL
2026-06-30,9.93754212435775,AL
2026-06-30,13.234196976954781,AL
2026-06-30,0.0,AL
2026-06-30,7.601045616504395,AL
2026-06-30,0.0,AL
2026-06-30,12.01573866118832,AL
2026-06-30,13.680020273827772,AL
2026-06-30,8.951427440794408,AL
2026-06-30,0.0,AL
2026-06-30,10.635382387930694,AL
2026-06-30,37.70160188229374,AL
2026-06-30,6.007074548560473,AL
2026-06-30,0.0,AL
2026-06-30,4.381786118594861,AL
2026-06-30,0.0,AL
2026-06-30,19.013312862428556,AL
2026-06-30,60.70892071328004,AL
2026-06-30,5.587728329361354,AL
2026-06-30,3.2866859988511146,AL
2026-06-30,15.19582480409037,AL
2026-06-30,9.101429854190233,AL
2026-06-30,5.207800405825404,AL
2026-06-30,9.075264658539457,AL
2026-06-30,9.75069629239671,AL
2026-06-30,8.382087889482518,AL
2026-06-30,0.0,AL
2026-06-30,9.432979862645162,AL
2026-06-30,4.5974859078262424,AL
2026-06-30,7.90041464822632,AL
2026-06-30,2.6621487539213553,AL
2026-06-30,51.96483234434708,AL
2026-06-30,0.0,AL
2026-06-30,0.0,AL
2026-06-30,0.0,AL
2026-06-30,0.0,AL
2026-06-30,0.0,AL
2026-06-30,0.0,AL
2026-06-30,0.0,AL
2026-06-30,0.0,AL
2026-06-30,0.0,AL
2026-06-30,0.0,AL
2026-06-30,0.0,AL
2026-06-30,0.0,AL
2026-06-30,0.0,AL
2026-06-30,100.0,AL
2026-06-30,0.0,AL
2026-06-30,0.0,AL
2026-06-30,0.0,AL
2026-06-30,0.0,AL
2026-06-30,0.0,AL
2026-06-30,0.0,AL
2026-06-30,0.0,AL
2026-06-30,0.0,AL
2026-06-30,17.4006955617756,AL
2026-06-30,0.0,AL
2026-06-30,1.087025053132335,AL
2026-06-30,0.0,AL
2026-06-30,0.0,AL
2026-06-30,0.0,AL
2026-06-30,0.0,AL
2026-06-30,0.0,AL
2026-06-30,0.0,AL
2026-06-30,0.0,AL
2026-06-30,28.910590026798282,AL
2026-06-30,0.0,AL
2026-06-30,0.0,AL
2026-06-30,0.0,AL
2026-06-30,0.0,AL
2026-06-30,0.0,AL
2026-06-30,0.0,AL
2026-06-30,0.0,AL
2026-06-30,0.0,AL
2026-06-30,13.000438085362653,AL
2026-06-30,0.0,AL
2026-06-30,0.0,AL
2026-06-30,0.0,AL
2026-06-30,38.865653729821524,AL
2026-06-30,0.0,AL
2026-06-30,9.028572878558895,AL
2026-06-30,0.0,AL
2026-06-30,0.0,AL
2026-06-30,0.0,AL
2026-06-30,0.0,AL
2026-06-30,0.0,AL
2026-06-30,7.847931968510988,AL
2026-06-30,0.0,AL
2026-06-30,0.0,AL
2026-06-30,9.835363368335122,AL
2026-06-30,11.448959589662518,AL
2026-06-30,0.0,AL
2026-06-30,0.0,AL
2026-06-30,0.0,AL
2026-06-30,5.623858709228726,AL
2026-06-30,0.0,AL
2026-06-30,0.0,AL
2026-06-30,0.0,AL
2026-06-30,0.0,AL
2026-06-30,0.0,AL
2026-06-30,0.0,AL
2026-06-30,0.0,AL
2026-06-30,0.0,AL
2026-06-30,0.0,AL
2026-06-30,0.0,AL
2026-06-30,0.0,AL
2026-06-30,0.0,AL
2026-06-30,0.0,AL
2026-06-30,0.0,AL
2026-06-30,0.0,AL
2026-06-30,1.2455247093336277,AL
2026-06-30,0.0,AL
2026-06-30,21.768071211831685,AL
2026-06-30,1.311176787745239,AL
2026-06-30,9.942570648595234,AL
2026-06-30,0.0,AL
2026-06-30,0.0,AL
2026-06-30,2.304400005010967,AL
2026-06-30,1.3419688337248676,AL
2026-06-30,9.011555659854615,AL
2026-06-30,0.0,AL
2026-06-30,16.90641753817693,AL
2026-06-30,0.0,AL
2026-06-30,0.0,AL
2026-06-30,0.0,AL
2026-06-30,0.0,AL
2026-06-30,0.0,AL
2026-06-30,1.9339994690919557,AL
2026-06-30,39.361238989813444,AL
2026-06-30,0.0,AL
2026-06-30,0.0,AL
2026-06-30,0.0,AL
2026-06-30,0.0,AL
2026-06-30,12.389552090048642,AL
2026-06-30,1.9941455984728236,AL
2026-06-30,0.0,AL
2026-06-30,0.0,AL
2026-06-30,5.609798274453646,AL
2026-06-30,11.570507201180606,AL
2026-06-30,0.0,AL
2026-06-30,2.9475006318618315,AL
2026-06-30,0.0,AL
2026-06-30,0.0,AL
2026-06-30,0.0,AL
2026-06-30,0.0,AL
2026-06-30,6.021666699864818,AL
2026-06-30,9.760736057700287,AL
2026-06-30,10.461953347183195,AL
2026-06-30,5.010353327624416,AL
2026-06-30,29.29954671048907,AL
2026-06-30,4.956017646155373,AL
2026-06-30,13.79035181082528,AL
2026-06-30,0.30688071136220696,AL
2026-06-30,14.601352413901559,AL
2026-06-30,7.965528914544599,AL
2026-06-30,12.541908679105726,AL
2026-06-30,5.363722847676061,AL
2026-06-30,6.9203532406273585,AL
2026-06-30,4.476122962029562,AL
2026-06-30,0.0,AL
2026-06-30,3.1891869481609305,AL
2026-06-30,24.868269869808724,AL
2026-06-30,10.052195145898338,AL
2026-06-30,2.4764472131097146,AL
2026-06-30,4.52581325480957,AL
2026-06-30,11.542487977995862,AL
2026-06-30,14.471960238466231,AL
2026-06-30,0.0,AL
2026-06-30,3.3753468157716506,AL
2026-06-30,30.089721116036326,AL
2026-06-30,16.60409383330106,AL
2026-06-30,5.50485480284438,AL
2026-06-30,12.399835719782908,AL
2026-06-30,6.398933169244998,AL
2026-06-30,4.841651945744118,AL
2026-06-30,0.0,AL
2026-06-30,0.0,AL
2026-06-30,4.5559675654497065,AL
2026-06-30,17.85312659955362,AL
2026-06-30,5.247202150900406,AL
2026-06-30,2.166392279573331,AL
2026-06-30,4.085688285125766,AL
2026-06-30,10.153949476491762,AL
2026-06-30,12.060338575544161,AL
2026-06-30,0.0,AL
2026-06-30,3.1228107845792605,AL
2026-06-30,9.078848739429393,AL
2026-06-30,10.105564300054521,AL
2026-06-30,3.4907774599269072,AL
2026-06-30,8.344490918995692,AL
2026-06-30,8.205545527655044,AL
2026-06-30,5.292519571642269,AL
2026-06-30,51.41995150832419,AL
2026-06-30,60.064951187295776,AL
2026-06-30,0.0,AL
2026-06-30,0.0,AL
2026-06-30,0.0,AL
2026-06-30,0.0,AL
2026-06-30,33.843022965321914,AL
2026-06-30,0.0,AL
2026-06-30,0.0,AL
2026-06-30,0.0,AL
2026-06-30,0.0,AL
2026-06-30,0.0,AL
2026-06-30,0.0,AL
2026-06-30,0.0,AL
2026-06-30,5.243192990555377,AL
2026-06-30,22.180091951690024,AL
2026-06-30,8.265938303220018,AL
2026-06-30,3.325437340234523,AL
2026-06-30,2.4282275976687324,AL
2026-06-30,10.957339046195552,AL
2026-06-30,10.182745797343786,AL
2026-06-30,2.2379085323150814,AL
2026-06-30,4.358214741015688,AL
2026-06-30,11.893307539358839,AL
2026-06-30,10.607831736643488,AL
2026-06-30,23.414910583476022,AL
2026-06-30,7.997496568247555,AL
2026-06-30,0.6750020129690557,AL
2026-06-30,6.247720989144353,AL
2026-06-30,13.3282921342633,AL
2026-06-30,26.636982775365215,AL
2026-06-30,3.907697865572056,AL
2026-06-30,6.820142995015231,AL
2026-06-30,3.1287268860169233,AL
2026-06-30,10.131621228707449,AL
2026-06-30,17.51088053081819,AL
2026-06-30,0.0,AL
2026-06-30,4.491001801238679,AL
2026-06-30,9.443143507536009,AL
2026-06-30,12.623632173077908,AL
2026-06-30,0.0,AL
2026-06-30,15.4615175170407,AL
2026-06-30,13.528856165280384,AL
2026-06-30,8.108383231888121,AL
2026-06-30,0.0,AL
2026-06-30,11.958843604204624,AL
2026-06-30,34.03097613196596,AL
2026-06-30,13.732994214464256,AL
2026-06-30,4.917239088410745,AL
2026-06-30,6.865685743400091,AL
2026-06-30,25.831169829300332,AL
2026-06-30,16.56988018251028,AL
2026-06-30,24.42511614182179,AL
2026-06-30,9.388374661236323,AL
2026-06-30,12.873717413878408,AL
2026-06-30,11.834986850337344,AL
2026-06-30,7.831172706879516,AL
2026-06-30,9.96884273426046,AL
2026-06-30,18.71339240014437,AL
2026-06-30,8.4479223465911,AL
2026-06-30,15.429786692728337,AL
2026-06-30,0.0,AL
2026-06-30,5.4965618664650915,AL
2026-06-30,11.193915274912108,AL
2026-06-30,7.914932575194869,AL
2026-06-30,3.576044026713368,AL
2026-06-30,3.78831566962234,AL
2026-06-30,6.667534991073366,AL
2026-06-30,9.417751495381605,AL
2026-06-30,1.674893064322363,AL
2026-06-30,4.231644967106858,AL
2026-06-30,14.159364433299448,AL
2026-06-30,8.055073942083741,AL
2026-06-30,10.202274908330152,AL
2026-06-30,9.449576092889853,AL
2026-06-30,3.1483755169871293,AL
2026-06-30,3.7268091943485975,AL
2026-06-30,28.3524753985065,AL
2026-06-30,44.726703241697514,AL
2026-06-30,33.600933400286095,AL
2026-06-30,1.3965574367835782,AL
2026-06-30,14.034161708430004,AL
2026-06-30,0.0,AL
2026-06-30,8.516912187129858,AL
2026-06-30,0.0,AL
2026-06-30,45.68463638323291,AL
2026-06-30,0.0,AL
2026-06-30,0.0,AL
2026-06-30,49.89348869184158,AL
2026-06-30,20.935413720373553,AL
2026-06-30,11.932511779403052,AL
2026-06-30,9.612096156895491,AL
2026-06-30,32.50511185057595,AL
2026-06-30,0.0,AL
2026-06-30,100.0,AL
2026-06-30,0.0,AL
2026-06-30,33.65046230013947,AL
2026-06-30,1.4031130945069226,AL
2026-06-30,20.239949652984762,AL
2026-06-30,17.500121186380035,AL
2026-06-30,0.0,AL
2026-06-30,6.861000973660045,AL
2026-06-30,23.47314545253024,AL
2026-06-30,6.037140871621129,AL
2026-06-30,0.0,AL
2026-06-30,70.56030976899575,AL
2026-06-30,0.0,AL
2026-06-30,29.310348900765536,AL
2026-06-30,24.447259479034038,AL
2026-06-30,0.0,AL
2026-06-30,42.51824668224262,AL
2026-06-30,0.0,AL
2026-06-30,0.12306912665167281,AL
2026-06-30,54.09944785713372,AL
2026-06-30,22.930327207488496,AL
2026-06-30,0.0,AL
2026-06-30,0.0,AL
2026-06-30,4.883586802608208,AL
2026-06-30,35.39884140811709,AL
2026-06-30,78.93657869649708,AL
2026-06-30,0.0,AL
2026-06-30,26.17532441433714,AL
2026-06-30,7.407190887261815,AL
2026-06-30,0.0,AL
2026-06-30,0.0,AL
2026-06-30,0.0,AL
2026-06-30,0.0,AL
2026-06-30,0.0,AL
2026-06-30,0.0,AL
2026-06-30,0.0,AL
2026-06-30,0.0,AL
2026-06-30,0.0,AM
2026-06-30,0.2373275621687229,AM
2026-06-30,1.037143514284223,AM
2026-06-30,0.0,AM
2026-06-30,20.78227597051275,AM
2026-06-30,4.55000593454065,AM
2026-06-30,14.746813131234468,AM
2026-06-30,16.60960397957643,AM
2026-06-30,0.18801428224162936,AM
2026-06-30,0.0,AM
2026-06-30,3.5499574420629476,AM
2026-06-30,8.257076192154898,AM
2026-06-30,7.515625089065149,AM
2026-06-30,7.012447542704114,AM
2026-06-30,7.232143396026787,AM
2026-06-30,6.492267242337547,AM
2026-06-30,100.0,AM
2026-06-30,5.57668086550481,AM
2026-06-30,0.0,AM
2026-06-30,12.38908235252891,AM
2026-06-30,0.0,AM
2026-06-30,100.0,AM
2026-06-30,0.3314174366390286,AM
2026-06-30,1.0110269705654327,AM
2026-06-30,0.6144920725353762,AM
2026-06-30,27.10392416988429,AM
2026-06-30,0.0,AM
2026-06-30,4.453426379054383,AM
2026-06-30,7.106155824430489,AM
2026-06-30,0.0,AM
2026-06-30,21.21305702788575,AM
2026-06-30,4.4907526798822195,AM
2026-06-30,3.4176902461997805,AM
2026-06-30,0.0,AM
2026-06-30,7.517766286538233,AM
2026-06-30,12.085831345145454,AM
2026-06-30,0.0,AM
2026-06-30,25.440214076283706,AM
2026-06-30,5.575366780536857,AM
2026-06-30,0.0,AM
2026-06-30,0.0,AM
2026-06-30,3.077269880437403,AM
2026-06-30,0.0,AM
2026-06-30,91.6098883548261,AM
2026-06-30,0.41499286555275106,AM
2026-06-30,3.7492771563426563,AM
2026-06-30,1.705333137073492,AM
2026-06-30,23.07341865146723,AM
2026-06-30,27.233542938094395,AM
2026-06-30,5.1245433418263815,AM
2026-06-30,3.8587003584938393,AM
2026-06-30,15.354380728953974,AM
2026-06-30,7.77564031283591,AM
2026-06-30,2.6784509002078867,AM
2026-06-30,0.0,AM
2026-06-30,0.7084175573652872,AM
2026-06-30,10.318238006783984,AM
2026-06-30,11.503033104574243,AM
2026-06-30,5.153352714718112,AM
2026-06-30,0.0,AM
2026-06-30,2.840282478388492,AM
2026-06-30,0.0,AM
2026-06-30,3.508776460820119,AM
2026-06-30,17.67892133741392,AM
2026-06-30,4.759000467252118,AM
2026-06-30,0.0,AM
2026-06-30,0.0,AM
2026-06-30,19.11383937897428,AM
2026-06-30,0.0,AM
2026-06-30,19.893487453202564,AM
2026-06-30,12.503660071474416,AM
2026-06-30,4.637885765753362,AM
2026-06-30,3.7648458525439596,AM
2026-06-30,0.0,AM
2026-06-30,2.9232166957964463,AM
2026-06-30,100.0,AM
2026-06-30,100.0,AM
2026-06-30,0.0,AM
2026-06-30,0.0,AM
2026-06-30,1.9459047240797382,AM
2026-06-30,0.0,AM
2026-06-30,2.872263076575847,AM
2026-06-30,0.0822112654785666,AM
2026-06-30,18.668222848738033,AM
2026-06-30,1.9461523428809044,AM
2026-06-30,0.0,AM
2026-06-30,4.045122621976413,AM
2026-06-30,18.95782017869296,AM
2026-06-30,2.1260670938855317,AM
2026-06-30,2.2691008533281036,AM
2026-06-30,24.23991814880312,AM
2026-06-30,12.202329765113685,AM
2026-06-30,0.0,AM
2026-06-30,6.023706736158918,AM
2026-06-30,6.721275125120836,AM
2026-06-30,0.0,AM
2026-06-30,8.576730994364159,AM
2026-06-30,3.9647024230408765,AM
2026-06-30,1.9543469821414998,AM
2026-06-30,59.29532659482019,AM
2026-06-30,22.180786079925603,AM
2026-06-30,2.7550820974300083,AM
2026-06-30,0.0,AM
2026-06-30,16.218658017520845,AM
2026-06-30,0.0,AM
2026-06-30,7.847026359901076,AM
2026-06-30,0.0,AM
2026-06-30,12.142441131728273,AM
2026-06-30,19.818340304681854,AM
2026-06-30,0.0,AM
2026-06-30,1.33200698792007,AM
2026-06-30,14.851541584156955,AM
2026-06-30,10.1519467679709,AM
2026-06-30,8.143272155386212,AM
2026-06-30,6.912820067482847,AM
2026-06-30,0.26310394324990305,AM
2026-06-30,4.37160950039014,AM
2026-06-30,7.586420104022769,AM
2026-06-30,0.0,AM
2026-06-30,7.276892330362853,AM
2026-06-30,2.7353502487882384,AM
2026-06-30,1.8240525462140298,AM
2026-06-30,33.66842686087988,AM
2026-06-30,0.38219144213479006,AM
2026-06-30,13.138476320145696,AM
2026-06-30,0.0,AM
2026-06-30,0.0,AM
2026-06-30,10.822357036271665,AM
2026-06-30,100.0,AM
2026-06-30,20.183479201519386,AM
2026-06-30,0.0,AM
2026-06-30,4.161439960519499,AM
2026-06-30,3.188886955700878,AM
2026-06-30,0.0,AM
2026-06-30,23.777466066697727,AM
2026-06-30,14.147969956564754,AM
2026-06-30,100.0,AM
2026-06-30,0.0,AM
2026-06-30,12.475546239299165,AM
2026-06-30,8.465935801093838,AM
2026-06-30,0.0,AM
2026-06-30,4.448835377594066,AM
2026-06-30,5.221848020471954,AM
2026-06-30,0.403851310431874,AM
2026-06-30,32.208888291713436,AM
2026-06-30,2.7916144673292793,AM
2026-06-30,0.8096082415650608,AM
2026-06-30,1.134496284034408,AM
2026-06-30,16.062959408309737,AM
2026-06-30,66.24469471370857,AM
2026-06-30,5.621238017076994,AM
2026-06-30,0.0,AM
2026-06-30,21.461937685729758,AM
2026-06-30,17.906667340778135,AM
2026-06-30,3.3423607597106213,AM
2026-06-30,2.241449352924201,AM
2026-06-30,0.0,AM
2026-06-30,15.468272079198893,AM
2026-06-30,10.495083801845341,AM
2026-06-30,6.978106987409081,AM
2026-06-30,4.596191297690528,AM
2026-06-30,7.265487543822219,AM
2026-06-30,0.0,AM
2026-06-30,3.031294572177719,AM
2026-06-30,0.921980849591437,AM
2026-06-30,27.37390171892935,AM
2026-06-30,0.0,AM
2026-06-30,0.0,AM
2026-06-30,0.0,AM
2026-06-30,0.0,AM
2026-06-30,0.0,AM
2026-06-30,0.0,AM
2026-06-30,0.0,AM
2026-06-30,0.0,AM
2026-06-30,9.820530703724021,AM
2026-06-30,0.0,AM
2026-06-30,0.0,AM
2026-06-30,53.0870069857359,AM
2026-06-30,0.0,AM
2026-06-30,0.0,AM
2026-06-30,0.0,AM
2026-06-30,0.0,AM
2026-06-30,0.0,AM
2026-06-30,0.0,AM
2026-06-30,0.0,AM
2026-06-30,0.0,AM
2026-06-30,0.0,AM
2026-06-30,0.0,AM
2026-06-30,32.47577019834845,AM
2026-06-30,0.0,AM
2026-06-30,0.0,AM
2026-06-30,20.26894416709837,AM
2026-06-30,0.0,AM
2026-06-30,0.0,AM
2026-06-30,0.0,AM
2026-06-30,0.0,AM
2026-06-30,0.0,AM
2026-06-30,0.0,AM
2026-06-30,0.0,AM
2026-06-30,0.0,AM
2026-06-30,0.0,AM
2026-06-30,0.0,AM
2026-06-30,0.0,AM
2026-06-30,0.0,AM
2026-06-30,0.0,AM
2026-06-30,0.0,AM
2026-06-30,0.0,AM
2026-06-30,0.0,AM
2026-06-30,0.0,AM
2026-06-30,0.0,AM
2026-06-30,0.0,AM
2026-06-30,7.2598504041077705,AM
2026-06-30,0.0,AM
2026-06-30,0.0,AM
2026-06-30,0.0,AM
2026-06-30,4.526745103428126,AM
2026-06-30,0.0,AM
2026-06-30,100.0,AM
2026-06-30,0.0,AM
2026-06-30,0.0,AM
2026-06-30,0.0,AM
2026-06-30,0.0,AM
2026-06-30,0.0,AM
2026-06-30,11.140123961702756,AM
2026-06-30,32.84767238050623,AM
2026-06-30,0.0,AM
2026-06-30,15.162933730985962,AM
2026-06-30,46.85184592433785,AM
2026-06-30,0.0,AM
2026-06-30,42.38426298208064,AM
2026-06-30,0.0,AM
2026-06-30,0.0,AM
2026-06-30,0.0,AM
2026-06-30,0.39814331022931615,AM
2026-06-30,0.0,AM
2026-06-30,0.0,AM
2026-06-30,0.0,AM
2026-06-30,0.0,AM
2026-06-30,0.0,AM
2026-06-30,0.0,AM
2026-06-30,0.0,AM
2026-06-30,0.0,AM
2026-06-30,0.0,AM
2026-06-30,0.0,AM
2026-06-30,28.615159108323507,AM
2026-06-30,0.0,AM
2026-06-30,0.0,AM
2026-06-30,0.0,AM
2026-06-30,0.0,AM
2026-06-30,3.155024095710526,AM
2026-06-30,17.649765674732485,AM
2026-06-30,8.396589692749128,AM
2026-06-30,0.0,AM
2026-06-30,0.0,AM
2026-06-30,21.475842912416017,AM
2026-06-30,0.0,AM
2026-06-30,7.221192680722176,AM
2026-06-30,0.0,AM
2026-06-30,16.564861711343756,AM
2026-06-30,0.0,AM
2026-06-30,13.006670395798507,AM
2026-06-30,7.001084463616805,AM
2026-06-30,46.15969242680038,AM
2026-06-30,6.356158219730718,AM
2026-06-30,5.231114632055486,AM
2026-06-30,0.0,AM
2026-06-30,20.03543546273801,AM
2026-06-30,2.9340297196768854,AM
2026-06-30,22.04490773415035,AM
2026-06-30,0.0,AM
2026-06-30,0.0,AM
2026-06-30,0.0,AM
2026-06-30,0.0,AM
2026-06-30,0.0,AM
2026-06-30,0.0,AM
2026-06-30,0.0,AM
2026-06-30,0.0,AM
2026-06-30,0.0,AM
2026-06-30,0.0,AM
2026-06-30,0.0,AM
2026-06-30,0.0,AM
2026-06-30,0.0,AM
2026-06-30,0.0,AM
2026-06-30,0.0,AM
2026-06-30,0.0,AM
2026-06-30,0.0,AM
2026-06-30,0.0,AM
2026-06-30,0.0,AM
2026-06-30,0.0,AM
2026-06-30,0.0,AM
2026-06-30,0.0,AM
2026-06-30,19.962756570530605,AM
2026-06-30,0.6752362296823056,AM
2026-06-30,4.267810246763845,AM
2026-06-30,2.8960771179411027,AM
2026-06-30,14.223774530246224,AM
2026-06-30,2.2840117878601958,AM
2026-06-30,42.49068687122165,AM
2026-06-30,4.747217755590795,AM
2026-06-30,36.46437922631813,AM
2026-06-30,6.067910088003653,AM
2026-06-30,6.195594034836881,AM
2026-06-30,5.138339406936025,AM
2026-06-30,0.9985371556220528,AM
2026-06-30,3.682854125922029,AM
2026-06-30,0.0,AM
2026-06-30,0.0,AM
2026-06-30,31.973101027129818,AM
2026-06-30,4.828851347496492,AM
2026-06-30,13.416994514605598,AM
2026-06-30,3.023089519718349,AM
2026-06-30,25.511475334594696,AM
2026-06-30,9.897887732243975,AM
2026-06-30,0.12937847371677352,AM
2026-06-30,3.5499155600585537,AM
2026-06-30,19.51145666444298,AM
2026-06-30,13.818243650561548,AM
2026-06-30,65.3947378505902,AM
2026-06-30,7.079272900394646,AM
2026-06-30,0.2750179656583228,AM
2026-06-30,6.104973193785843,AM
2026-06-30,100.0,AM
2026-06-30,0.0,AM
2026-06-30,0.8413029849554647,AM
2026-06-30,40.038778568363085,AM
2026-06-30,4.81641508589924,AM
2026-06-30,13.251680761430592,AM
2026-06-30,2.0334531952932164,AM
2026-06-30,26.120896583191143,AM
2026-06-30,6.813765411174537,AM
2026-06-30,1.1808792343180818,AM
2026-06-30,1.7959608692352722,AM
2026-06-30,23.662091772532715,AM
2026-06-30,6.494911913081068,AM
2026-06-30,7.046491377840507,AM
2026-06-30,4.0230957672471765,AM
2026-06-30,0.10495915177341458,AM
2026-06-30,2.18263578969874,AM
2026-06-30,35.70096529648392,AM
2026-06-30,20.121540734422833,AM
2026-06-30,0.0,AM
2026-06-30,0.0,AM
2026-06-30,70.19345117186057,AM
2026-06-30,5.842384563331253,AM
2026-06-30,0.0,AM
2026-06-30,17.09402276504759,AM
2026-06-30,0.0,AM
2026-06-30,0.0,AM
2026-06-30,0.0,AM
2026-06-30,0.0,AM
2026-06-30,3.3920749646382866,AM
2026-06-30,30.659353141012307,AM
2026-06-30,6.053555399422032,AM
2026-06-30,8.980168049176589,AM
2026-06-30,1.726144990645299,AM
2026-06-30,9.88595910840051,AM
2026-06-30,7.231287315669646,AM
2026-06-30,2.9279922698313072,AM
2026-06-30,3.354041683401363,AM
2026-06-30,12.37302373595804,AM
2026-06-30,11.531804205395881,AM
2026-06-30,25.163397930500054,AM
2026-06-30,4.124754350960931,AM
2026-06-30,1.0912707602370029,AM
2026-06-30,5.288796597633645,AM
2026-06-30,0.0,AM
2026-06-30,3.3895184025992715,AM
2026-06-30,34.12126375272769,AM
2026-06-30,5.001342723771954,AM
2026-06-30,3.64319815354853,AM
2026-06-30,1.646314554433859,AM
2026-06-30,22.57515538974946,AM
2026-06-30,10.104721037431126,AM
2026-06-30,0.0,AM
2026-06-30,1.0807998161753216,AM
2026-06-30,19.852818757441,AM
2026-06-30,5.68784584923006,AM
2026-06-30,6.297215681492229,AM
2026-06-30,7.053362423061012,AM
2026-06-30,0.0,AM
2026-06-30,5.877836792591166,AM
2026-06-30,0.3892996436064914,AM
2026-06-30,2.9323594018677133,AM
2026-06-30,41.595809860080415,AM
2026-06-30,13.557174041688192,AM
2026-06-30,18.585076019230033,AM
2026-06-30,6.722647874448967,AM
2026-06-30,28.100072898011625,AM
2026-06-30,12.209614671140715,AM
2026-06-30,3.1347723518807746,AM
2026-06-30,0.6225303578986405,AM
2026-06-30,21.65404646623032,AM
2026-06-30,10.360066713866983,AM
2026-06-30,26.59942718916112,AM
2026-06-30,8.034876966475293,AM
2026-06-30,5.516833964161641,AM
2026-06-30,4.717352901307101,AM
2026-06-30,13.758033178782188,AM
2026-06-30,0.0,AM
2026-06-30,0.15507618855600197,AM
2026-06-30,34.30021730258076,AM
2026-06-30,3.1350843616997603,AM
2026-06-30,3.8741857029610105,AM
2026-06-30,1.738060938603834,AM
2026-06-30,25.042044086066582,AM
2026-06-30,7.592846092778249,AM
2026-06-30,8.2776067847895,AM
2026-06-30,0.6569096161414226,AM
2026-06-30,20.379952724359445,AM
2026-06-30,5.6723740596738175,AM
2026-06-30,7.891145012541009,AM
2026-06-30,3.599119828299285,AM
2026-06-30,3.646793539696881,AM
2026-06-30,2.625843061172304,AM
2026-06-30,0.0,AM
2026-06-30,95.9728347311957,AM
2026-06-30,12.472796242728503,AM
2026-06-30,0.0,AM
2026-06-30,97.2719363866309,AM
2026-06-30,0.0,AM
2026-06-30,0.0,AM
2026-06-30,16.951526296181097,AM
2026-06-30,24.934549586078933,AM
2026-06-30,12.082422913021441,AM
2026-06-30,0.0,AM
2026-06-30,91.47743790739786,AM
2026-06-30,55.33514690729697,AM
2026-06-30,0.0,AM
2026-06-30,17.952623847565675,AM
2026-06-30,29.247115987383083,AM
2026-06-30,41.13595282533091,AM
2026-06-30,0.0,AM
2026-06-30,0.0,AM
2026-06-30,0.0,AM
2026-06-30,75.71856350128701,AM
2026-06-30,0.0,AM
2026-06-30,0.0,AM
2026-06-30,33.0811345401521,AM
2026-06-30,21.73198028804598,AM
2026-06-30,0.0,AM
2026-06-30,19.118801340146327,AM
2026-06-30,16.0106694102722,AM
2026-06-30,0.0,AM
2026-06-30,0.0,AM
2026-06-30,10.10265533345749,AM
2026-06-30,0.0,AM
2026-06-30,0.0,AM
2026-06-30,0.0,AM
2026-06-30,20.904401000285006,AM
2026-06-30,7.257331257703155,AM
2026-06-30,32.22743157747418,AM
2026-06-30,0.0,AM
2026-06-30,47.14251892277107,AM
2026-06-30,31.47836587298189,AM
2026-06-30,0.0,AM
2026-06-30,48.91502598161744,AM
2026-06-30,23.516265409628836,AM
2026-06-30,0.0,AM
2026-06-30,35.793709004824834,AM
2026-06-30,27.097274736628407,AM
2026-06-30,0.0,AM
2026-06-30,44.126742385203904,AM
2026-06-30,12.423129438371666,AM
2026-06-30,20.996446065799322,AM
2026-06-30,53.09005289802927,AM
2026-06-30,13.14422101908979,AM
2026-06-30,0.0,AM
2026-06-30,0.0,AM
2026-06-30,0.0,AM
2026-06-30,0.0,AM
2026-06-30,0.0,AM
2026-06-30,0.0,AM
2026-06-30,0.0,AM
2026-06-30,0.0,AM
2026-06-30,0.0,AM
2026-06-30,0.0,AM
2026-06-30,0.0,AM
2026-06-30,0.0,AM
2026-06-30,0.0,AM
2026-06-30,1.081809917537181,AP
2026-06-30,6.378306975974016,AP
2026-06-30,17.248268713556385,AP
2026-06-30,0.0,AP
2026-06-30,0.0,AP
2026-06-30,8.095081142699007,AP
2026-06-30,0.0,AP
2026-06-30,12.25073197202984,AP
2026-06-30,1.8571354490571508,AP
2026-06-30,0.8099838811771389,AP
2026-06-30,0.0,AP
2026-06-30,16.57929014429396,AP
2026-06-30,5.706835584202785,AP
2026-06-30,6.168267715979511,AP
2026-06-30,11.909212364425999,AP
2026-06-30,4.471360607584445,AP
2026-06-30,0.0,AP
2026-06-30,0.0,AP
2026-06-30,2.291246657689524,AP
2026-06-30,3.69966374365061,AP
2026-06-30,48.22831046675821,AP
2026-06-30,21.554938662494745,AP
2026-06-30,0.0,AP
2026-06-30,50.83248998062893,AP
2026-06-30,14.665787930764232,AP
2026-06-30,0.0,AP
2026-06-30,0.48998696164159994,AP
2026-06-30,7.433113627095063,AP
2026-06-30,12.023140600288595,AP
2026-06-30,17.606304452044107,AP
2026-06-30,6.1784948112227065,AP
2026-06-30,10.525790494212654,AP
2026-06-30,2.2799715363395165,AP
2026-06-30,45.64679440038843,AP
2026-06-30,50.66887433405453,AP
2026-06-30,0.8048708835060265,AP
2026-06-30,2.919173968797161,AP
2026-06-30,0.0,AP
2026-06-30,20.659935983683244,AP
2026-06-30,4.203306828965172,AP
2026-06-30,21.182522618986795,AP
2026-06-30,11.883494452717208,AP
2026-06-30,13.107441313171003,AP
2026-06-30,2.950142220722224,AP
2026-06-30,21.932190403365546,AP
2026-06-30,8.882317163921114,AP
2026-06-30,6.480090261528876,AP
2026-06-30,5.208124948998448,AP
2026-06-30,2.2778883439095248,AP
2026-06-30,2.1807315961596614,AP
2026-06-30,4.192950448059401,AP
2026-06-30,0.0,AP
2026-06-30,0.0,AP
2026-06-30,0.0,AP
2026-06-30,100.0,AP
2026-06-30,8.667090572682696,AP
2026-06-30,0.0,AP
2026-06-30,0.0,AP
2026-06-30,5.016459992714784,AP
2026-06-30,6.158649741948649,AP
2026-06-30,35.90383276023928,AP
2026-06-30,26.335575597031468,AP
2026-06-30,0.0,AP
2026-06-30,3.802848950093806,AP
2026-06-30,10.4024763660758,AP
2026-06-30,12.840341874017827,AP
2026-06-30,8.574874190791128,AP
2026-06-30,1.4862676325614843,AP
2026-06-30,20.5078915182381,AP
2026-06-30,16.656324997377897,AP
2026-06-30,10.624789750567825,AP
2026-06-30,8.07791042746186,AP
2026-06-30,16.03074354015249,AP
2026-06-30,0.0,AP
2026-06-30,5.467656561505739,AP
2026-06-30,0.0,AP
2026-06-30,52.312019033091104,AP
2026-06-30,0.0,AP
2026-06-30,0.0,AP
2026-06-30,10.499849209142972,AP
2026-06-30,0.0,AP
2026-06-30,0.0,AP
2026-06-30,8.674685210382309,AP
2026-06-30,72.90587370826856,AP
2026-06-30,0.4183929447852662,AP
2026-06-30,0.0,AP
2026-06-30,11.777051153021398,AP
2026-06-30,0.0,AP
2026-06-30,5.809753406514692,AP
2026-06-30,61.9839824416652,AP
2026-06-30,6.925139258715989,AP
2026-06-30,15.573643150737126,AP
2026-06-30,19.903169826938427,AP
2026-06-30,16.882360865140082,AP
2026-06-30,20.76292806873197,AP
2026-06-30,30.523712922250475,AP
2026-06-30,68.77524757180677,AP
2026-06-30,0.0,AP
2026-06-30,7.722858069519301,AP
2026-06-30,16.04428001263893,AP
2026-06-30,15.41898514688059,AP
2026-06-30,6.167227482532074,AP
2026-06-30,0.0,AP
2026-06-30,4.8931562940193425,AP
2026-06-30,19.56465359711329,AP
2026-06-30,8.45728470814895,AP
2026-06-30,11.25207694136633,AP
2026-06-30,5.246566247585983,AP
2026-06-30,11.85645431579045,AP
2026-06-30,3.61154242985619,AP
2026-06-30,10.776414263996436,AP
2026-06-30,25.829746979233555,AP
2026-06-30,0.0,AP
2026-06-30,2.167395634625621,AP
2026-06-30,6.671529701617904,AP
2026-06-30,10.647143046186827,AP
2026-06-30,0.0,AP
2026-06-30,2.7431684249665,AP
2026-06-30,1.8252255760178564,AP
2026-06-30,14.575774792861287,AP
2026-06-30,0.9127514809145766,AP
2026-06-30,1.822114884145204,AP
2026-06-30,9.89833030098784,AP
2026-06-30,100.0,AP
2026-06-30,5.588622557062154,AP
2026-06-30,8.316041789597234,AP
2026-06-30,4.084315827142655,AP
2026-06-30,7.098110138230389,AP
2026-06-30,2.19587057736003,AP
2026-06-30,9.89621083373469,AP
2026-06-30,13.94910352435311,AP
2026-06-30,0.0,AP
2026-06-30,0.0,AP
2026-06-30,0.0,AP
2026-06-30,0.0,AP
2026-06-30,0.0,AP
2026-06-30,0.0,AP
2026-06-30,0.0,AP
2026-06-30,100.0,AP
2026-06-30,0.0,AP
2026-06-30,0.0,AP
2026-06-30,0.0,AP
2026-06-30,0.0,AP
2026-06-30,0.0,AP
2026-06-30,0.0,AP
2026-06-30,0.0,AP
2026-06-30,0.0,AP
2026-06-30,0.0,AP
2026-06-30,61.56977269459279,AP
2026-06-30,0.0,AP
2026-06-30,0.0,AP
2026-06-30,0.0,AP
2026-06-30,0.0,AP
2026-06-30,0.0,AP
2026-06-30,0.0,AP
2026-06-30,0.0,AP
2026-06-30,0.0,AP
2026-06-30,0.0,AP
2026-06-30,0.0,AP
2026-06-30,0.0,AP
2026-06-30,0.0,AP
2026-06-30,0.0,AP
2026-06-30,17.485530067016096,AP
2026-06-30,0.0,AP
2026-06-30,100.0,AP
2026-06-30,0.0,AP
2026-06-30,74.62653117464482,AP
2026-06-30,0.0,AP
2026-06-30,29.868315550941983,AP
2026-06-30,0.0,AP
2026-06-30,0.0,AP
2026-06-30,0.0,AP
2026-06-30,39.98875835734452,AP
2026-06-30,0.0,AP
2026-06-30,0.0,AP
2026-06-30,0.0,AP
2026-06-30,0.0,AP
2026-06-30,0.0,AP
2026-06-30,0.0,AP
2026-06-30,0.0,AP
2026-06-30,0.0,AP
2026-06-30,100.0,AP
2026-06-30,8.782861617427738,AP
2026-06-30,0.0,AP
2026-06-30,0.0,AP
2026-06-30,0.0,AP
2026-06-30,1.6260903875274595,AP
2026-06-30,0.0,AP
2026-06-30,39.17853188352595,AP
2026-06-30,62.72502337152615,AP
2026-06-30,0.0,AP
2026-06-30,0.0,AP
2026-06-30,0.0,AP
2026-06-30,0.0,AP
2026-06-30,8.107318390343787,AP
2026-06-30,0.0,AP
2026-06-30,0.0,AP
2026-06-30,0.0,AP
2026-06-30,0.0,AP
2026-06-30,0.0,AP
2026-06-30,0.0,AP
2026-06-30,0.0,AP
2026-06-30,0.0,AP
2026-06-30,0.0,AP
2026-06-30,0.0,AP
2026-06-30,0.0,AP
2026-06-30,0.0,AP
2026-06-30,15.348626804703166,AP
2026-06-30,1.821432872428089,AP
2026-06-30,0.0,AP
2026-06-30,0.0,AP
2026-06-30,0.0,AP
2026-06-30,0.0,AP
2026-06-30,0.0,AP
2026-06-30,0.0,AP
2026-06-30,0.0,AP
2026-06-30,0.0,AP
2026-06-30,0.0,AP
2026-06-30,0.0,AP
2026-06-30,0.0,AP
2026-06-30,5.5892664536851395,AP
2026-06-30,22.45086432744692,AP
2026-06-30,0.0,AP
2026-06-30,100.0,AP
2026-06-30,100.0,AP
2026-06-30,0.0,AP
2026-06-30,0.0,AP
2026-06-30,58.152090611281245,AP
2026-06-30,100.0,AP
2026-06-30,0.0,AP
2026-06-30,0.0,AP
2026-06-30,0.0,AP
2026-06-30,0.0,AP
2026-06-30,0.0,AP
2026-06-30,0.0,AP
2026-06-30,57.05894692678834,AP
2026-06-30,0.0,AP
2026-06-30,0.0,AP
2026-06-30,0.0,AP
2026-06-30,0.0,AP
2026-06-30,11.106101049446583,AP
2026-06-30,4.541311302602676,AP
2026-06-30,27.583180456555194,AP
2026-06-30,0.0,AP
2026-06-30,0.0,AP
2026-06-30,0.0,AP
2026-06-30,21.711644654780084,AP
2026-06-30,17.873806776078464,AP
2026-06-30,8.76904496046305,AP
2026-06-30,7.28396141997157,AP
2026-06-30,0.0,AP
2026-06-30,0.022674413804926154,AP
2026-06-30,5.079331086799563,AP
2026-06-30,15.12571193858454,AP
2026-06-30,0.0,AP
2026-06-30,12.640084180393668,AP
2026-06-30,0.0,AP
2026-06-30,14.287492683248557,AP
2026-06-30,6.1506677858133445,AP
2026-06-30,0.0,AP
2026-06-30,4.35121003482841,AP
2026-06-30,13.248682025775494,AP
2026-06-30,0.0,AP
2026-06-30,45.42834663853622,AP
2026-06-30,6.896682201922628,AP
2026-06-30,22.36434839307739,AP
2026-06-30,3.6408014364956847,AP
2026-06-30,100.0,AP
2026-06-30,0.0,AP
2026-06-30,31.10533385563578,AP
2026-06-30,0.9915989494669674,AP
2026-06-30,14.027707833530226,AP
2026-06-30,2.348520591412821,AP
2026-06-30,24.746843162954054,AP
2026-06-30,4.566177679842653,AP
2026-06-30,0.0,AP
2026-06-30,0.0,AP
2026-06-30,28.664613880298905,AP
2026-06-30,1.601189455789178,AP
2026-06-30,14.314745522969622,AP
2026-06-30,2.855169974422379,AP
2026-06-30,82.22091988452604,AP
2026-06-30,1.7566152481490893,AP
2026-06-30,0.0,AP
2026-06-30,0.0,AP
2026-06-30,100.0,AP
2026-06-30,0.0,AP
2026-06-30,3.251924976446311,AP
2026-06-30,0.0,AP
2026-06-30,0.0,AP
2026-06-30,3.623050818381933,AP
2026-06-30,23.712293066814542,AP
2026-06-30,5.978458413266517,AP
2026-06-30,28.97459029923024,AP
2026-06-30,0.4925917372015076,AP
2026-06-30,46.458505073737136,AP
2026-06-30,8.652515293919906,AP
2026-06-30,39.767253625404955,AP
2026-06-30,1.6721882786146935,AP
2026-06-30,29.225670325808668,AP
2026-06-30,7.180522885452974,AP
2026-06-30,9.693595608438542,AP
2026-06-30,10.143499034357719,AP
2026-06-30,14.385457555211925,AP
2026-06-30,2.1269112470480533,AP
2026-06-30,11.397109603029202,AP
2026-06-30,40.07133259644899,AP
2026-06-30,0.0,AP
2026-06-30,0.0,AP
2026-06-30,0.0,AP
2026-06-30,29.611734625754377,AP
2026-06-30,6.653166708660323,AP
2026-06-30,0.0,AP
2026-06-30,32.32593851526189,AP
2026-06-30,0.0,AP
2026-06-30,15.337934570800254,AP
2026-06-30,0.0,AP
2026-06-30,0.0,AP
2026-06-30,0.0,AP
2026-06-30,100.0,AP
2026-06-30,0.0,AP
2026-06-30,42.24820970107159,AP
2026-06-30,5.781314309407047,AP
2026-06-30,33.131692023375344,AP
2026-06-30,4.866666484960061,AP
2026-06-30,29.328821813668927,AP
2026-06-30,7.259812663943153,AP
2026-06-30,4.346294814965672,AP
2026-06-30,0.8973214653711011,AP
2026-06-30,34.73019588659884,AP
2026-06-30,4.746441212952384,AP
2026-06-30,32.482830964830306,AP
2026-06-30,3.209530575348724,AP
2026-06-30,20.88286321822682,AP
2026-06-30,1.2226537484608482,AP
2026-06-30,15.811755249673464,AP
2026-06-30,33.15120807114384,AP
2026-06-30,0.24405310388220777,AP
2026-06-30,25.727519719619067,AP
2026-06-30,2.531440009340558,AP
2026-06-30,17.171515080613016,AP
2026-06-30,0.2231410784395243,AP
2026-06-30,13.984005595633988,AP
2026-06-30,4.590485419769312,AP
2026-06-30,0.0,AP
2026-06-30,2.058957966942637,AP
2026-06-30,19.561283572930602,AP
2026-06-30,1.8438086430743892,AP
2026-06-30,6.156863379144173,AP
2026-06-30,2.819646543971114,AP
2026-06-30,16.092242839823353,AP
2026-06-30,1.264294155323462,AP
2026-06-30,0.0,AP
2026-06-30,4.507232701588916,AP
2026-06-30,100.0,AP
2026-06-30,0.0,AP
2026-06-30,37.544523539247685,AP
2026-06-30,78.37807397441614,AP
2026-06-30,62.925609557114704,AP
2026-06-30,0.0,AP
2026-06-30,12.380878678279146,AP
2026-06-30,20.65920154993174,AP
2026-06-30,3.7817505803481124,AP
2026-06-30,3.020247341368464,AP
2026-06-30,0.8579876474773521,AP
2026-06-30,0.0,AP
2026-06-30,38.18465214960286,AP
2026-06-30,100.0,AP
2026-06-30,0.0,AP
2026-06-30,0.0,AP
2026-06-30,49.07301638939976,AP
2026-06-30,24.675073269832815,AP
2026-06-30,7.0015415613698675,AP
2026-06-30,56.22200942378858,AP
2026-06-30,32.39268184203297,AP
2026-06-30,0.0,AP
2026-06-30,48.42964845930452,AP
2026-06-30,0.0,AP
2026-06-30,39.76072211697562,AP
2026-06-30,0.0,AP
2026-06-30,0.0,AP
2026-06-30,0.0,AP
2026-06-30,11.766876847894778,AP
2026-06-30,65.45932990509665,AP
2026-06-30,0.0,AP
2026-06-30,0.0,AP
2026-06-30,4.344443506877057,AP
2026-06-30,0.0,AP
2026-06-30,0.0,AP
2026-06-30,0.0,AP
2026-06-30,0.0,AP
2026-06-30,0.0,AP
2026-06-30,0.0,AP
2026-06-30,0.0,AP
2026-06-30,0.0,AP
2026-06-30,0.0,AP
2026-06-30,0.0,AP
2026-06-30,0.0,BA
2026-06-30,0.0,BA
2026-06-30,0.0,BA
2026-06-30,0.0,BA
2026-06-30,0.0,BA
2026-06-30,0.0,BA
2026-06-30,0.0,BA
2026-06-30,3.694888877840156,BA
2026-06-30,0.0,BA
2026-06-30,3.187594286664624,BA
2026-06-30,15.579456314471749,BA
2026-06-30,11.52999843232865,BA
2026-06-30,10.82182144507141,BA
2026-06-30,3.3046495051811773,BA
2026-06-30,0.0,BA
2026-06-30,8.828230544277126,BA
2026-06-30,8.869178714011616,BA
2026-06-30,4.498066854502645,BA
2026-06-30,3.7255787111839895,BA
2026-06-30,3.9780866706337967,BA
2026-06-30,10.103452250904539,BA
2026-06-30,0.0,BA
2026-06-30,7.399224115001747,BA
2026-06-30,5.72512889799256,BA
2026-06-30,0.0,BA
2026-06-30,100.0,BA
2026-06-30,3.773193146170749,BA
2026-06-30,5.01213828158331,BA
2026-06-30,0.0,BA
2026-06-30,3.476122841385266,BA
2026-06-30,34.45435007406362,BA
2026-06-30,0.0,BA
2026-06-30,3.956548401409094,BA
2026-06-30,0.0,BA
2026-06-30,5.429773048624114,BA
2026-06-30,0.0,BA
2026-06-30,8.707353191341628,BA
2026-06-30,100.0,BA
2026-06-30,25.40094441108152,BA
2026-06-30,0.0,BA
2026-06-30,61.206764890439835,BA
2026-06-30,5.386773565388151,BA
2026-06-30,0.0,BA
2026-06-30,7.741686084874893,BA
2026-06-30,0.0,BA
2026-06-30,14.800379945755731,BA
2026-06-30,0.0,BA
2026-06-30,6.325427864603589,BA
2026-06-30,4.800283334396942,BA
2026-06-30,13.859703121928113,BA
2026-06-30,0.0,BA
2026-06-30,100.0,BA
2026-06-30,12.530650596767835,BA
2026-06-30,0.0,BA
2026-06-30,22.050219604929637,BA
2026-06-30,10.8214646006942,BA
2026-06-30,100.0,BA
2026-06-30,8.477549507637512,BA
2026-06-30,0.0,BA
2026-06-30,100.0,BA
2026-06-30,6.129507729708067,BA
2026-06-30,6.578384073350145,BA
2026-06-30,8.712842257829365,BA
2026-06-30,24.628242748995124,BA
2026-06-30,0.0,BA
2026-06-30,0.0,BA
2026-06-30,2.9911105281140933,BA
2026-06-30,0.0,BA
2026-06-30,3.4820782332978055,BA
2026-06-30,0.0,BA
2026-06-30,100.0,BA
2026-06-30,4.439360789310279,BA
2026-06-30,15.039839470122399,BA
2026-06-30,0.0,BA
2026-06-30,36.578205305866284,BA
2026-06-30,4.802140684768315,BA
2026-06-30,0.0,BA
2026-06-30,8.165251906528788,BA
2026-06-30,100.0,BA
2026-06-30,11.662326428459306,BA
2026-06-30,0.0,BA
2026-06-30,0.0,BA
2026-06-30,0.0,BA
2026-06-30,100.0,BA
2026-06-30,9.878566147714386,BA
2026-06-30,0.0,BA
2026-06-30,3.7377282132289142,BA
2026-06-30,0.0,BA
2026-06-30,100.0,BA
2026-06-30,9.573257827669185,BA
2026-06-30,0.0,BA
2026-06-30,100.0,BA
2026-06-30,8.695607064966412,BA
2026-06-30,0.0,BA
2026-06-30,0.0,BA
2026-06-30,6.977847989262161,BA
2026-06-30,0.0,BA
2026-06-30,100.0,BA
2026-06-30,5.7385228977140095,BA
2026-06-30,0.0,BA
2026-06-30,100.0,BA
2026-06-30,3.698289993881648,BA
2026-06-30,100.0,BA
2026-06-30,5.093937713891185,BA
2026-06-30,6.02677280465246,BA
2026-06-30,17.612416258158344,BA
2026-06-30,0.0,BA
2026-06-30,0.0,BA
2026-06-30,0.0,BA
2026-06-30,20.37428166240394,BA
2026-06-30,0.0,BA
2026-06-30,0.0,BA
2026-06-30,24.337847449117096,BA
2026-06-30,0.0,BA
2026-06-30,0.0,BA
2026-06-30,5.8534839675215204,BA
2026-06-30,0.0,BA
2026-06-30,0.0,BA
2026-06-30,8.599473759560059,BA
2026-06-30,0.0,BA
2026-06-30,14.880412193562394,BA
2026-06-30,0.0,BA
2026-06-30,0.0,BA
2026-06-30,0.0,BA
2026-06-30,100.0,BA
2026-06-30,6.535175698959309,BA
2026-06-30,0.0,BA
2026-06-30,4.480033229033279,BA
2026-06-30,0.0,BA
2026-06-30,0.0,BA
2026-06-30,12.620356514790302,BA
2026-06-30,15.472874137985402,BA
2026-06-30,0.0,BA
2026-06-30,16.237415760482083,BA
2026-06-30,3.0370822787314604,BA
2026-06-30,0.0,BA
2026-06-30,47.39399507101418,BA
2026-06-30,100.0,BA
2026-06-30,18.114793845833507,BA
2026-06-30,0.0,BA
2026-06-30,12.255846693500185,BA
2026-06-30,36.606130532912466,BA
2026-06-30,16.152665338478883,BA
2026-06-30,100.0,BA
2026-06-30,0.0,BA
2026-06-30,6.365452339161455,BA
2026-06-30,5.338245186621409,BA
2026-06-30,39.469410966694305,BA
2026-06-30,12.460598970376498,BA
2026-06-30,100.0,BA
2026-06-30,12.295118055260128,BA
2026-06-30,0.0,BA
2026-06-30,0.0,BA
2026-06-30,11.432891578429931,BA
2026-06-30,0.0,BA
2026-06-30,8.014200053140726,BA
2026-06-30,100.0,BA
2026-06-30,0.0,BA
2026-06-30,96.34746507295613,BA
2026-06-30,100.0,BA
2026-06-30,10.303611693801638,BA
2026-06-30,0.0,BA
2026-06-30,0.0,BA
2026-06-30,0.9265756747965453,BA
2026-06-30,6.62804312005051,BA
2026-06-30,15.911221446215631,BA
2026-06-30,41.0902969420567,BA
2026-06-30,2.1924209580844716,BA
2026-06-30,100.0,BA
2026-06-30,0.4722875495320973,BA
2026-06-30,0.0,BA
2026-06-30,8.854545893107789,BA
2026-06-30,19.673836075401805,BA
2026-06-30,43.483989718102265,BA
2026-06-30,4.941677198573356,BA
2026-06-30,0.0,BA
2026-06-30,11.986034970046386,BA
2026-06-30,11.539238792151869,BA
2026-06-30,3.301743603449894,BA
2026-06-30,4.810508407520342,BA
2026-06-30,0.0,BA
2026-06-30,11.673452106495622,BA
2026-06-30,9.953615973626421,BA
2026-06-30,6.5462324912449175,BA
2026-06-30,0.0,BA
2026-06-30,7.352015639028315,BA
2026-06-30,100.0,BA
2026-06-30,12.084780193109456,BA
2026-06-30,5.811966701623305,BA
2026-06-30,4.542040586076671,BA
2026-06-30,0.0,BA
2026-06-30,0.0,BA
2026-06-30,92.61835802994113,BA
2026-06-30,15.38821193951953,BA
2026-06-30,4.8832517649257206,BA
2026-06-30,100.0,BA
2026-06-30,0.0,BA
2026-06-30,90.17961237388126,BA
2026-06-30,3.3517407226301565,BA
2026-06-30,0.0,BA
2026-06-30,29.05922390318957,BA
2026-06-30,6.15559029219484,BA
2026-06-30,19.86955552676087,BA
2026-06-30,10.319257562511467,BA
2026-06-30,0.0,BA
2026-06-30,22.519880958189002,BA
2026-06-30,7.465011735095193,BA
2026-06-30,0.0,BA
2026-06-30,44.285428699942166,BA
2026-06-30,15.31959763853353,BA
2026-06-30,31.936357939622763,BA
2026-06-30,100.0,BA
2026-06-30,10.045134983608937,BA
2026-06-30,0.0,BA
2026-06-30,0.0,BA
2026-06-30,7.4700784069874295,BA
2026-06-30,2.8038657403900666,BA
2026-06-30,100.0,BA
2026-06-30,9.014717978873643,BA
2026-06-30,11.3319373810316,BA
2026-06-30,0.0,BA
2026-06-30,9.763365824783568,BA
2026-06-30,100.0,BA
2026-06-30,8.203731979424427,BA
2026-06-30,8.672537518654606,BA
2026-06-30,0.0,BA
2026-06-30,0.43341397449703517,BA
2026-06-30,11.159590522891861,BA
2026-06-30,0.0,BA
2026-06-30,7.228998105997908,BA
2026-06-30,0.0,BA
2026-06-30,5.977045236771962,BA
2026-06-30,18.786801233041675,BA
2026-06-30,7.665738433881131,BA
2026-06-30,2.5930668355859243,BA
2026-06-30,3.9598023656159462,BA
2026-06-30,10.004730252277932,BA
2026-06-30,0.0,BA
2026-06-30,14.56603650178869,BA
2026-06-30,2.2582944002249072,BA
2026-06-30,8.529123681024902,BA
2026-06-30,10.451835969586448,BA
2026-06-30,0.0,BA
2026-06-30,0.0,BA
2026-06-30,5.356575799826064,BA
2026-06-30,0.0,BA
2026-06-30,2.390961010601342,BA
2026-06-30,7.44428690042854,BA
2026-06-30,7.1961370778311595,BA
2026-06-30,20.455945779420823,BA
2026-06-30,7.156243122977987,BA
2026-06-30,0.0,BA
2026-06-30,5.155405780561481,BA
2026-06-30,0.0,BA
2026-06-30,100.0,BA
2026-06-30,5.795875020293244,BA
2026-06-30,3.9597495570119774,BA
2026-06-30,0.0,BA
2026-06-30,10.993645835183477,BA
2026-06-30,7.073596019308058,BA
2026-06-30,0.0,BA
2026-06-30,0.0,BA
2026-06-30,0.0,BA
2026-06-30,0.0,BA
2026-06-30,0.0,BA
2026-06-30,0.0,BA
2026-06-30,0.3695691910334667,BA
2026-06-30,0.0,BA
2026-06-30,0.0,BA
2026-06-30,0.0,BA
2026-06-30,0.0,BA
2026-06-30,0.0,BA
2026-06-30,0.0,BA
2026-06-30,0.0,BA
2026-06-30,0.0,BA
2026-06-30,0.0,BA
2026-06-30,0.0,BA
2026-06-30,0.0,BA
2026-06-30,0.0,BA
2026-06-30,7.734072596418408,BA
2026-06-30,0.9764212247986471,BA
2026-06-30,100.0,BA
2026-06-30,1.1202699124646256,BA
2026-06-30,6.714812996966075,BA
2026-06-30,20.05238997762524,BA
2026-06-30,0.0,BA
2026-06-30,0.0,BA
2026-06-30,0.0,BA
2026-06-30,0.0,BA
2026-06-30,4.551494889463232,BA
2026-06-30,0.0,BA
2026-06-30,31.496957399544744,BA
2026-06-30,0.0,BA
2026-06-30,4.1559562947563,BA
2026-06-30,0.0,BA
2026-06-30,14.905561778875684,BA
2026-06-30,0.0,BA
2026-06-30,5.328095830950766,BA
2026-06-30,10.686870212237809,BA
2026-06-30,5.1518825683254015,BA
2026-06-30,2.733255756429724,BA
2026-06-30,76.99583270581407,BA
2026-06-30,3.554756069678053,BA
2026-06-30,0.0,BA
2026-06-30,0.3352693482383997,BA
2026-06-30,100.0,BA
2026-06-30,0.0,BA
2026-06-30,0.0,BA
2026-06-30,0.0,BA
2026-06-30,0.0,BA
2026-06-30,0.0,BA
2026-06-30,1.6166209784245242,BA
2026-06-30,0.0,BA
2026-06-30,44.440260793946095,BA
2026-06-30,4.633756230464856,BA
2026-06-30,0.0,BA
2026-06-30,6.887852669884159,BA
2026-06-30,0.0,BA
2026-06-30,8.114203730122226,BA
2026-06-30,6.705627030127367,BA
2026-06-30,0.0,BA
2026-06-30,4.755032871320421,BA
2026-06-30,2.3883565970473963,BA
2026-06-30,3.7917895106533885,BA
2026-06-30,100.0,BA
2026-06-30,3.3735564383524514,BA
2026-06-30,0.0,BA
2026-06-30,7.11443284403743,BA
2026-06-30,0.0,BA
2026-06-30,0.0,BA
2026-06-30,0.0,BA
2026-06-30,0.0,BA
2026-06-30,100.0,BA
2026-06-30,0.0,BA
2026-06-30,0.0,BA
2026-06-30,100.0,BA
2026-06-30,0.0,BA
2026-06-30,0.0,BA
2026-06-30,0.0,BA
2026-06-30,10.931726875670034,BA
2026-06-30,0.0,BA
2026-06-30,3.5351146607120327,BA
2026-06-30,0.0,BA
2026-06-30,5.398820333700494,BA
2026-06-30,0.0,BA
2026-06-30,3.3817359694021296,BA
2026-06-30,0.0,BA
2026-06-30,0.0,BA
2026-06-30,3.1257493111446264,BA
2026-06-30,11.238929369937013,BA
2026-06-30,35.18143230817832,BA
2026-06-30,26.572635404330214,BA
2026-06-30,0.0,BA
2026-06-30,12.089702635444704,BA
2026-06-30,0.0,BA
2026-06-30,1.7411935954067692,BA
2026-06-30,2.90696274915597,BA
2026-06-30,0.0,BA
2026-06-30,8.283334791292656,BA
2026-06-30,0.0,BA
2026-06-30,3.516756431541505,BA
2026-06-30,0.0,BA
2026-06-30,10.509785807180638,BA
2026-06-30,33.82491702222582,BA
2026-06-30,5.485132086621042,BA
2026-06-30,0.0,BA
2026-06-30,0.0,BA
2026-06-30,0.0,BA
2026-06-30,0.0,BA
2026-06-30,0.0,BA
2026-06-30,0.0,BA
2026-06-30,0.0,BA
2026-06-30,0.0,BA
2026-06-30,11.03418755961307,BA
2026-06-30,6.563434016795516,BA
2026-06-30,0.0,BA
2026-06-30,0.0,BA
2026-06-30,12.98030887357731,BA
2026-06-30,8.220893411145342,BA
2026-06-30,16.584222242991288,BA
2026-06-30,0.0,BA
2026-06-30,5.176557908960088,BA
2026-06-30,1.389227255623765,BA
2026-06-30,0.0,BA
2026-06-30,14.424997194182893,BA
2026-06-30,0.0,BA
2026-06-30,7.210258887803973,BA
2026-06-30,0.0,BA
2026-06-30,2.797589053614992,BA
2026-06-30,0.0,BA
2026-06-30,9.543833946611642,BA
2026-06-30,0.0,BA
2026-06-30,0.7382228204593033,BA
2026-06-30,12.91921264268479,BA
2026-06-30,0.0,BA
2026-06-30,6.764028379808486,BA
2026-06-30,2.696817892634709,BA
2026-06-30,0.0,BA
2026-06-30,3.4064951785979374,BA
2026-06-30,0.0,BA
2026-06-30,11.367331118987535,BA
2026-06-30,0.0,BA
2026-06-30,5.930944665361039,BA
2026-06-30,4.395194347947597,BA
2026-06-30,0.0,BA
2026-06-30,0.962612617452755,BA
2026-06-30,0.0,BA
2026-06-30,9.306517628766258,BA
2026-06-30,8.481222663516164,BA
2026-06-30,7.961103606744997,BA
2026-06-30,5.325012735912312,BA
2026-06-30,12.13359993784894,BA
2026-06-30,7.1769907096111645,BA
2026-06-30,0.0,BA
2026-06-30,4.99901865748021,BA
2026-06-30,0.0,BA
2026-06-30,0.0,BA
2026-06-30,0.0,BA
2026-06-30,0.0,BA
2026-06-30,0.0,BA
2026-06-30,0.0,BA
2026-06-30,0.0,BA
2026-06-30,0.0,BA
2026-06-30,1.5104456396727834,BA
2026-06-30,0.0,BA
2026-06-30,1.387804892617227,BA
2026-06-30,0.0,BA
2026-06-30,0.0,BA
2026-06-30,20.354910870191105,BA
2026-06-30,1.059333077768962,BA
2026-06-30,0.0,BA
2026-06-30,0.0,BA
2026-06-30,8.3909167471421,BA
2026-06-30,0.0,BA
2026-06-30,3.2650672452777507,BA
2026-06-30,0.0,BA
2026-06-30,0.0,BA
2026-06-30,4.236510445686353,BA
2026-06-30,0.0,BA
2026-06-30,2.3546804778435777,BA
2026-06-30,0.0,BA
2026-06-30,0.0,BA
2026-06-30,0.0,BA
2026-06-30,0.0,BA
2026-06-30,1.8548854237429147,BA
2026-06-30,14.827102927244692,BA
2026-06-30,7.703007679730874,BA
2026-06-30,9.263296525133393,BA
2026-06-30,3.356519330752645,BA
2026-06-30,18.16289317073218,BA
2026-06-30,8.582088045581795,BA
2026-06-30,3.6821758638817883,BA
2026-06-30,2.1308259013052657,BA
2026-06-30,17.52850223340716,BA
2026-06-30,6.777557659848303,BA
2026-06-30,7.831494766367896,BA
2026-06-30,3.548050211321375,BA
2026-06-30,16.846613284978577,BA
2026-06-30,2.8691587991851777,BA
2026-06-30,62.8825490392457,BA
2026-06-30,2.1977333666887233,BA
2026-06-30,2.4802628898684227,BA
2026-06-30,25.477106344940164,BA
2026-06-30,8.405898387228648,BA
2026-06-30,11.403216586042863,BA
2026-06-30,3.2910029992178775,BA
2026-06-30,22.714707792590296,BA
2026-06-30,10.709533889910459,BA
2026-06-30,2.239391053829192,BA
2026-06-30,4.446925338501893,BA
2026-06-30,16.67462684838379,BA
2026-06-30,11.270370668972499,BA
2026-06-30,14.040336627922171,BA
2026-06-30,7.891325435883849,BA
2026-06-30,5.306779184292208,BA
2026-06-30,5.6940498022947885,BA
2026-06-30,7.1670723306826405,BA
2026-06-30,0.24024865231613868,BA
2026-06-30,2.315073870088142,BA
2026-06-30,24.07614842032646,BA
2026-06-30,6.829376504995431,BA
2026-06-30,13.233063648128496,BA
2026-06-30,1.4810022578961104,BA
2026-06-30,18.169513301374867,BA
2026-06-30,8.478621891026624,BA
2026-06-30,2.396459308312548,BA
2026-06-30,3.290165335871669,BA
2026-06-30,14.575905919728568,BA
2026-06-30,6.127329196274637,BA
2026-06-30,5.541475297094333,BA
2026-06-30,6.430341665839114,BA
2026-06-30,2.8186816746928143,BA
2026-06-30,3.7966873430143586,BA
2026-06-30,0.0,BA
2026-06-30,32.53420138816167,BA
2026-06-30,0.0,BA
2026-06-30,8.694763912101347,BA
2026-06-30,0.0,BA
2026-06-30,20.68789176186022,BA
2026-06-30,0.0,BA
2026-06-30,0.0,BA
2026-06-30,40.858711503122066,BA
2026-06-30,0.0,BA
2026-06-30,39.02311104997077,BA
2026-06-30,0.0,BA
2026-06-30,0.0,BA
2026-06-30,0.0,BA
2026-06-30,10.79983639957256,BA
2026-06-30,2.316399463743195,BA
2026-06-30,19.37135810057025,BA
2026-06-30,5.359628714182248,BA
2026-06-30,8.562220884254243,BA
2026-06-30,2.746507427918612,BA
2026-06-30,16.97770815662944,BA
2026-06-30,9.523724394151772,BA
2026-06-30,1.582197076903689,BA
2026-06-30,4.729016587360269,BA
2026-06-30,16.004907573036554,BA
2026-06-30,7.581084322419963,BA
2026-06-30,13.705598471049985,BA
2026-06-30,7.10585843793246,BA
2026-06-30,13.77564346794872,BA
2026-06-30,4.82500978201774,BA
2026-06-30,0.0,BA
2026-06-30,0.0,BA
2026-06-30,2.0572752686991413,BA
2026-06-30,23.050982714358483,BA
2026-06-30,4.6867215069384764,BA
2026-06-30,10.391408349549856,BA
2026-06-30,1.8237864677399387,BA
2026-06-30,12.20153540838195,BA
2026-06-30,7.388929459271616,BA
2026-06-30,0.0,BA
2026-06-30,4.884554900343524,BA
2026-06-30,14.751252827048337,BA
2026-06-30,7.419752889514659,BA
2026-06-30,6.463482798744757,BA
2026-06-30,8.672240990521273,BA
2026-06-30,0.9335553467645696,BA
2026-06-30,5.959750817032336,BA
2026-06-30,11.5690727338328,BA
2026-06-30,0.5447843262824645,BA
2026-06-30,5.1639171694289905,BA
2026-06-30,33.509219551021374,BA
2026-06-30,10.718832261603788,BA
2026-06-30,22.116760191267723,BA
2026-06-30,4.276654786145852,BA
2026-06-30,30.19689827102804,BA
2026-06-30,11.365978040443325,BA
2026-06-30,1.5701691414546723,BA
2026-06-30,7.973613968021326,BA
2026-06-30,23.304458121271228,BA
2026-06-30,9.079429286622078,BA
2026-06-30,14.396308797362922,BA
2026-06-30,8.60114332503382,BA
2026-06-30,15.697510775168707,BA
2026-06-30,7.5963587082473945,BA
2026-06-30,42.42873706771635,BA
2026-06-30,3.2038690502399345,BA
2026-06-30,2.307249684173488,BA
2026-06-30,19.254857861061332,BA
2026-06-30,4.425883817654513,BA
2026-06-30,9.307594975728344,BA
2026-06-30,2.1496923319232275,BA
2026-06-30,18.520371126056304,BA
2026-06-30,5.38852693650555,BA
2026-06-30,2.504384883918081,BA
2026-06-30,2.3929600190953892,BA
2026-06-30,20.10149544085712,BA
2026-06-30,11.9541138023271,BA
2026-06-30,10.525752131689185,BA
2026-06-30,4.81704193047972,BA
2026-06-30,9.311030512698828,BA
2026-06-30,2.8849483705927104,BA
2026-06-30,100.0,BA
2026-06-30,0.0,BA
2026-06-30,12.946378349824652,BA
2026-06-30,0.0,BA
2026-06-30,14.317096671833744,BA
2026-06-30,25.78081196475036,BA
2026-06-30,76.19654472426745,BA
2026-06-30,71.6526107051643,BA
2026-06-30,0.0,BA
2026-06-30,1.6446732093982193,BA
2026-06-30,24.13506945552111,BA
2026-06-30,0.0,BA
2026-06-30,26.804310728033425,BA
2026-06-30,0.0,BA
2026-06-30,0.0,BA
2026-06-30,7.414545875020513,BA
2026-06-30,6.227664015885107,BA
2026-06-30,0.0,BA
2026-06-30,35.75264036814543,BA
2026-06-30,25.47685412148155,BA
2026-06-30,0.0,BA
2026-06-30,47.518721004967816,BA
2026-06-30,58.153433695043056,BA
2026-06-30,0.0,BA
2026-06-30,37.07799309310605,BA
2026-06-30,1.9019784641867876,BA
2026-06-30,0.0,BA
2026-06-30,0.0,BA
2026-06-30,25.091741132652913,BA
2026-06-30,100.0,BA
2026-06-30,6.685409607272358,BA
2026-06-30,16.253396137468226,BA
2026-06-30,21.186779882039495,BA
2026-06-30,0.0,BA
2026-06-30,18.934767618798897,BA
2026-06-30,0.0,BA
2026-06-30,6.486721053818316,BA
2026-06-30,0.0,BA
2026-06-30,0.0,BA
2026-06-30,44.526141734847805,BA
2026-06-30,21.656849523897435,BA
2026-06-30,50.32466249185751,BA
2026-06-30,2.1053379319771675,BA
2026-06-30,12.315816968772806,BA
2026-06-30,0.0,BA
2026-06-30,0.0,BA
2026-06-30,34.704379434324444,BA
2026-06-30,0.0,BA
2026-06-30,0.0,BA
2026-06-30,23.57830386027788,BA
2026-06-30,3.0176844490129855,BA
2026-06-30,36.53658433584754,BA
2026-06-30,0.0,BA
2026-06-30,41.601123213566105,BA
2026-06-30,100.0,BA
2026-06-30,20.403419389361535,BA
2026-06-30,34.60057543503626,BA
2026-06-30,3.353468488570599,BA
2026-06-30,0.0,BA
2026-06-30,0.4652740996396605,BA
2026-06-30,12.03345195048539,BA
2026-06-30,0.0,BA
2026-06-30,29.038277271164777,BA
2026-06-30,0.0,BA
2026-06-30,34.33212059809692,BA
2026-06-30,38.24995649519382,BA
2026-06-30,0.0,BA
2026-06-30,0.0,BA
2026-06-30,0.0,BA
2026-06-30,0.0,BA
2026-06-30,0.0,BA
2026-06-30,0.0,BA
2026-06-30,0.0,BA
2026-06-30,0.0,BA
2026-06-30,0.0,BA
2026-06-30,0.0,BA
2026-06-30,0.0,BA
2026-06-30,0.0,BA
2026-06-30,0.0,BA
2026-06-30,0.0,BA
2026-06-30,1.595439439357163,CE
2026-06-30,0.21053224985088034,CE
2026-06-30,1.8654004508449487,CE
2026-06-30,16.22837327812289,CE
2026-06-30,76.27577167491816,CE
2026-06-30,0.0,CE
2026-06-30,8.358034703790517,CE
2026-06-30,10.56998832652968,CE
2026-06-30,100.0,CE
2026-06-30,1.7308692348874721,CE
2026-06-30,3.8644670466760274,CE
2026-06-30,13.098297532459094,CE
2026-06-30,9.070039884012973,CE
2026-06-30,7.839791731399698,CE
2026-06-30,0.0,CE
2026-06-30,5.72098021267814,CE
2026-06-30,2.6749197228728625,CE
2026-06-30,3.913316812512134,CE
2026-06-30,8.430154189024114,CE
2026-06-30,5.4257794984250305,CE
2026-06-30,27.11315115167337,CE
2026-06-30,0.0,CE
2026-06-30,5.003483232965328,CE
2026-06-30,0.0,CE
2026-06-30,0.5464900654099939,CE
2026-06-30,0.0,CE
2026-06-30,22.518171645012753,CE
2026-06-30,31.630960405539938,CE
2026-06-30,0.0,CE
2026-06-30,0.8405074250240098,CE
2026-06-30,100.0,CE
2026-06-30,11.61474529457293,CE
2026-06-30,15.848582538886467,CE
2026-06-30,14.180171996264985,CE
2026-06-30,0.0,CE
2026-06-30,0.0,CE
2026-06-30,4.172541831426153,CE
2026-06-30,4.152044020936396,CE
2026-06-30,0.0,CE
2026-06-30,11.51219235933707,CE
2026-06-30,6.968546041921002,CE
2026-06-30,100.0,CE
2026-06-30,6.855374108645572,CE
2026-06-30,12.362162989181266,CE
2026-06-30,0.0,CE
2026-06-30,4.978503049933923,CE
2026-06-30,6.164286846710733,CE
2026-06-30,15.086353101721993,CE
2026-06-30,2.911119314571331,CE
2026-06-30,1.0542369990780076,CE
2026-06-30,0.11268890479620676,CE
2026-06-30,14.42659806494543,CE
2026-06-30,6.025233336436023,CE
2026-06-30,100.0,CE
2026-06-30,1.3998435471105444,CE
2026-06-30,100.0,CE
2026-06-30,6.133857277336851,CE
2026-06-30,0.0,CE
2026-06-30,10.011096414308787,CE
2026-06-30,11.724665795513369,CE
2026-06-30,0.0,CE
2026-06-30,3.091103282912016,CE
2026-06-30,100.0,CE
2026-06-30,9.936756554061997,CE
2026-06-30,0.0,CE
2026-06-30,6.246249380436952,CE
2026-06-30,10.964568719181592,CE
2026-06-30,0.0,CE
2026-06-30,0.0,CE
2026-06-30,4.149936724727878,CE
2026-06-30,0.0,CE
2026-06-30,15.218769959164591,CE
2026-06-30,3.853557089032252,CE
2026-06-30,8.070472648224348,CE
2026-06-30,28.389740524502155,CE
2026-06-30,0.0,CE
2026-06-30,0.0,CE
2026-06-30,43.76712730476534,CE
2026-06-30,0.0,CE
2026-06-30,8.611948039333024,CE
2026-06-30,9.925967942343759,CE
2026-06-30,0.0,CE
2026-06-30,0.0,CE
2026-06-30,6.949651235510067,CE
2026-06-30,0.6624542181166031,CE
2026-06-30,0.0,CE
2026-06-30,4.067534017536914,CE
2026-06-30,0.0,CE
2026-06-30,3.430805599001989,CE
2026-06-30,0.0,CE
2026-06-30,100.0,CE
2026-06-30,100.0,CE
2026-06-30,13.661692294447628,CE
2026-06-30,0.0,CE
2026-06-30,3.05847555902983,CE
2026-06-30,8.415534487856064,CE
2026-06-30,16.88903219318681,CE
2026-06-30,0.7176111680704387,CE
2026-06-30,3.047238974161988,CE
2026-06-30,100.0,CE
2026-06-30,10.550060774418911,CE
2026-06-30,0.0,CE
2026-06-30,14.088363238307986,CE
2026-06-30,100.0,CE
2026-06-30,12.15431379671437,CE
2026-06-30,0.0,CE
2026-06-30,3.3680890155741756,CE
2026-06-30,13.27820174042185,CE
2026-06-30,11.686375315437338,CE
2026-06-30,0.0,CE
2026-06-30,9.797358356142349,CE
2026-06-30,0.0,CE
2026-06-30,6.662611769375874,CE
2026-06-30,0.0,CE
2026-06-30,100.0,CE
2026-06-30,11.402982412980215,CE
2026-06-30,0.0,CE
2026-06-30,0.0,CE
2026-06-30,4.636300064600567,CE
2026-06-30,10.606076625797419,CE
2026-06-30,40.53204443129381,CE
2026-06-30,0.0,CE
2026-06-30,3.2929347094693813,CE
2026-06-30,23.09321567745437,CE
2026-06-30,15.128686669621583,CE
2026-06-30,0.0,CE
2026-06-30,2.69607112829685,CE
2026-06-30,6.02313171936155,CE
2026-06-30,15.147631041271003,CE
2026-06-30,1.5977672888665195,CE
2026-06-30,0.0,CE
2026-06-30,3.4276611500771943,CE
2026-06-30,13.636418218988124,CE
2026-06-30,10.92221474488699,CE
2026-06-30,9.303725461312226,CE
2026-06-30,6.289493735208652,CE
2026-06-30,4.00669008440588,CE
2026-06-30,4.504802284946588,CE
2026-06-30,8.778616965211073,CE
2026-06-30,11.186182430157533,CE
2026-06-30,2.2773384415730797,CE
2026-06-30,5.133126208476925,CE
2026-06-30,28.890464671907907,CE
2026-06-30,55.57003177048737,CE
2026-06-30,0.0,CE
2026-06-30,8.86770030076506,CE
2026-06-30,0.0,CE
2026-06-30,100.0,CE
2026-06-30,9.047779894715527,CE
2026-06-30,0.0,CE
2026-06-30,0.0,CE
2026-06-30,0.0,CE
2026-06-30,14.146062259166106,CE
2026-06-30,5.336474873602074,CE
2026-06-30,0.0,CE
2026-06-30,4.461590324315133,CE
2026-06-30,8.115666091259682,CE
2026-06-30,0.0,CE
2026-06-30,9.50750670638241,CE
2026-06-30,3.7251300475676095,CE
2026-06-30,0.0,CE
2026-06-30,7.255285617676485,CE
2026-06-30,10.128658499302627,CE
2026-06-30,5.610987998631249,CE
2026-06-30,6.73428605149485,CE
2026-06-30,20.76441028091898,CE
2026-06-30,0.4054800285943282,CE
2026-06-30,0.0,CE
2026-06-30,2.1325121698438037,CE
2026-06-30,8.160350070168695,CE
2026-06-30,12.009091548519551,CE
2026-06-30,0.0,CE
2026-06-30,3.6443020056643114,CE
2026-06-30,9.581178534938264,CE
2026-06-30,0.0,CE
2026-06-30,10.806343483940111,CE
2026-06-30,6.526784032163412,CE
2026-06-30,2.726377712078553,CE
2026-06-30,9.998309461082174,CE
2026-06-30,7.770256480102701,CE
2026-06-30,100.0,CE
2026-06-30,11.049297741837284,CE
2026-06-30,0.0,CE
2026-06-30,100.0,CE
2026-06-30,4.282413304405662,CE
2026-06-30,100.0,CE
2026-06-30,8.369623922583958,CE
2026-06-30,0.0,CE
2026-06-30,3.0298037847578545,CE
2026-06-30,14.153274174736591,CE
2026-06-30,9.85499174991222,CE
2026-06-30,0.0,CE
2026-06-30,0.0,CE
2026-06-30,0.0,CE
2026-06-30,0.0,CE
2026-06-30,0.0,CE
2026-06-30,0.0,CE
2026-06-30,0.0,CE
2026-06-30,0.0,CE
2026-06-30,0.0,CE
2026-06-30,0.0,CE
2026-06-30,0.0,CE
2026-06-30,0.0,CE
2026-06-30,0.0,CE
2026-06-30,4.623161236816535,CE
2026-06-30,0.0,CE
2026-06-30,0.0,CE
2026-06-30,0.0,CE
2026-06-30,7.108621758706645,CE
2026-06-30,5.520179541091548,CE
2026-06-30,0.0,CE
2026-06-30,5.780103956383543,CE
2026-06-30,0.4078164700416849,CE
2026-06-30,0.0,CE
2026-06-30,6.725088225858906,CE
2026-06-30,0.0,CE
2026-06-30,6.196249838238047,CE
2026-06-30,0.0,CE
2026-06-30,5.37763714899382,CE
2026-06-30,0.7693968251969602,CE
2026-06-30,0.0,CE
2026-06-30,0.0,CE
2026-06-30,1.7328714542459944,CE
2026-06-30,100.0,CE
2026-06-30,0.0,CE
2026-06-30,4.259788511859554,CE
2026-06-30,0.0,CE
2026-06-30,0.0,CE
2026-06-30,0.0,CE
2026-06-30,0.0,CE
2026-06-30,0.0,CE
2026-06-30,7.347618904343313,CE
2026-06-30,0.0,CE
2026-06-30,2.026753278695807,CE
2026-06-30,7.412205916210872,CE
2026-06-30,8.789896978355676,CE
2026-06-30,2.4322481324971332,CE
2026-06-30,3.5153735599201403,CE
2026-06-30,0.0,CE
2026-06-30,0.0,CE
2026-06-30,0.0,CE
2026-06-30,11.58027988229892,CE
2026-06-30,0.0,CE
2026-06-30,7.59753536095132,CE
2026-06-30,0.0,CE
2026-06-30,0.0,CE
2026-06-30,0.0,CE
2026-06-30,18.96222706089937,CE
2026-06-30,0.0,CE
2026-06-30,0.0,CE
2026-06-30,12.828689191914691,CE
2026-06-30,4.411793022416511,CE
2026-06-30,0.0,CE
2026-06-30,0.0,CE
2026-06-30,0.0,CE
2026-06-30,0.0,CE
2026-06-30,3.645543139032496,CE
2026-06-30,2.4191986609335348,CE
2026-06-30,0.0,CE
2026-06-30,11.20133115719401,CE
2026-06-30,0.0,CE
2026-06-30,0.0,CE
2026-06-30,0.0,CE
2026-06-30,0.0,CE
2026-06-30,0.0,CE
2026-06-30,0.0,CE
2026-06-30,0.0,CE
2026-06-30,0.0,CE
2026-06-30,0.0,CE
2026-06-30,3.3365811134469743,CE
2026-06-30,0.0,CE
2026-06-30,0.0,CE
2026-06-30,0.0,CE
2026-06-30,0.0,CE
2026-06-30,4.457484731700058,CE
2026-06-30,0.0,CE
2026-06-30,0.0,CE
2026-06-30,12.397086530344653,CE
2026-06-30,0.0,CE
2026-06-30,4.118241273247528,CE
2026-06-30,0.0,CE
2026-06-30,97.23827684992136,CE
2026-06-30,0.0,CE
2026-06-30,0.0,CE
2026-06-30,9.30754948699737,CE
2026-06-30,0.0,CE
2026-06-30,0.0,CE
2026-06-30,0.0,CE
2026-06-30,0.0,CE
2026-06-30,0.0,CE
2026-06-30,4.03876319995023,CE
2026-06-30,0.0,CE
2026-06-30,0.0,CE
2026-06-30,0.0,CE
2026-06-30,1.308461735294725,CE
2026-06-30,0.0,CE
2026-06-30,1.3709420454139845,CE
2026-06-30,4.734892782549104,CE
2026-06-30,0.0,CE
2026-06-30,0.0,CE
2026-06-30,0.0,CE
2026-06-30,0.0,CE
2026-06-30,0.0,CE
2026-06-30,0.0,CE
2026-06-30,0.0,CE
2026-06-30,1.6304154712084333,CE
2026-06-30,2.601455097938418,CE
2026-06-30,0.0,CE
2026-06-30,12.887453765846043,CE
2026-06-30,0.0,CE
2026-06-30,0.0,CE
2026-06-30,9.290641227179384,CE
2026-06-30,0.0,CE
2026-06-30,0.0,CE
2026-06-30,0.0,CE
2026-06-30,0.0,CE
2026-06-30,1.971664232742068,CE
2026-06-30,18.399111953462853,CE
2026-06-30,0.26169588118576304,CE
2026-06-30,3.481696898654169,CE
2026-06-30,2.6943115823688477,CE
2026-06-30,22.255333775845813,CE
2026-06-30,3.149224320946113,CE
2026-06-30,0.0,CE
2026-06-30,1.5184678956917683,CE
2026-06-30,11.264125715278963,CE
2026-06-30,6.7895907493574645,CE
2026-06-30,14.26528968415888,CE
2026-06-30,4.589021157374561,CE
2026-06-30,1.5425545193815515,CE
2026-06-30,3.4230546167471565,CE
2026-06-30,23.142324388451428,CE
2026-06-30,2.9498977049549078,CE
2026-06-30,32.55809763783025,CE
2026-06-30,5.190749524265551,CE
2026-06-30,3.8628054028070546,CE
2026-06-30,1.38032240851392,CE
2026-06-30,15.649513404725413,CE
2026-06-30,8.189439328875528,CE
2026-06-30,7.715851204549818,CE
2026-06-30,3.4794268194846123,CE
2026-06-30,16.554011394623597,CE
2026-06-30,5.935201592881844,CE
2026-06-30,6.660572137026309,CE
2026-06-30,6.655229059237705,CE
2026-06-30,3.5335896009268017,CE
2026-06-30,3.9623662050593174,CE
2026-06-30,0.0,CE
2026-06-30,0.34635106430744267,CE
2026-06-30,24.489723936608836,CE
2026-06-30,3.573286619741731,CE
2026-06-30,4.693503046202899,CE
2026-06-30,1.625880888924865,CE
2026-06-30,12.254822900980928,CE
2026-06-30,4.989148226078931,CE
2026-06-30,2.203469093169403,CE
2026-06-30,2.143662674198831,CE
2026-06-30,10.7279053778536,CE
2026-06-30,4.757066217953945,CE
2026-06-30,4.179207358881573,CE
2026-06-30,4.160196620016178,CE
2026-06-30,10.095936437789637,CE
2026-06-30,2.4673850644310527,CE
2026-06-30,0.0,CE
2026-06-30,0.0,CE
2026-06-30,69.33684702254641,CE
2026-06-30,0.0,CE
2026-06-30,0.0,CE
2026-06-30,2.9150517709983643,CE
2026-06-30,61.39189568350636,CE
2026-06-30,0.0,CE
2026-06-30,0.0,CE
2026-06-30,0.0,CE
2026-06-30,0.0,CE
2026-06-30,2.237217142973165,CE
2026-06-30,0.0,CE
2026-06-30,0.0,CE
2026-06-30,0.0,CE
2026-06-30,15.967209564105413,CE
2026-06-30,2.761576411343029,CE
2026-06-30,20.8992868333513,CE
2026-06-30,4.836795426420602,CE
2026-06-30,3.6062686886841258,CE
2026-06-30,1.0145399263371895,CE
2026-06-30,18.380684274134758,CE
2026-06-30,6.791748050653788,CE
2026-06-30,10.941440629887257,CE
2026-06-30,3.879357783358254,CE
2026-06-30,12.93521375187227,CE
2026-06-30,4.484963658187208,CE
2026-06-30,8.088658651782701,CE
2026-06-30,6.688588994388427,CE
2026-06-30,3.8851244727032745,CE
2026-06-30,4.74775399616788,CE
2026-06-30,0.0,CE
2026-06-30,0.0,CE
2026-06-30,3.409187655018807,CE
2026-06-30,18.814771352582508,CE
2026-06-30,5.740968493500648,CE
2026-06-30,3.8357507894753,CE
2026-06-30,1.979789737877977,CE
2026-06-30,16.425511803706446,CE
2026-06-30,4.988057975629664,CE
2026-06-30,0.0,CE
2026-06-30,6.877790080621718,CE
2026-06-30,9.123393273542998,CE
2026-06-30,4.7821475164709675,CE
2026-06-30,12.480178609483177,CE
2026-06-30,4.993112748043376,CE
2026-06-30,0.0,CE
2026-06-30,6.171912063299621,CE
2026-06-30,23.884970453510814,CE
2026-06-30,10.241100912598982,CE
2026-06-30,35.660160190720326,CE
2026-06-30,8.202221997784578,CE
2026-06-30,11.462861256535396,CE
2026-06-30,4.045107784022389,CE
2026-06-30,29.026029290627548,CE
2026-06-30,8.376060722709719,CE
2026-06-30,13.520899752172037,CE
2026-06-30,5.890580204701468,CE
2026-06-30,22.0871964552629,CE
2026-06-30,8.01476847195742,CE
2026-06-30,16.001899036354448,CE
2026-06-30,6.902468370722251,CE
2026-06-30,7.0874886144854194,CE
2026-06-30,6.617331439490927,CE
2026-06-30,58.471885010243696,CE
2026-06-30,0.0,CE
2026-06-30,0.0,CE
2026-06-30,2.268785189088265,CE
2026-06-30,17.336553301530603,CE
2026-06-30,1.7949642845925522,CE
2026-06-30,2.430719102818036,CE
2026-06-30,1.595245327649702,CE
2026-06-30,15.565186198938871,CE
2026-06-30,7.23586663500557,CE
2026-06-30,9.132934885498905,CE
2026-06-30,1.9631109282649692,CE
2026-06-30,8.862191849788886,CE
2026-06-30,4.7158824203714715,CE
2026-06-30,11.915377607945906,CE
2026-06-30,3.588543283317673,CE
2026-06-30,8.049946409106008,CE
2026-06-30,3.0693787750663137,CE
2026-06-30,0.0,CE
2026-06-30,99.78529599061021,CE
2026-06-30,11.304531165972524,CE
2026-06-30,62.84198563884197,CE
2026-06-30,33.874112732678654,CE
2026-06-30,0.0,CE
2026-06-30,0.0,CE
2026-06-30,5.36073673872473,CE
2026-06-30,23.624143454196897,CE
2026-06-30,0.0,CE
2026-06-30,39.96748231867149,CE
2026-06-30,88.44350373869894,CE
2026-06-30,100.0,CE
2026-06-30,4.375910901509399,CE
2026-06-30,98.2549063810995,CE
2026-06-30,0.0,CE
2026-06-30,29.40415798673251,CE
2026-06-30,17.641660559587315,CE
2026-06-30,26.4835990303653,CE
2026-06-30,0.6081283426105194,CE
2026-06-30,100.0,CE
2026-06-30,28.24197868755039,CE
2026-06-30,45.76536996449659,CE
2026-06-30,0.0,CE
2026-06-30,0.0,CE
2026-06-30,6.969094771865719,CE
2026-06-30,15.342050565139415,CE
2026-06-30,0.0,CE
2026-06-30,39.08272642169794,CE
2026-06-30,0.0,CE
2026-06-30,100.0,CE
2026-06-30,13.857076888674255,CE
2026-06-30,86.87549423703057,CE
2026-06-30,12.650024719766813,CE
2026-06-30,33.068890028547216,CE
2026-06-30,0.0,CE
2026-06-30,38.46752061523326,CE
2026-06-30,0.0,CE
2026-06-30,100.0,CE
2026-06-30,52.393162100255,CE
2026-06-30,100.0,CE
2026-06-30,6.630144950542154,CE
2026-06-30,57.810042795724435,CE
2026-06-30,27.221296021081848,CE
2026-06-30,100.0,CE
2026-06-30,7.458511866498401,CE
2026-06-30,33.588954094164244,CE
2026-06-30,100.0,CE
2026-06-30,56.10012157157046,CE
2026-06-30,100.0,CE
2026-06-30,100.0,CE
2026-06-30,29.981236164723857,CE
2026-06-30,100.0,CE
2026-06-30,71.50223147938198,CE
2026-06-30,0.0,CE
2026-06-30,6.2381830168676,CE
2026-06-30,12.67078418465671,CE
2026-06-30,0.0,CE
2026-06-30,41.89987710933988,CE
2026-06-30,0.0,CE
2026-06-30,59.66355165437025,CE
2026-06-30,0.0,CE
2026-06-30,0.0,CE
2026-06-30,0.0,CE
2026-06-30,0.0,CE
2026-06-30,0.0,CE
2026-06-30,0.0,CE
2026-06-30,0.0,CE
2026-06-30,100.0,CE
2026-06-30,0.0,CE
2026-06-30,0.0,CE
2026-06-30,0.0,CE
2026-06-30,0.0,CE
2026-06-30,0.0,CE
2026-06-30,0.0,DF
2026-06-30,0.24495324779394514,DF
2026-06-30,6.655400685881872,DF
2026-06-30,3.244156081695372,DF
2026-06-30,3.813624578192227,DF
2026-06-30,3.986694070810685,DF
2026-06-30,0.0,DF
2026-06-30,1.4693171022946432,DF
2026-06-30,4.793027843170001,DF
2026-06-30,4.602665912653874,DF
2026-06-30,0.0,DF
2026-06-30,0.25350288483725464,DF
2026-06-30,1.2401897504335018,DF
2026-06-30,0.0,DF
2026-06-30,0.22045507692176722,DF
2026-06-30,7.201586846825156,DF
2026-06-30,0.0,DF
2026-06-30,8.886119382858906,DF
2026-06-30,4.972604689808991,DF
2026-06-30,0.0,DF
2026-06-30,0.0,DF
2026-06-30,3.885323280100087,DF
2026-06-30,3.2979033337677466,DF
2026-06-30,0.7368599050123248,DF
2026-06-30,21.942225888689283,DF
2026-06-30,0.0,DF
2026-06-30,5.42830701394217,DF
2026-06-30,36.22223278282002,DF
2026-06-30,5.379819273448528,DF
2026-06-30,0.6913232552438676,DF
2026-06-30,17.43571117507218,DF
2026-06-30,0.0,DF
2026-06-30,0.0,DF
2026-06-30,4.263628712178385,DF
2026-06-30,0.0,DF
2026-06-30,0.0,DF
2026-06-30,0.0,DF
2026-06-30,4.8601968743266255,DF
2026-06-30,0.0,DF
2026-06-30,14.257051975030446,DF
2026-06-30,0.0,DF
2026-06-30,0.0,DF
2026-06-30,4.059189273881319,DF
2026-06-30,20.95910846321659,DF
2026-06-30,13.901383901521077,DF
2026-06-30,0.0,DF
2026-06-30,9.328839174747603,DF
2026-06-30,0.0,DF
2026-06-30,8.695515646536053,DF
2026-06-30,0.0,DF
2026-06-30,3.9175947258529598,DF
2026-06-30,6.010854916686122,DF
2026-06-30,11.169973239316008,DF
2026-06-30,16.87600726230296,DF
2026-06-30,0.0,DF
2026-06-30,0.0,DF
2026-06-30,0.0,DF
2026-06-30,14.530773401533267,DF
2026-06-30,2.564342913757149,DF
2026-06-30,0.0,DF
2026-06-30,0.36561509137192927,DF
2026-06-30,11.851153978847693,DF
2026-06-30,0.0,DF
2026-06-30,0.0,DF
2026-06-30,1.190217379350821,DF
2026-06-30,15.45147411791287,DF
2026-06-30,3.6246678407772785,DF
2026-06-30,100.0,DF
2026-06-30,11.56987342638104,DF
2026-06-30,0.0,DF
2026-06-30,32.12278393230658,DF
2026-06-30,2.2592113865523626,DF
2026-06-30,0.0,DF
2026-06-30,10.361749546214085,DF
2026-06-30,7.009393446851947,DF
2026-06-30,0.0,DF
2026-06-30,16.03599403764543,DF
2026-06-30,5.4466505637421125,DF
2026-06-30,0.0,DF
2026-06-30,0.0,DF
2026-06-30,10.931742403347046,DF
2026-06-30,3.4597347593066985,DF
2026-06-30,8.181003917265576,DF
2026-06-30,25.38775828810671,DF
2026-06-30,100.0,DF
2026-06-30,0.0,DF
2026-06-30,0.0,DF
2026-06-30,33.266614929117786,DF
2026-06-30,0.0,DF
2026-06-30,21.715506999300555,DF
2026-06-30,0.0,DF
2026-06-30,0.0,DF
2026-06-30,0.0,DF
2026-06-30,0.0,DF
2026-06-30,9.628511827472899,DF
2026-06-30,0.0,DF
2026-06-30,3.225985123877659,DF
2026-06-30,0.0,DF
2026-06-30,1.2816603841390704,DF
2026-06-30,0.0,DF
2026-06-30,0.0,DF
2026-06-30,0.0,DF
2026-06-30,0.012634001767841197,DF
2026-06-30,100.0,DF
2026-06-30,2.72515035215693,DF
2026-06-30,0.0,DF
2026-06-30,0.0,DF
2026-06-30,0.0,DF
2026-06-30,16.155138174211935,DF
2026-06-30,0.0,DF
2026-06-30,2.6993460806973295,DF
2026-06-30,0.0,DF
2026-06-30,0.0,DF
2026-06-30,14.393958524696282,DF
2026-06-30,16.39210014818266,DF
2026-06-30,0.0,DF
2026-06-30,0.0,DF
2026-06-30,25.33075905356758,DF
2026-06-30,100.0,DF
2026-06-30,5.873470636891636,DF
2026-06-30,0.0,DF
2026-06-30,4.218301823802195,DF
2026-06-30,0.0,DF
2026-06-30,1.796230526008602,DF
2026-06-30,11.797545905124132,DF
2026-06-30,0.0,DF
2026-06-30,0.0,DF
2026-06-30,11.863055613319021,DF
2026-06-30,0.0,DF
2026-06-30,7.102722497067503,DF
2026-06-30,0.0,DF
2026-06-30,8.38488700179891,DF
2026-06-30,0.0,DF
2026-06-30,5.5575461063041605,DF
2026-06-30,14.732104999651588,DF
2026-06-30,9.2421073011114,DF
2026-06-30,0.0,DF
2026-06-30,0.0,DF
2026-06-30,0.6826372179869432,DF
2026-06-30,0.0,DF
2026-06-30,16.083320222798825,DF
2026-06-30,2.5461082165093916,DF
2026-06-30,16.159357196574614,DF
2026-06-30,15.101093814195336,DF
2026-06-30,0.0,DF
2026-06-30,4.154531451346782,DF
2026-06-30,7.296534084374591,DF
2026-06-30,9.089171994488929,DF
2026-06-30,0.0,DF
2026-06-30,0.0,DF
2026-06-30,7.22888295526173,DF
2026-06-30,0.0,DF
2026-06-30,14.685934664372063,DF
2026-06-30,5.237168343573018,DF
2026-06-30,0.0,DF
2026-06-30,0.0,DF
2026-06-30,0.0,DF
2026-06-30,0.0,DF
2026-06-30,5.336919942583781,DF
2026-06-30,70.4937454046095,DF
2026-06-30,3.057222552381732,DF
2026-06-30,0.0,DF
2026-06-30,4.550080143778825,DF
2026-06-30,24.435714252563415,DF
2026-06-30,0.0,DF
2026-06-30,19.635413791604957,DF
2026-06-30,14.420622206919784,DF
2026-06-30,8.204332936778515,DF
2026-06-30,0.0,DF
2026-06-30,0.0,DF
2026-06-30,0.0,DF
2026-06-30,54.061803277092466,DF
2026-06-30,4.894126917131383,DF
2026-06-30,100.0,DF
2026-06-30,15.121362671500657,DF
2026-06-30,0.0,DF
2026-06-30,0.0,DF
2026-06-30,0.0,DF
2026-06-30,0.0,DF
2026-06-30,5.526613696744533,DF
2026-06-30,0.0,DF
2026-06-30,100.0,DF
2026-06-30,4.074531833262489,DF
2026-06-30,0.0,DF
2026-06-30,0.0,DF
2026-06-30,47.19729083856713,DF
2026-06-30,5.554424983595263,DF
2026-06-30,10.364159472346627,DF
2026-06-30,0.0,DF
2026-06-30,0.0,DF
2026-06-30,21.011285558338148,DF
2026-06-30,8.761550594709904,DF
2026-06-30,0.0,DF
2026-06-30,7.7290817139811185,DF
2026-06-30,0.0,DF
2026-06-30,0.0,DF
2026-06-30,6.693931907769564,DF
2026-06-30,6.7111791990111165,DF
2026-06-30,4.648952097190265,DF
2026-06-30,16.553822532228594,DF
2026-06-30,10.77946271354232,DF
2026-06-30,0.0,DF
2026-06-30,28.91504412079356,DF
2026-06-30,0.32463223862490703,DF
2026-06-30,0.0,DF
2026-06-30,0.9028802958544708,DF
2026-06-30,0.0,DF
2026-06-30,4.650133266373819,DF
2026-06-30,100.0,DF
2026-06-30,0.0,DF
2026-06-30,3.13735841859934,DF
2026-06-30,0.0,DF
2026-06-30,3.4425744781979226,DF
2026-06-30,0.0,DF
2026-06-30,100.0,DF
2026-06-30,4.7359425190760245,DF
2026-06-30,0.0,DF
2026-06-30,0.0,DF
2026-06-30,6.413668192906245,DF
2026-06-30,0.0,DF
2026-06-30,1.7024174553350084,DF
2026-06-30,14.4938176271135,DF
2026-06-30,0.0,DF
2026-06-30,4.837481695313578,DF
2026-06-30,0.0,DF
2026-06-30,2.4497679034120274,DF
2026-06-30,5.189728838999718,DF
2026-06-30,0.0,DF
2026-06-30,0.0,DF
2026-06-30,0.0,DF
2026-06-30,5.124008788951979,DF
2026-06-30,0.0,DF
2026-06-30,0.0,DF
2026-06-30,2.591729208534911,DF
2026-06-30,100.0,DF
2026-06-30,2.2573521722898455,DF
2026-06-30,28.783088118336714,DF
2026-06-30,0.0,DF
2026-06-30,0.0,DF
2026-06-30,0.0,DF
2026-06-30,0.0,DF
2026-06-30,0.0,DF
2026-06-30,0.0,DF
2026-06-30,34.26910968075175,DF
2026-06-30,0.0,DF
2026-06-30,0.0,DF
2026-06-30,0.0,DF
2026-06-30,0.0,DF
2026-06-30,0.0,DF
2026-06-30,0.0,DF
2026-06-30,0.0,DF
2026-06-30,0.0,DF
2026-06-30,34.13298358403903,DF
2026-06-30,0.0,DF
2026-06-30,7.115696966769063,DF
2026-06-30,0.0,DF
2026-06-30,0.0,DF
2026-06-30,0.0,DF
2026-06-30,0.0,DF
2026-06-30,0.0,DF
2026-06-30,7.318928243898778,DF
2026-06-30,0.0,DF
2026-06-30,0.0,DF
2026-06-30,66.11239576632121,DF
2026-06-30,26.48421261105826,DF
2026-06-30,0.0,DF
2026-06-30,31.150889932134028,DF
2026-06-30,35.08967997917537,DF
2026-06-30,0.0,DF
2026-06-30,0.0,DF
2026-06-30,5.659638035373099,DF
2026-06-30,0.0,DF
2026-06-30,0.0,DF
2026-06-30,0.0,DF
2026-06-30,0.0,DF
2026-06-30,0.0,DF
2026-06-30,22.486641634695154,DF
2026-06-30,0.0,DF
2026-06-30,0.0,DF
2026-06-30,4.8615020120058094,DF
2026-06-30,0.0,DF
2026-06-30,29.59414174329138,DF
2026-06-30,0.0,DF
2026-06-30,12.701856086132256,DF
2026-06-30,7.565844323044732,DF
2026-06-30,0.0,DF
2026-06-30,0.0,DF
2026-06-30,0.0,DF
2026-06-30,0.0,DF
2026-06-30,0.0,DF
2026-06-30,0.0,DF
2026-06-30,0.0,DF
2026-06-30,0.0,DF
2026-06-30,0.0,DF
2026-06-30,0.0,DF
2026-06-30,0.0,DF
2026-06-30,0.0,DF
2026-06-30,0.0,DF
2026-06-30,54.13705583337563,DF
2026-06-30,0.0,DF
2026-06-30,0.0,DF
2026-06-30,0.0,DF
2026-06-30,0.0,DF
2026-06-30,19.567023403711488,DF
2026-06-30,65.42761684876294,DF
2026-06-30,6.831517485978715,DF
2026-06-30,25.467066700904407,DF
2026-06-30,0.0,DF
2026-06-30,0.0,DF
2026-06-30,16.680685222718665,DF
2026-06-30,9.091490582905022,DF
2026-06-30,0.0,DF
2026-06-30,9.260580196668473,DF
2026-06-30,12.747840307476812,DF
2026-06-30,0.0,DF
2026-06-30,0.0,DF
2026-06-30,28.690894237833177,DF
2026-06-30,0.0,DF
2026-06-30,0.0,DF
2026-06-30,28.74817079241014,DF
2026-06-30,0.0,DF
2026-06-30,0.0,DF
2026-06-30,0.0,DF
2026-06-30,0.0,DF
2026-06-30,0.0,DF
2026-06-30,0.0,DF
2026-06-30,100.0,DF
2026-06-30,1.6698780122130823,DF
2026-06-30,0.0,DF
2026-06-30,0.0,DF
2026-06-30,0.0,DF
2026-06-30,44.77886748738489,DF
2026-06-30,6.7934553848496115,DF
2026-06-30,11.25495430192226,DF
2026-06-30,0.0,DF
2026-06-30,0.0,DF
2026-06-30,15.39336051330954,DF
2026-06-30,0.0,DF
2026-06-30,10.546523490513007,DF
2026-06-30,10.863022516455475,DF
2026-06-30,0.0,DF
2026-06-30,4.070516389778947,DF
2026-06-30,14.143382994816896,DF
2026-06-30,39.574437090830166,DF
2026-06-30,0.0,DF
2026-06-30,0.8539681341858707,DF
2026-06-30,0.0,DF
2026-06-30,0.0,DF
2026-06-30,0.0,DF
2026-06-30,0.0,DF
2026-06-30,0.0,DF
2026-06-30,0.0,DF
2026-06-30,0.0,DF
2026-06-30,0.0,DF
2026-06-30,0.0,DF
2026-06-30,0.0,DF
2026-06-30,0.0,DF
2026-06-30,1.4666581363459354,DF
2026-06-30,0.0,DF
2026-06-30,0.0,DF
2026-06-30,0.0,DF
2026-06-30,0.0,DF
2026-06-30,16.66756097908079,DF
2026-06-30,0.0,DF
2026-06-30,5.78895350508083,DF
2026-06-30,20.54897819606699,DF
2026-06-30,1.4127185456337596,DF
2026-06-30,0.7351087682013752,DF
2026-06-30,18.26754627049136,DF
2026-06-30,4.817027442029346,DF
2026-06-30,3.4555469282772666,DF
2026-06-30,0.6649516802836615,DF
2026-06-30,17.287966290528516,DF
2026-06-30,7.505586148223865,DF
2026-06-30,5.639349958772425,DF
2026-06-30,0.27942009977879434,DF
2026-06-30,21.274643346648514,DF
2026-06-30,5.535995109754348,DF
2026-06-30,6.958664437800202,DF
2026-06-30,4.662215031258516,DF
2026-06-30,13.73811965012347,DF
2026-06-30,1.08146750727645,DF
2026-06-30,100.0,DF
2026-06-30,0.0,DF
2026-06-30,5.6662717154857845,DF
2026-06-30,29.443611366958084,DF
2026-06-30,6.3259793080385744,DF
2026-06-30,3.2173747649617335,DF
2026-06-30,1.6477090975839972,DF
2026-06-30,25.599890769185013,DF
2026-06-30,12.623150816540571,DF
2026-06-30,7.443198379841849,DF
2026-06-30,1.915277702973486,DF
2026-06-30,26.4665918611431,DF
2026-06-30,10.593995489405815,DF
2026-06-30,13.966201074618198,DF
2026-06-30,8.621660818363862,DF
2026-06-30,2.341449107474179,DF
2026-06-30,5.874880552920473,DF
2026-06-30,0.0,DF
2026-06-30,0.0,DF
2026-06-30,0.9758684117885826,DF
2026-06-30,26.014204026859062,DF
2026-06-30,4.278665895540986,DF
2026-06-30,7.030246591150273,DF
2026-06-30,2.055571172100894,DF
2026-06-30,28.39787195072663,DF
2026-06-30,6.304318617392039,DF
2026-06-30,18.131701658219015,DF
2026-06-30,1.8390698867705626,DF
2026-06-30,22.873447001274585,DF
2026-06-30,7.445116928131752,DF
2026-06-30,11.837619140779726,DF
2026-06-30,5.279860524629735,DF
2026-06-30,9.191827282932563,DF
2026-06-30,2.9678428439419564,DF
2026-06-30,0.0,DF
2026-06-30,0.0,DF
2026-06-30,4.53330574703996,DF
2026-06-30,6.699278888192367,DF
2026-06-30,0.0,DF
2026-06-30,53.432711072881965,DF
2026-06-30,0.0,DF
2026-06-30,0.0,DF
2026-06-30,0.0,DF
2026-06-30,27.653079861332618,DF
2026-06-30,6.639653305051624,DF
2026-06-30,4.62655973177376,DF
2026-06-30,0.5271674410445856,DF
2026-06-30,33.35105601346567,DF
2026-06-30,0.0,DF
2026-06-30,8.568892153837137,DF
2026-06-30,1.6573158626985371,DF
2026-06-30,30.364363836735876,DF
2026-06-30,3.6398353877862952,DF
2026-06-30,4.111462830607614,DF
2026-06-30,1.3257683060284586,DF
2026-06-30,25.261066527300045,DF
2026-06-30,8.055713212116222,DF
2026-06-30,4.588457416433597,DF
2026-06-30,1.8565398867675702,DF
2026-06-30,17.519968614376197,DF
2026-06-30,3.9007333153413564,DF
2026-06-30,11.218752938498163,DF
2026-06-30,6.033977051893184,DF
2026-06-30,2.4930697064745915,DF
2026-06-30,5.795010639582507,DF
2026-06-30,12.741707836542378,DF
2026-06-30,0.0,DF
2026-06-30,13.727251653738001,DF
2026-06-30,4.136253237358326,DF
2026-06-30,23.10941502354335,DF
2026-06-30,7.253843444353059,DF
2026-06-30,1.3325239139979042,DF
2026-06-30,2.1461918376660467,DF
2026-06-30,21.851303282055422,DF
2026-06-30,8.240503687066084,DF
2026-06-30,84.15818206402918,DF
2026-06-30,6.624094519153265,DF
2026-06-30,21.298780910596008,DF
2026-06-30,9.939411403340213,DF
2026-06-30,8.762532157635693,DF
2026-06-30,7.863662946107762,DF
2026-06-30,1.735733553915372,DF
2026-06-30,5.359886351224587,DF
2026-06-30,0.0,DF
2026-06-30,4.319451722858952,DF
2026-06-30,35.65864594650638,DF
2026-06-30,8.552368745882703,DF
2026-06-30,8.743670725138701,DF
2026-06-30,4.349132396855971,DF
2026-06-30,34.041550712854665,DF
2026-06-30,9.912688612572381,DF
2026-06-30,11.866285658489549,DF
2026-06-30,2.4611777033668814,DF
2026-06-30,24.227122155176055,DF
2026-06-30,8.352424189775041,DF
2026-06-30,16.4951075482593,DF
2026-06-30,6.759674141928904,DF
2026-06-30,7.656752874713839,DF
2026-06-30,4.85862879444629,DF
2026-06-30,51.10578757209219,DF
2026-06-30,0.0,DF
2026-06-30,0.0,DF
2026-06-30,0.24166436173826317,DF
2026-06-30,17.664034311068516,DF
2026-06-30,2.120206858339495,DF
2026-06-30,3.4635347469554336,DF
2026-06-30,1.1978939950156358,DF
2026-06-30,15.111977810732855,DF
2026-06-30,5.241718964786872,DF
2026-06-30,5.502292231009745,DF
2026-06-30,0.9122225620290043,DF
2026-06-30,22.299925269133894,DF
2026-06-30,5.700929377060558,DF
2026-06-30,9.647121966960796,DF
2026-06-30,3.242075180545903,DF
2026-06-30,8.225238446511808,DF
2026-06-30,1.8527446506464849,DF
2026-06-30,0.0,DF
2026-06-30,0.0,DF
2026-06-30,5.838651044478689,DF
2026-06-30,0.0,DF
2026-06-30,0.0,DF
2026-06-30,12.555216527547497,DF
2026-06-30,0.0,DF
2026-06-30,25.826002674616905,DF
2026-06-30,13.848938354833166,DF
2026-06-30,21.322929846759454,DF
2026-06-30,0.0,DF
2026-06-30,0.0,DF
2026-06-30,8.00484381730203,DF
2026-06-30,0.0,DF
2026-06-30,58.828192621406686,DF
2026-06-30,0.0,DF
2026-06-30,0.0,DF
2026-06-30,0.0,DF
2026-06-30,13.462500603170009,DF
2026-06-30,0.0,DF
2026-06-30,0.0,DF
2026-06-30,0.0,DF
2026-06-30,2.1475677235834882,DF
2026-06-30,0.0,DF
2026-06-30,0.0,DF
2026-06-30,18.363964521576822,DF
2026-06-30,0.0,DF
2026-06-30,0.0,DF
2026-06-30,0.0,DF
2026-06-30,2.54067150035274,DF
2026-06-30,0.0,DF
2026-06-30,0.0,DF
2026-06-30,0.0,DF
2026-06-30,0.0,DF
2026-06-30,22.432892915379853,DF
2026-06-30,10.09747161504571,DF
2026-06-30,0.0,DF
2026-06-30,50.802538444770725,DF
2026-06-30,56.06734831409271,DF
2026-06-30,0.0,DF
2026-06-30,21.71099928109274,DF
2026-06-30,74.33815876620304,DF
2026-06-30,0.0,DF
2026-06-30,0.0,DF
2026-06-30,2.6887805487629723,DF
2026-06-30,0.0,DF
2026-06-30,0.0,DF
2026-06-30,0.0,DF
2026-06-30,0.0,DF
2026-06-30,0.0,DF
2026-06-30,0.0,DF
2026-06-30,0.0,DF
2026-06-30,0.0,DF
2026-06-30,0.0,DF
2026-06-30,0.0,DF
2026-06-30,0.0,DF
2026-06-30,0.0,DF
2026-06-30,0.0,DF
2026-06-30,0.0,DF
2026-06-30,0.0,DF
2026-06-30,0.0,DF
2026-06-30,0.0,DF
2026-06-30,0.0,DF
2026-06-30,0.0,DF
2026-06-30,0.0,ES
2026-06-30,6.009107167585473,ES
2026-06-30,1.0238675490552522,ES
2026-06-30,8.031612499221758,ES
2026-06-30,0.0,ES
2026-06-30,10.609248155759431,ES
2026-06-30,1.391258303096161,ES
2026-06-30,7.233298799225126,ES
2026-06-30,2.577583342349173,ES
2026-06-30,0.0,ES
2026-06-30,3.345858168937766,ES
2026-06-30,3.0334213600786692,ES
2026-06-30,0.0,ES
2026-06-30,6.67696247328011,ES
2026-06-30,1.7811578034943356,ES
2026-06-30,5.1431401297439825,ES
2026-06-30,3.496293969115949,ES
2026-06-30,2.3795573129952343,ES
2026-06-30,5.223064431096442,ES
2026-06-30,84.78354132204262,ES
2026-06-30,0.0,ES
2026-06-30,0.0,ES
2026-06-30,2.457490730624641,ES
2026-06-30,0.0,ES
2026-06-30,5.429259529677668,ES
2026-06-30,0.4269181460891726,ES
2026-06-30,0.0,ES
2026-06-30,19.645435954440774,ES
2026-06-30,2.3277156468904816,ES
2026-06-30,2.085205375309872,ES
2026-06-30,3.386421191786071,ES
2026-06-30,0.0,ES
2026-06-30,0.0,ES
2026-06-30,0.0,ES
2026-06-30,18.744933677067856,ES
2026-06-30,0.0,ES
2026-06-30,1.2581418894487828,ES
2026-06-30,0.0,ES
2026-06-30,0.0,ES
2026-06-30,2.9514575002259233,ES
2026-06-30,6.6304471396812295,ES
2026-06-30,0.0,ES
2026-06-30,0.0,ES
2026-06-30,9.762105850415924,ES
2026-06-30,0.0,ES
2026-06-30,17.838312916362987,ES
2026-06-30,0.0,ES
2026-06-30,0.0,ES
2026-06-30,0.0,ES
2026-06-30,5.239039052172635,ES
2026-06-30,0.0,ES
2026-06-30,0.0,ES
2026-06-30,8.047477485768596,ES
2026-06-30,0.0,ES
2026-06-30,0.0,ES
2026-06-30,3.286163891057746,ES
2026-06-30,5.593638756916188,ES
2026-06-30,10.939212539608539,ES
2026-06-30,0.0,ES
2026-06-30,0.5874997837832567,ES
2026-06-30,0.0,ES
2026-06-30,3.506669524965067,ES
2026-06-30,1.461686049344173,ES
2026-06-30,14.051992877149319,ES
2026-06-30,14.853245984376526,ES
2026-06-30,2.229785180398133,ES
2026-06-30,1.3597902400333972,ES
2026-06-30,0.0,ES
2026-06-30,11.424700106032402,ES
2026-06-30,5.526255636191081,ES
2026-06-30,0.0,ES
2026-06-30,0.0,ES
2026-06-30,0.0,ES
2026-06-30,2.7297586111369117,ES
2026-06-30,6.971016647951357,ES
2026-06-30,0.0,ES
2026-06-30,0.0,ES
2026-06-30,100.0,ES
2026-06-30,6.712248767872878,ES
2026-06-30,5.6024617246555914,ES
2026-06-30,0.0,ES
2026-06-30,100.0,ES
2026-06-30,3.3895558842514886,ES
2026-06-30,0.0,ES
2026-06-30,0.0,ES
2026-06-30,11.917405452646438,ES
2026-06-30,0.0,ES
2026-06-30,0.0,ES
2026-06-30,0.0,ES
2026-06-30,2.240498209773479,ES
2026-06-30,5.511178904304447,ES
2026-06-30,9.035202930251549,ES
2026-06-30,0.0,ES
2026-06-30,0.0,ES
2026-06-30,17.696833978886005,ES
2026-06-30,0.0,ES
2026-06-30,0.0,ES
2026-06-30,8.726646383374051,ES
2026-06-30,0.0,ES
2026-06-30,0.0,ES
2026-06-30,0.0,ES
2026-06-30,2.584204890895874,ES
2026-06-30,0.0,ES
2026-06-30,0.0,ES
2026-06-30,0.0,ES
2026-06-30,0.0,ES
2026-06-30,0.0,ES
2026-06-30,0.0,ES
2026-06-30,0.0,ES
2026-06-30,0.0,ES
2026-06-30,1.558313757245274,ES
2026-06-30,0.0,ES
2026-06-30,0.0,ES
2026-06-30,0.0,ES
2026-06-30,3.525645750797273,ES
2026-06-30,0.0,ES
2026-06-30,0.0,ES
2026-06-30,11.160790726669688,ES
2026-06-30,1.3266289218784684,ES
2026-06-30,1.0339885677777663,ES
2026-06-30,100.0,ES
2026-06-30,2.93928660033293,ES
2026-06-30,0.0,ES
2026-06-30,11.340003885663776,ES
2026-06-30,0.0,ES
2026-06-30,6.11816821165667,ES
2026-06-30,0.0,ES
2026-06-30,0.0,ES
2026-06-30,0.0,ES
2026-06-30,3.4909557904732442,ES
2026-06-30,100.0,ES
2026-06-30,4.086569192420464,ES
2026-06-30,0.0,ES
2026-06-30,0.0,ES
2026-06-30,11.657149485265071,ES
2026-06-30,5.640884068137774,ES
2026-06-30,100.0,ES
2026-06-30,4.558177659861097,ES
2026-06-30,0.0,ES
2026-06-30,100.0,ES
2026-06-30,4.87465966597413,ES
2026-06-30,0.0,ES
2026-06-30,0.0,ES
2026-06-30,4.106143823339119,ES
2026-06-30,12.760917831632115,ES
2026-06-30,41.696949825213366,ES
2026-06-30,15.342223434315205,ES
2026-06-30,1.0232838017481536,ES
2026-06-30,0.0,ES
2026-06-30,14.853398096770412,ES
2026-06-30,36.2091170219078,ES
2026-06-30,3.7513370760961653,ES
2026-06-30,1.735137586539785,ES
2026-06-30,0.0,ES
2026-06-30,0.0,ES
2026-06-30,12.811062216964755,ES
2026-06-30,13.430343073635633,ES
2026-06-30,3.036017918946396,ES
2026-06-30,2.2086652058905414,ES
2026-06-30,8.69084307157711,ES
2026-06-30,1.869797858754567,ES
2026-06-30,0.0,ES
2026-06-30,4.702584764458937,ES
2026-06-30,0.0,ES
2026-06-30,3.903832612860519,ES
2026-06-30,0.0,ES
2026-06-30,3.895563519472764,ES
2026-06-30,3.575774448030937,ES
2026-06-30,0.0,ES
2026-06-30,0.0,ES
2026-06-30,0.0,ES
2026-06-30,0.5362130669017875,ES
2026-06-30,0.0,ES
2026-06-30,0.0,ES
2026-06-30,0.0,ES
2026-06-30,4.943585027986367,ES
2026-06-30,2.4068985004765113,ES
2026-06-30,0.0,ES
2026-06-30,21.6890644635352,ES
2026-06-30,1.392694843909131,ES
2026-06-30,4.169650182742498,ES
2026-06-30,4.581611124623093,ES
2026-06-30,0.0,ES
2026-06-30,0.0,ES
2026-06-30,14.04120977478195,ES
2026-06-30,0.0,ES
2026-06-30,0.0,ES
2026-06-30,2.789192414436884,ES
2026-06-30,0.0,ES
2026-06-30,2.551646947711622,ES
2026-06-30,5.6927465023867665,ES
2026-06-30,0.0,ES
2026-06-30,0.0,ES
2026-06-30,0.0,ES
2026-06-30,100.0,ES
2026-06-30,8.813867390026694,ES
2026-06-30,4.7569165612837345,ES
2026-06-30,0.0,ES
2026-06-30,100.0,ES
2026-06-30,5.2939563571036174,ES
2026-06-30,100.0,ES
2026-06-30,0.0,ES
2026-06-30,0.0,ES
2026-06-30,8.646858082861035,ES
2026-06-30,0.0,ES
2026-06-30,3.973543508778647,ES
2026-06-30,0.0,ES
2026-06-30,5.478230811192598,ES
2026-06-30,20.318714292590858,ES
2026-06-30,0.6382519257458021,ES
2026-06-30,0.0,ES
2026-06-30,0.23802817651764901,ES
2026-06-30,5.660423084523339,ES
2026-06-30,9.750872770826494,ES
2026-06-30,0.0,ES
2026-06-30,3.400243336754241,ES
2026-06-30,2.4196846084970605,ES
2026-06-30,9.294002259000107,ES
2026-06-30,1.8719127527275146,ES
2026-06-30,0.0,ES
2026-06-30,0.0,ES
2026-06-30,1.885176233167019,ES
2026-06-30,5.408022336006171,ES
2026-06-30,0.0,ES
2026-06-30,5.869505284788499,ES
2026-06-30,0.0,ES
2026-06-30,7.852083651413362,ES
2026-06-30,99.43769455683662,ES
2026-06-30,3.417400486387274,ES
2026-06-30,0.0,ES
2026-06-30,0.9581758522483503,ES
2026-06-30,0.0,ES
2026-06-30,0.0,ES
2026-06-30,2.016928680335566,ES
2026-06-30,4.866528175539883,ES
2026-06-30,0.0,ES
2026-06-30,0.0,ES
2026-06-30,0.0,ES
2026-06-30,0.0,ES
2026-06-30,0.0,ES
2026-06-30,0.0,ES
2026-06-30,0.0,ES
2026-06-30,0.0,ES
2026-06-30,3.2354804002935444,ES
2026-06-30,0.0,ES
2026-06-30,0.0,ES
2026-06-30,4.643125590056664,ES
2026-06-30,4.72924765334954,ES
2026-06-30,0.0,ES
2026-06-30,0.4961898306979207,ES
2026-06-30,0.7768596235795994,ES
2026-06-30,0.0,ES
2026-06-30,0.0,ES
2026-06-30,0.0,ES
2026-06-30,4.045418865510599,ES
2026-06-30,0.0,ES
2026-06-30,0.0,ES
2026-06-30,0.0,ES
2026-06-30,0.0,ES
2026-06-30,0.0,ES
2026-06-30,0.09250834038020371,ES
2026-06-30,0.0,ES
2026-06-30,2.1439500421050153,ES
2026-06-30,0.0,ES
2026-06-30,0.0,ES
2026-06-30,1.9414505781388598,ES
2026-06-30,0.0,ES
2026-06-30,0.0,ES
2026-06-30,0.0,ES
2026-06-30,0.0,ES
2026-06-30,3.7696888581802397,ES
2026-06-30,0.0,ES
2026-06-30,5.0108398756816666,ES
2026-06-30,0.0,ES
2026-06-30,4.67376945655225,ES
2026-06-30,5.955078199738139,ES
2026-06-30,0.0,ES
2026-06-30,2.987567726349828,ES
2026-06-30,0.0,ES
2026-06-30,2.8651234916293573,ES
2026-06-30,4.817171071261401,ES
2026-06-30,1.2342643649249263,ES
2026-06-30,4.275412112050928,ES
2026-06-30,2.4204023944858317,ES
2026-06-30,0.0,ES
2026-06-30,9.656696646799858,ES
2026-06-30,0.0,ES
2026-06-30,1.1563962808335577,ES
2026-06-30,100.0,ES
2026-06-30,0.0,ES
2026-06-30,0.0,ES
2026-06-30,1.8028615442211688,ES
2026-06-30,0.0,ES
2026-06-30,0.2535925508060682,ES
2026-06-30,0.0,ES
2026-06-30,3.1215628654817724,ES
2026-06-30,1.548766101575564,ES
2026-06-30,0.0,ES
2026-06-30,0.37181301464703864,ES
2026-06-30,11.324819339598122,ES
2026-06-30,5.857518022566527,ES
2026-06-30,2.1460775919124933,ES
2026-06-30,0.0,ES
2026-06-30,2.5468983473855094,ES
2026-06-30,0.0,ES
2026-06-30,6.957432560496124,ES
2026-06-30,0.0,ES
2026-06-30,0.699694209469509,ES
2026-06-30,0.0,ES
2026-06-30,0.9003246515958028,ES
2026-06-30,0.0,ES
2026-06-30,1.6855462858986283,ES
2026-06-30,0.0,ES
2026-06-30,2.4224177066570087,ES
2026-06-30,0.0,ES
2026-06-30,2.196310035501848,ES
2026-06-30,0.0,ES
2026-06-30,1.0464183651981454,ES
2026-06-30,0.0,ES
2026-06-30,2.1014574970310185,ES
2026-06-30,11.497501182115771,ES
2026-06-30,2.4115387600319362,ES
2026-06-30,0.0,ES
2026-06-30,0.0,ES
2026-06-30,0.0,ES
2026-06-30,0.0,ES
2026-06-30,5.088116520185748,ES
2026-06-30,0.0,ES
2026-06-30,0.13882620817723032,ES
2026-06-30,0.0,ES
2026-06-30,0.8285504375486353,ES
2026-06-30,0.0,ES
2026-06-30,4.671028773478679,ES
2026-06-30,0.0,ES
2026-06-30,0.8932681074939349,ES
2026-06-30,2.2540441316769058,ES
2026-06-30,0.0,ES
2026-06-30,0.9817760669527655,ES
2026-06-30,0.0,ES
2026-06-30,2.078069224516431,ES
2026-06-30,0.0,ES
2026-06-30,3.6642319569681376,ES
2026-06-30,0.9585478469039892,ES
2026-06-30,0.8041950665424473,ES
2026-06-30,0.0,ES
2026-06-30,2.1898798217757607,ES
2026-06-30,0.0,ES
2026-06-30,3.3499745153678164,ES
2026-06-30,0.0,ES
2026-06-30,5.097047396585739,ES
2026-06-30,1.453513987802234,ES
2026-06-30,1.6763766643742573,ES
2026-06-30,0.0,ES
2026-06-30,4.251821972779597,ES
2026-06-30,6.26091062015472,ES
2026-06-30,1.903232372911367,ES
2026-06-30,0.0,ES
2026-06-30,4.2188695721332445,ES
2026-06-30,0.0,ES
2026-06-30,0.0,ES
2026-06-30,0.0,ES
2026-06-30,0.0,ES
2026-06-30,8.872374019376483,ES
2026-06-30,0.0,ES
2026-06-30,0.0,ES
2026-06-30,0.0,ES
2026-06-30,0.0,ES
2026-06-30,0.0,ES
2026-06-30,2.957937285329952,ES
2026-06-30,0.0,ES
2026-06-30,2.37945384212753,ES
2026-06-30,0.0,ES
2026-06-30,12.652326487361657,ES
2026-06-30,0.0,ES
2026-06-30,0.0,ES
2026-06-30,7.930517183725992,ES
2026-06-30,0.0,ES
2026-06-30,2.5810647525456134,ES
2026-06-30,0.0,ES
2026-06-30,3.979230553491373,ES
2026-06-30,0.0,ES
2026-06-30,3.167167577089849,ES
2026-06-30,0.0,ES
2026-06-30,8.318036097376881,ES
2026-06-30,0.0,ES
2026-06-30,0.16840386587765238,ES
2026-06-30,0.0,ES
2026-06-30,0.0,ES
2026-06-30,0.0,ES
2026-06-30,1.3510264964951035,ES
2026-06-30,0.0,ES
2026-06-30,3.2094655091232487,ES
2026-06-30,0.0,ES
2026-06-30,0.7108897179543578,ES
2026-06-30,0.0,ES
2026-06-30,2.217005239565596,ES
2026-06-30,0.3034159540628485,ES
2026-06-30,17.816792301078983,ES
2026-06-30,0.0,ES
2026-06-30,2.9712516924517094,ES
2026-06-30,0.0,ES
2026-06-30,3.719160915776963,ES
2026-06-30,0.0,ES
2026-06-30,1.3183805748749535,ES
2026-06-30,0.0,ES
2026-06-30,1.337685421691905,ES
2026-06-30,0.0,ES
2026-06-30,2.430720497040472,ES
2026-06-30,0.0,ES
2026-06-30,2.3721334405768584,ES
2026-06-30,0.0,ES
2026-06-30,1.1400786182836635,ES
2026-06-30,0.0,ES
2026-06-30,3.3124926145490146,ES
2026-06-30,0.0,ES
2026-06-30,0.4477725962730646,ES
2026-06-30,0.0,ES
2026-06-30,3.374399178730312,ES
2026-06-30,0.0,ES
2026-06-30,0.0,ES
2026-06-30,0.0,ES
2026-06-30,0.0,ES
2026-06-30,0.0,ES
2026-06-30,0.0,ES
2026-06-30,0.0,ES
2026-06-30,0.0,ES
2026-06-30,31.88061140683104,ES
2026-06-30,0.0,ES
2026-06-30,0.0,ES
2026-06-30,0.0,ES
2026-06-30,2.004679965245519,ES
2026-06-30,0.0,ES
2026-06-30,3.797250770502765,ES
2026-06-30,1.4695027558864304,ES
2026-06-30,4.666443647839482,ES
2026-06-30,0.0,ES
2026-06-30,1.2781513431480456,ES
2026-06-30,47.18039800583537,ES
2026-06-30,2.9929963892100284,ES
2026-06-30,0.0,ES
2026-06-30,1.1256565855828442,ES
2026-06-30,0.0,ES
2026-06-30,2.716214614754996,ES
2026-06-30,0.0,ES
2026-06-30,3.215012765613337,ES
2026-06-30,0.0,ES
2026-06-30,0.7694333511092799,ES
2026-06-30,0.0,ES
2026-06-30,0.5792805174130694,ES
2026-06-30,31.981430909244747,ES
2026-06-30,21.70031593263582,ES
2026-06-30,37.951531639076315,ES
2026-06-30,0.0,ES
2026-06-30,13.644942522221944,ES
2026-06-30,3.025044556484086,ES
2026-06-30,14.74385661384071,ES
2026-06-30,2.051368992339354,ES
2026-06-30,15.975454847620451,ES
2026-06-30,5.79203826656195,ES
2026-06-30,0.0,ES
2026-06-30,0.7975595205774304,ES
2026-06-30,12.653065163596612,ES
2026-06-30,4.005193654746615,ES
2026-06-30,6.817383286231429,ES
2026-06-30,3.551256296617046,ES
2026-06-30,7.866742474997582,ES
2026-06-30,3.411893367660391,ES
2026-06-30,0.0,ES
2026-06-30,5.064525467978755,ES
2026-06-30,1.2647434594887734,ES
2026-06-30,21.89112185894719,ES
2026-06-30,4.087200781930321,ES
2026-06-30,27.792362316485956,ES
2026-06-30,2.3449927847705454,ES
2026-06-30,29.143314551670496,ES
2026-06-30,5.352309944501101,ES
2026-06-30,0.016165457353190624,ES
2026-06-30,4.982809607044061,ES
2026-06-30,18.403016043197837,ES
2026-06-30,6.749103393029713,ES
2026-06-30,12.626317140584305,ES
2026-06-30,6.8610020488039085,ES
2026-06-30,9.473723418355748,ES
2026-06-30,3.629472435431396,ES
2026-06-30,0.0,ES
2026-06-30,1.1890847801568067,ES
2026-06-30,20.675704975480663,ES
2026-06-30,2.935453127850387,ES
2026-06-30,22.388599261233242,ES
2026-06-30,1.2973131623957104,ES
2026-06-30,16.92148126868508,ES
2026-06-30,4.481592711606051,ES
2026-06-30,10.297643617903947,ES
2026-06-30,1.6233564947661359,ES
2026-06-30,14.861393622670214,ES
2026-06-30,3.75405814535556,ES
2026-06-30,9.157428958741267,ES
2026-06-30,3.833815517216646,ES
2026-06-30,9.908690825678205,ES
2026-06-30,3.6410511138812165,ES
2026-06-30,100.0,ES
2026-06-30,35.938386474526276,ES
2026-06-30,0.0,ES
2026-06-30,11.070312760674174,ES
2026-06-30,0.0,ES
2026-06-30,5.794771998677762,ES
2026-06-30,0.0,ES
2026-06-30,0.0,ES
2026-06-30,0.0,ES
2026-06-30,0.0,ES
2026-06-30,0.0,ES
2026-06-30,1.8278711030979198,ES
2026-06-30,0.0,ES
2026-06-30,0.0,ES
2026-06-30,10.051426642742287,ES
2026-06-30,0.8308733603252575,ES
2026-06-30,26.328490922463228,ES
2026-06-30,0.9377159123441564,ES
2026-06-30,17.847318981024642,ES
2026-06-30,1.4903404014174093,ES
2026-06-30,18.29816238372095,ES
2026-06-30,6.335601417093977,ES
2026-06-30,8.493236226482704,ES
2026-06-30,3.3843925389492124,ES
2026-06-30,12.81793009096727,ES
2026-06-30,5.831741371996594,ES
2026-06-30,12.818517432601464,ES
2026-06-30,4.749225334090946,ES
2026-06-30,4.210954561723917,ES
2026-06-30,2.913830494127146,ES
2026-06-30,33.23329002189973,ES
2026-06-30,40.47886639594391,ES
2026-06-30,0.0,ES
2026-06-30,20.249332637340455,ES
2026-06-30,3.4864460729915536,ES
2026-06-30,22.24151977722816,ES
2026-06-30,1.5431894595653761,ES
2026-06-30,13.435466994301581,ES
2026-06-30,7.240815966778767,ES
2026-06-30,0.0,ES
2026-06-30,1.483475294502898,ES
2026-06-30,18.62451315082007,ES
2026-06-30,2.7010794505234275,ES
2026-06-30,13.899710060865916,ES
2026-06-30,3.87108136027344,ES
2026-06-30,12.089639182407366,ES
2026-06-30,3.5535192668301394,ES
2026-06-30,100.0,ES
2026-06-30,25.012548504937037,ES
2026-06-30,0.7080676451300044,ES
2026-06-30,31.40669445962121,ES
2026-06-30,6.269728275305288,ES
2026-06-30,29.070959680291647,ES
2026-06-30,3.445263181011491,ES
2026-06-30,29.271485791250957,ES
2026-06-30,7.296370297045001,ES
2026-06-30,3.062318221385551,ES
2026-06-30,4.613640180660114,ES
2026-06-30,21.21946228119473,ES
2026-06-30,7.127318718311739,ES
2026-06-30,15.629941266034605,ES
2026-06-30,6.745084812096615,ES
2026-06-30,16.51536366893844,ES
2026-06-30,3.587597596351634,ES
2026-06-30,51.47447941144648,ES
2026-06-30,1.8011002910183715,ES
2026-06-30,0.904559858844537,ES
2026-06-30,15.25598181936742,ES
2026-06-30,1.3209777669520002,ES
2026-06-30,17.120238391861896,ES
2026-06-30,2.038330680524203,ES
2026-06-30,15.385772581749812,ES
2026-06-30,6.121683055248977,ES
2026-06-30,0.7800460160332607,ES
2026-06-30,1.5667488491545927,ES
2026-06-30,14.224883691843129,ES
2026-06-30,5.8173059872426585,ES
2026-06-30,14.229355983033795,ES
2026-06-30,2.0804999893486054,ES
2026-06-30,9.172405052389497,ES
2026-06-30,2.4287842822001853,ES
2026-06-30,0.0,ES
2026-06-30,1.191962074331324,ES
2026-06-30,6.2165498634805125,ES
2026-06-30,0.0,ES
2026-06-30,0.0,ES
2026-06-30,0.0,ES
2026-06-30,0.0,ES
2026-06-30,3.5562215500503633,ES
2026-06-30,0.9967327960540971,ES
2026-06-30,0.0,ES
2026-06-30,0.0,ES
2026-06-30,0.0,ES
2026-06-30,0.0,ES
2026-06-30,0.0,ES
2026-06-30,6.724428710909409,ES
2026-06-30,19.943198864831444,ES
2026-06-30,0.0,ES
2026-06-30,85.7873986482222,ES
2026-06-30,0.0,ES
2026-06-30,0.0,ES
2026-06-30,0.0,ES
2026-06-30,0.0,ES
2026-06-30,0.0,ES
2026-06-30,0.0,ES
2026-06-30,5.122251549708857,ES
2026-06-30,0.0,ES
2026-06-30,0.0,ES
2026-06-30,68.95990870736154,ES
2026-06-30,12.333952341710988,ES
2026-06-30,0.0,ES
2026-06-30,0.0,ES
2026-06-30,0.0,ES
2026-06-30,11.20155342043198,ES
2026-06-30,8.225520537327236,ES
2026-06-30,0.0,ES
2026-06-30,11.584010615359098,ES
2026-06-30,0.0,ES
2026-06-30,3.3261936943245316,ES
2026-06-30,6.670740044480874,ES
2026-06-30,0.0,ES
2026-06-30,18.926349766862174,ES
2026-06-30,0.0,ES
2026-06-30,0.0,ES
2026-06-30,0.0,ES
2026-06-30,0.0,ES
2026-06-30,3.3096828783133074,ES
2026-06-30,0.0,ES
2026-06-30,0.0,ES
2026-06-30,0.0,ES
2026-06-30,0.0,ES
2026-06-30,40.43839232987113,ES
2026-06-30,4.019973799530714,ES
2026-06-30,4.584025190952704,ES
2026-06-30,22.0963457086792,ES
2026-06-30,0.0,ES
2026-06-30,0.0,ES
2026-06-30,0.0,ES
2026-06-30,0.0,ES
2026-06-30,0.0,ES
2026-06-30,0.0,ES
2026-06-30,0.0,ES
2026-06-30,0.0,ES
2026-06-30,0.0,ES
2026-06-30,0.0,ES
2026-06-30,0.0,ES
2026-06-30,0.0,ES
2026-06-30,0.0,ES
2026-06-30,0.0,ES
2026-06-30,21.52718534890431,GO
2026-06-30,0.0,GO
2026-06-30,0.0,GO
2026-06-30,0.0,GO
2026-06-30,0.0,GO
2026-06-30,0.0,GO
2026-06-30,0.0,GO
2026-06-30,13.413527827006785,GO
2026-06-30,100.0,GO
2026-06-30,3.520198761885931,GO
2026-06-30,0.0,GO
2026-06-30,0.0,GO
2026-06-30,0.8518128722000365,GO
2026-06-30,14.405649017082943,GO
2026-06-30,0.0,GO
2026-06-30,0.6913459536243883,GO
2026-06-30,0.0,GO
2026-06-30,0.0,GO
2026-06-30,5.745649146560707,GO
2026-06-30,10.634944327591441,GO
2026-06-30,0.0,GO
2026-06-30,0.0,GO
2026-06-30,0.0,GO
2026-06-30,5.335232937482607,GO
2026-06-30,4.563480929765384,GO
2026-06-30,0.0,GO
2026-06-30,100.0,GO
2026-06-30,8.595910788389022,GO
2026-06-30,0.0,GO
2026-06-30,9.272010368442128,GO
2026-06-30,0.0,GO
2026-06-30,5.364064394359519,GO
2026-06-30,5.292773435308117,GO
2026-06-30,0.0,GO
2026-06-30,0.0,GO
2026-06-30,0.0,GO
2026-06-30,1.8267816661389522,GO
2026-06-30,0.0,GO
2026-06-30,3.2990834067754595,GO
2026-06-30,8.329891264179048,GO
2026-06-30,40.98958492507668,GO
2026-06-30,0.0,GO
2026-06-30,0.0,GO
2026-06-30,0.0,GO
2026-06-30,20.679140232804222,GO
2026-06-30,12.532354251487623,GO
2026-06-30,0.0,GO
2026-06-30,6.0328050373118,GO
2026-06-30,0.0,GO
2026-06-30,92.64724105956303,GO
2026-06-30,5.195995259461493,GO
2026-06-30,25.908316390905778,GO
2026-06-30,5.9304340027963365,GO
2026-06-30,11.38233890461805,GO
2026-06-30,5.683634657418347,GO
2026-06-30,0.0,GO
2026-06-30,0.0,GO
2026-06-30,21.26149854158387,GO
2026-06-30,6.48953776611267,GO
2026-06-30,0.0,GO
2026-06-30,100.0,GO
2026-06-30,17.157391176592938,GO
2026-06-30,0.0,GO
2026-06-30,0.0,GO
2026-06-30,21.3092095477501,GO
2026-06-30,15.50451007312307,GO
2026-06-30,0.0,GO
2026-06-30,6.016643536678934,GO
2026-06-30,0.0,GO
2026-06-30,0.0,GO
2026-06-30,35.17631964507659,GO
2026-06-30,3.0108803585789246,GO
2026-06-30,12.11973189812305,GO
2026-06-30,0.0,GO
2026-06-30,5.1054484612846025,GO
2026-06-30,100.0,GO
2026-06-30,5.760253466864698,GO
2026-06-30,7.792556299772013,GO
2026-06-30,0.0,GO
2026-06-30,0.0,GO
2026-06-30,2.4228394452316495,GO
2026-06-30,5.036381360296254,GO
2026-06-30,5.57313219044709,GO
2026-06-30,7.73599025472635,GO
2026-06-30,2.9141845679785385,GO
2026-06-30,0.0,GO
2026-06-30,0.0,GO
2026-06-30,8.562972029295095,GO
2026-06-30,27.188726798135164,GO
2026-06-30,0.0,GO
2026-06-30,0.0,GO
2026-06-30,4.428390193470555,GO
2026-06-30,52.1027120023415,GO
2026-06-30,6.042493544108687,GO
2026-06-30,19.493948376014313,GO
2026-06-30,0.0,GO
2026-06-30,0.0,GO
2026-06-30,14.779260954523634,GO
2026-06-30,2.8813790188255415,GO
2026-06-30,0.0,GO
2026-06-30,0.0,GO
2026-06-30,18.522028383762343,GO
2026-06-30,6.571957534243672,GO
2026-06-30,0.0,GO
2026-06-30,13.483733187595778,GO
2026-06-30,0.0,GO
2026-06-30,0.0,GO
2026-06-30,0.0,GO
2026-06-30,12.258386772748702,GO
2026-06-30,0.0,GO
2026-06-30,3.3208091478024033,GO
2026-06-30,0.0,GO
2026-06-30,0.5851046307519685,GO
2026-06-30,8.080203792362662,GO
2026-06-30,0.0,GO
2026-06-30,8.29924833037583,GO
2026-06-30,0.0,GO
2026-06-30,3.925433673698449,GO
2026-06-30,100.0,GO
2026-06-30,4.443004703240998,GO
2026-06-30,0.0,GO
2026-06-30,5.022152241775505,GO
2026-06-30,0.0,GO
2026-06-30,0.0,GO
2026-06-30,0.0,GO
2026-06-30,0.0,GO
2026-06-30,100.0,GO
2026-06-30,7.112261681865084,GO
2026-06-30,0.0,GO
2026-06-30,0.0,GO
2026-06-30,0.0,GO
2026-06-30,4.021022525109698,GO
2026-06-30,0.0,GO
2026-06-30,5.443086679086771,GO
2026-06-30,4.981715113438638,GO
2026-06-30,0.0,GO
2026-06-30,0.0,GO
2026-06-30,28.855880796147797,GO
2026-06-30,0.0,GO
2026-06-30,0.0,GO
2026-06-30,16.91950358167513,GO
2026-06-30,0.0,GO
2026-06-30,0.22171534804875784,GO
2026-06-30,0.0,GO
2026-06-30,2.786411523421048,GO
2026-06-30,0.0,GO
2026-06-30,7.26580668913863,GO
2026-06-30,63.382129310088686,GO
2026-06-30,2.9881919248401028,GO
2026-06-30,0.0,GO
2026-06-30,100.0,GO
2026-06-30,0.0,GO
2026-06-30,0.0,GO
2026-06-30,6.679037009767653,GO
2026-06-30,14.134767036665382,GO
2026-06-30,0.0,GO
2026-06-30,0.0,GO
2026-06-30,100.0,GO
2026-06-30,7.4668414685711975,GO
2026-06-30,0.0,GO
2026-06-30,0.0,GO
2026-06-30,0.0,GO
2026-06-30,19.130751270993194,GO
2026-06-30,0.0,GO
2026-06-30,25.37512154386503,GO
2026-06-30,0.0,GO
2026-06-30,0.0,GO
2026-06-30,9.394656075592604,GO
2026-06-30,3.1573725662318295,GO
2026-06-30,0.0,GO
2026-06-30,0.0,GO
2026-06-30,9.134982786287486,GO
2026-06-30,100.0,GO
2026-06-30,5.605732280193224,GO
2026-06-30,0.0,GO
2026-06-30,100.0,GO
2026-06-30,16.02664602238002,GO
2026-06-30,0.0,GO
2026-06-30,0.0,GO
2026-06-30,6.548603213732965,GO
2026-06-30,100.0,GO
2026-06-30,9.92430798609269,GO
2026-06-30,0.0,GO
2026-06-30,5.697506489623417,GO
2026-06-30,100.0,GO
2026-06-30,0.0,GO
2026-06-30,8.480023946355141,GO
2026-06-30,7.716039006922562,GO
2026-06-30,11.380230271008527,GO
2026-06-30,0.0,GO
2026-06-30,0.0,GO
2026-06-30,0.0,GO
2026-06-30,100.0,GO
2026-06-30,11.260947163453954,GO
2026-06-30,0.0,GO
2026-06-30,100.0,GO
2026-06-30,8.07205558948481,GO
2026-06-30,0.0,GO
2026-06-30,0.0,GO
2026-06-30,2.791750495775934,GO
2026-06-30,100.0,GO
2026-06-30,10.558723624475666,GO
2026-06-30,0.0,GO
2026-06-30,5.282406629461033,GO
2026-06-30,0.0,GO
2026-06-30,0.0,GO
2026-06-30,10.542306388596389,GO
2026-06-30,74.03938698471875,GO
2026-06-30,0.0,GO
2026-06-30,0.0,GO
2026-06-30,0.0,GO
2026-06-30,6.521186484953326,GO
2026-06-30,3.376271435466596,GO
2026-06-30,2.706391869157507,GO
2026-06-30,21.01320118356697,GO
2026-06-30,0.0,GO
2026-06-30,5.626967622845591,GO
2026-06-30,2.164286477264569,GO
2026-06-30,0.0,GO
2026-06-30,11.337162393712884,GO
2026-06-30,15.029356835254791,GO
2026-06-30,0.0,GO
2026-06-30,0.0,GO
2026-06-30,8.130523898081453,GO
2026-06-30,0.0,GO
2026-06-30,4.0056714494922545,GO
2026-06-30,0.0,GO
2026-06-30,0.0,GO
2026-06-30,9.538503268686782,GO
2026-06-30,11.739383698401538,GO
2026-06-30,0.0,GO
2026-06-30,0.0,GO
2026-06-30,0.0,GO
2026-06-30,6.733413479218275,GO
2026-06-30,6.26371855165897,GO
2026-06-30,0.0,GO
2026-06-30,0.0,GO
2026-06-30,11.44032154885157,GO
2026-06-30,9.25338159759888,GO
2026-06-30,5.618465960060968,GO
2026-06-30,8.34811341360525,GO
2026-06-30,27.12778596570713,GO
2026-06-30,0.0,GO
2026-06-30,0.0,GO
2026-06-30,5.080685808475921,GO
2026-06-30,10.886836717752688,GO
2026-06-30,0.0,GO
2026-06-30,6.436315078593202,GO
2026-06-30,0.0,GO
2026-06-30,0.0,GO
2026-06-30,4.144516965234636,GO
2026-06-30,25.282895152766606,GO
2026-06-30,0.0,GO
2026-06-30,13.56240364864775,GO
2026-06-30,9.442924347523453,GO
2026-06-30,7.706889826592499,GO
2026-06-30,0.0,GO
2026-06-30,0.0,GO
2026-06-30,0.0,GO
2026-06-30,5.740912794543367,GO
2026-06-30,9.36703232367805,GO
2026-06-30,14.584328368215916,GO
2026-06-30,0.0,GO
2026-06-30,0.0,GO
2026-06-30,0.0,GO
2026-06-30,100.0,GO
2026-06-30,6.728772866638305,GO
2026-06-30,0.0,GO
2026-06-30,0.0,GO
2026-06-30,5.37732520846113,GO
2026-06-30,0.0,GO
2026-06-30,28.638738654791524,GO
2026-06-30,8.73713471711662,GO
2026-06-30,9.875588632970246,GO
2026-06-30,0.0,GO
2026-06-30,0.0,GO
2026-06-30,11.178749457506516,GO
2026-06-30,100.0,GO
2026-06-30,7.855745754906028,GO
2026-06-30,0.0,GO
2026-06-30,7.111964231916137,GO
2026-06-30,0.0,GO
2026-06-30,0.0,GO
2026-06-30,2.7290623102477785,GO
2026-06-30,100.0,GO
2026-06-30,6.077597308989549,GO
2026-06-30,0.0,GO
2026-06-30,5.7214122437388335,GO
2026-06-30,9.859813035682711,GO
2026-06-30,20.903959323892,GO
2026-06-30,0.0,GO
2026-06-30,0.0,GO
2026-06-30,0.0,GO
2026-06-30,19.6511812170884,GO
2026-06-30,0.0,GO
2026-06-30,4.175588886362547,GO
2026-06-30,0.0,GO
2026-06-30,0.0,GO
2026-06-30,19.94709831832243,GO
2026-06-30,13.208242934601497,GO
2026-06-30,0.0,GO
2026-06-30,0.0,GO
2026-06-30,0.0,GO
2026-06-30,3.417567751016247,GO
2026-06-30,0.0,GO
2026-06-30,0.0,GO
2026-06-30,11.397521419490461,GO
2026-06-30,0.0,GO
2026-06-30,12.313977287785995,GO
2026-06-30,0.0,GO
2026-06-30,0.0,GO
2026-06-30,0.0,GO
2026-06-30,3.895203466022844,GO
2026-06-30,0.0,GO
2026-06-30,3.494331750188018,GO
2026-06-30,0.0,GO
2026-06-30,0.0,GO
2026-06-30,5.585292176564438,GO
2026-06-30,0.0,GO
2026-06-30,6.904384242644779,GO
2026-06-30,0.0,GO
2026-06-30,0.0,GO
2026-06-30,0.0,GO
2026-06-30,100.0,GO
2026-06-30,9.41191316503898,GO
2026-06-30,0.0,GO
2026-06-30,5.440930231680511,GO
2026-06-30,0.0,GO
2026-06-30,0.0,GO
2026-06-30,8.186689702649993,GO
2026-06-30,3.448666067003251,GO
2026-06-30,16.84740766074314,GO
2026-06-30,7.7853505759296056,GO
2026-06-30,1.8009379537378654,GO
2026-06-30,1.5132585083956474,GO
2026-06-30,0.0,GO
2026-06-30,0.0,GO
2026-06-30,0.0,GO
2026-06-30,0.0,GO
2026-06-30,0.0,GO
2026-06-30,0.0,GO
2026-06-30,0.0,GO
2026-06-30,4.501755352716398,GO
2026-06-30,0.0,GO
2026-06-30,8.499012817108797,GO
2026-06-30,0.0,GO
2026-06-30,34.53015578330656,GO
2026-06-30,0.0,GO
2026-06-30,0.0,GO
2026-06-30,0.0,GO
2026-06-30,0.0,GO
2026-06-30,0.0,GO
2026-06-30,0.0,GO
2026-06-30,3.0500197809919767,GO
2026-06-30,0.0,GO
2026-06-30,0.0,GO
2026-06-30,6.0596333116003285,GO
2026-06-30,5.901188481337231,GO
2026-06-30,9.287146762840072,GO
2026-06-30,7.747229510993414,GO
2026-06-30,0.0,GO
2026-06-30,5.694165576447304,GO
2026-06-30,0.0,GO
2026-06-30,0.0,GO
2026-06-30,0.0,GO
2026-06-30,6.3840978016608485,GO
2026-06-30,14.856896666749511,GO
2026-06-30,3.3780059749415123,GO
2026-06-30,8.78761833635849,GO
2026-06-30,0.0,GO
2026-06-30,1.7214132946246032,GO
2026-06-30,3.852908924841749,GO
2026-06-30,1.8784133212849126,GO
2026-06-30,0.0,GO
2026-06-30,4.715412309740359,GO
2026-06-30,0.0,GO
2026-06-30,4.254624447837853,GO
2026-06-30,0.0,GO
2026-06-30,0.0,GO
2026-06-30,0.0,GO
2026-06-30,7.068758301500992,GO
2026-06-30,8.358728099557108,GO
2026-06-30,16.044627704754053,GO
2026-06-30,23.79055125579296,GO
2026-06-30,6.133259457148892,GO
2026-06-30,9.422039824637178,GO
2026-06-30,5.454748195717173,GO
2026-06-30,0.0,GO
2026-06-30,100.0,GO
2026-06-30,2.283951619399909,GO
2026-06-30,2.6466437712892104,GO
2026-06-30,58.92896312670265,GO
2026-06-30,1.2071446184691,GO
2026-06-30,0.0,GO
2026-06-30,56.1224962469572,GO
2026-06-30,0.0,GO
2026-06-30,1.716934019725593,GO
2026-06-30,9.27203377674251,GO
2026-06-30,0.0,GO
2026-06-30,4.061477755068632,GO
2026-06-30,0.0,GO
2026-06-30,9.752035169032332,GO
2026-06-30,11.138653239579357,GO
2026-06-30,0.4964070783341049,GO
2026-06-30,0.0,GO
2026-06-30,2.714704248505631,GO
2026-06-30,12.709628080648109,GO
2026-06-30,2.3122150871631355,GO
2026-06-30,0.0,GO
2026-06-30,3.023064036105718,GO
2026-06-30,0.40387273184118394,GO
2026-06-30,1.848901353598682,GO
2026-06-30,0.0,GO
2026-06-30,3.435482062812683,GO
2026-06-30,0.0,GO
2026-06-30,26.419707242173995,GO
2026-06-30,63.06691040744384,GO
2026-06-30,1.1512313384719497,GO
2026-06-30,0.0,GO
2026-06-30,0.0,GO
2026-06-30,0.0,GO
2026-06-30,0.0,GO
2026-06-30,0.0,GO
2026-06-30,0.0,GO
2026-06-30,0.0,GO
2026-06-30,0.0,GO
2026-06-30,13.23984953283414,GO
2026-06-30,2.7236038911073663,GO
2026-06-30,0.0,GO
2026-06-30,9.18966659606935,GO
2026-06-30,0.0,GO
2026-06-30,0.0,GO
2026-06-30,26.35507597064411,GO
2026-06-30,0.0,GO
2026-06-30,0.0,GO
2026-06-30,0.0,GO
2026-06-30,2.3008647513114613,GO
2026-06-30,0.0,GO
2026-06-30,12.534845476366547,GO
2026-06-30,10.898836401392716,GO
2026-06-30,9.993291523310619,GO
2026-06-30,0.0,GO
2026-06-30,0.0,GO
2026-06-30,11.655907866088103,GO
2026-06-30,27.032832258934437,GO
2026-06-30,6.674280984550142,GO
2026-06-30,0.0,GO
2026-06-30,4.803622647766264,GO
2026-06-30,0.0,GO
2026-06-30,0.35529162907640094,GO
2026-06-30,0.0,GO
2026-06-30,13.140226512099263,GO
2026-06-30,1.192534136723347,GO
2026-06-30,2.929158604216192,GO
2026-06-30,21.939903550133728,GO
2026-06-30,5.035212077606577,GO
2026-06-30,0.0,GO
2026-06-30,0.0,GO
2026-06-30,0.0,GO
2026-06-30,0.0,GO
2026-06-30,0.0,GO
2026-06-30,0.0,GO
2026-06-30,0.0,GO
2026-06-30,0.0,GO
2026-06-30,0.0,GO
2026-06-30,0.0,GO
2026-06-30,0.0,GO
2026-06-30,0.0,GO
2026-06-30,0.0,GO
2026-06-30,0.0,GO
2026-06-30,2.7617480857768357,GO
2026-06-30,0.0,GO
2026-06-30,8.266371139089449,GO
2026-06-30,64.06420493922114,GO
2026-06-30,0.0,GO
2026-06-30,0.0,GO
2026-06-30,0.0,GO
2026-06-30,4.393701241165177,GO
2026-06-30,0.0,GO
2026-06-30,0.0,GO
2026-06-30,18.355350424002637,GO
2026-06-30,0.0,GO
2026-06-30,5.481936037089796,GO
2026-06-30,0.0,GO
2026-06-30,1.2305765578904866,GO
2026-06-30,0.0,GO
2026-06-30,9.868374634006695,GO
2026-06-30,3.4120846102666835,GO
2026-06-30,22.004257186108592,GO
2026-06-30,11.509477936081332,GO
2026-06-30,8.400460612608256,GO
2026-06-30,5.083375037164493,GO
2026-06-30,0.541504749076894,GO
2026-06-30,0.0,GO
2026-06-30,10.911650861266711,GO
2026-06-30,1.8753391927378724,GO
2026-06-30,17.604080727676667,GO
2026-06-30,5.331716999191949,GO
2026-06-30,9.003022648014653,GO
2026-06-30,14.763373114974353,GO
2026-06-30,3.3398380612568217,GO
2026-06-30,0.0,GO
2026-06-30,1.2918009143967326,GO
2026-06-30,69.09075566878195,GO
2026-06-30,14.377289569003244,GO
2026-06-30,5.315760286861507,GO
2026-06-30,4.391665387241982,GO
2026-06-30,2.506205010331638,GO
2026-06-30,6.39816042560953,GO
2026-06-30,4.185225502588379,GO
2026-06-30,6.598273590920114,GO
2026-06-30,0.0,GO
2026-06-30,6.218265651475853,GO
2026-06-30,0.0,GO
2026-06-30,3.17309067912495,GO
2026-06-30,9.721733257794574,GO
2026-06-30,6.736346861524741,GO
2026-06-30,0.0,GO
2026-06-30,33.21868605697938,GO
2026-06-30,0.0,GO
2026-06-30,0.6942595136831491,GO
2026-06-30,0.0,GO
2026-06-30,5.484563245213386,GO
2026-06-30,0.0,GO
2026-06-30,0.0,GO
2026-06-30,27.835698581962674,GO
2026-06-30,0.0,GO
2026-06-30,0.0,GO
2026-06-30,0.0,GO
2026-06-30,5.814796415113094,GO
2026-06-30,0.0,GO
2026-06-30,33.63894553252016,GO
2026-06-30,34.38593601379281,GO
2026-06-30,5.1554930257809595,GO
2026-06-30,6.049601628478442,GO
2026-06-30,3.03246227931609,GO
2026-06-30,7.983831869056318,GO
2026-06-30,3.6184369349154326,GO
2026-06-30,1.1738951608904626,GO
2026-06-30,0.0,GO
2026-06-30,5.6700543489636965,GO
2026-06-30,0.0,GO
2026-06-30,4.285552828176184,GO
2026-06-30,0.0,GO
2026-06-30,4.616628458848147,GO
2026-06-30,0.0,GO
2026-06-30,1.658057034726981,GO
2026-06-30,0.0,GO
2026-06-30,0.0,GO
2026-06-30,8.765119783657955,GO
2026-06-30,0.0,GO
2026-06-30,0.0,GO
2026-06-30,0.0,GO
2026-06-30,0.0,GO
2026-06-30,0.0,GO
2026-06-30,0.0,GO
2026-06-30,0.0,GO
2026-06-30,3.6627919011220493,GO
2026-06-30,25.772701320721183,GO
2026-06-30,0.0,GO
2026-06-30,0.0,GO
2026-06-30,7.806424365194821,GO
2026-06-30,11.00261072444781,GO
2026-06-30,4.705360922937649,GO
2026-06-30,4.144081392545686,GO
2026-06-30,2.192378327838413,GO
2026-06-30,21.123232286416542,GO
2026-06-30,10.465856653939356,GO
2026-06-30,0.0,GO
2026-06-30,3.816074935659871,GO
2026-06-30,10.772892692246181,GO
2026-06-30,12.135933925404606,GO
2026-06-30,9.12535494457543,GO
2026-06-30,5.936158002309719,GO
2026-06-30,3.4393993111149177,GO
2026-06-30,2.2144713454639744,GO
2026-06-30,0.0,GO
2026-06-30,3.966672704830672,GO
2026-06-30,4.271249123340009,GO
2026-06-30,20.442775292872746,GO
2026-06-30,4.744275439921234,GO
2026-06-30,2.538875695502357,GO
2026-06-30,3.1146828035323293,GO
2026-06-30,16.1371492134345,GO
2026-06-30,8.398094963773701,GO
2026-06-30,5.188131834203529,GO
2026-06-30,5.916769235874589,GO
2026-06-30,20.463159311477128,GO
2026-06-30,10.365613239619279,GO
2026-06-30,6.371203631667331,GO
2026-06-30,7.57004786672016,GO
2026-06-30,6.199746539540758,GO
2026-06-30,5.789074491021267,GO
2026-06-30,19.45239143643623,GO
2026-06-30,0.0,GO
2026-06-30,5.075119174896102,GO
2026-06-30,6.050195920611437,GO
2026-06-30,20.18762955252659,GO
2026-06-30,5.494941928820572,GO
2026-06-30,3.367141610195719,GO
2026-06-30,2.1390523295169226,GO
2026-06-30,12.650378684520772,GO
2026-06-30,6.307846524127379,GO
2026-06-30,3.464197242774443,GO
2026-06-30,5.056563425807462,GO
2026-06-30,9.713296750768631,GO
2026-06-30,6.8056678299503375,GO
2026-06-30,10.145430550630063,GO
2026-06-30,6.12791956573702,GO
2026-06-30,7.489080919661498,GO
2026-06-30,3.2154540442483928,GO
2026-06-30,53.100393296037915,GO
2026-06-30,0.0,GO
2026-06-30,37.6149138424122,GO
2026-06-30,0.0,GO
2026-06-30,0.0,GO
2026-06-30,0.0,GO
2026-06-30,39.59062806121629,GO
2026-06-30,3.658732612282825,GO
2026-06-30,0.0,GO
2026-06-30,7.228872158731877,GO
2026-06-30,0.0,GO
2026-06-30,67.72878693593731,GO
2026-06-30,0.0,GO
2026-06-30,0.0,GO
2026-06-30,9.213748711700989,GO
2026-06-30,15.3300384176177,GO
2026-06-30,2.8867075288358617,GO
2026-06-30,17.225984505196347,GO
2026-06-30,2.9124532091166895,GO
2026-06-30,1.3159393103194492,GO
2026-06-30,2.2053604095892845,GO
2026-06-30,13.772547501339465,GO
2026-06-30,9.250655324236758,GO
2026-06-30,9.384318461427194,GO
2026-06-30,4.88912932594073,GO
2026-06-30,10.21477763123614,GO
2026-06-30,10.484325149121442,GO
2026-06-30,14.376412444420716,GO
2026-06-30,7.827554934024217,GO
2026-06-30,13.211954039612134,GO
2026-06-30,5.238978164467014,GO
2026-06-30,0.0,GO
2026-06-30,0.0,GO
2026-06-30,4.788824617190893,GO
2026-06-30,13.393490192270788,GO
2026-06-30,5.835958542008021,GO
2026-06-30,2.080398577992749,GO
2026-06-30,2.5074506059098045,GO
2026-06-30,11.949232287058235,GO
2026-06-30,9.215523900338047,GO
2026-06-30,19.902303633739795,GO
2026-06-30,7.722588699463443,GO
2026-06-30,16.21825696813235,GO
2026-06-30,8.259225042147124,GO
2026-06-30,11.128087819322738,GO
2026-06-30,9.391668481234193,GO
2026-06-30,1.913379184440816,GO
2026-06-30,5.56718469751486,GO
2026-06-30,100.0,GO
2026-06-30,2.396736128243733,GO
2026-06-30,5.104334475455711,GO
2026-06-30,29.931707913581857,GO
2026-06-30,8.464467517091446,GO
2026-06-30,5.680003732872458,GO
2026-06-30,3.4903238018226923,GO
2026-06-30,23.90762406070831,GO
2026-06-30,8.415856562723189,GO
2026-06-30,4.983602571345965,GO
2026-06-30,4.619141633003828,GO
2026-06-30,21.39947493728354,GO
2026-06-30,8.223428023514815,GO
2026-06-30,15.45061033060396,GO
2026-06-30,7.901626716087455,GO
2026-06-30,9.793947013916835,GO
2026-06-30,6.415635304040809,GO
2026-06-30,33.468471020258725,GO
2026-06-30,0.0,GO
2026-06-30,10.162597761160155,GO
2026-06-30,2.5458998466830893,GO
2026-06-30,12.628315787098582,GO
2026-06-30,2.7193653857258338,GO
2026-06-30,1.3769711694501559,GO
2026-06-30,2.003732551010436,GO
2026-06-30,14.553973253531588,GO
2026-06-30,4.5628829766752546,GO
2026-06-30,2.379456387962325,GO
2026-06-30,2.871671792478277,GO
2026-06-30,12.572259169660882,GO
2026-06-30,5.403340253026352,GO
2026-06-30,7.67307608801432,GO
2026-06-30,4.763497950125189,GO
2026-06-30,3.4600090218582333,GO
2026-06-30,3.5058064270590417,GO
2026-06-30,52.824338160011706,GO
2026-06-30,0.0,GO
2026-06-30,1.4249803836274557,GO
2026-06-30,18.343149542777397,GO
2026-06-30,3.1232872322741687,GO
2026-06-30,0.0,GO
2026-06-30,17.48481382782884,GO
2026-06-30,12.229946652844031,GO
2026-06-30,43.7978612472325,GO
2026-06-30,100.0,GO
2026-06-30,32.00017689473356,GO
2026-06-30,0.0,GO
2026-06-30,27.825977120506444,GO
2026-06-30,0.0,GO
2026-06-30,8.616965622783463,GO
2026-06-30,0.0,GO
2026-06-30,30.678969596512346,GO
2026-06-30,76.29750747651043,GO
2026-06-30,0.0,GO
2026-06-30,4.670104719308915,GO
2026-06-30,0.0,GO
2026-06-30,0.0,GO
2026-06-30,0.0,GO
2026-06-30,0.0,GO
2026-06-30,0.0,GO
2026-06-30,0.0,GO
2026-06-30,4.095614976544343,GO
2026-06-30,22.070714945185294,GO
2026-06-30,76.9635511615949,GO
2026-06-30,5.532877783618159,GO
2026-06-30,0.0,GO
2026-06-30,0.0,GO
2026-06-30,32.83767057039295,GO
2026-06-30,4.17124039234395,GO
2026-06-30,20.146209023490417,GO
2026-06-30,30.433838800646146,GO
2026-06-30,0.0,GO
2026-06-30,100.0,GO
2026-06-30,0.0,GO
2026-06-30,10.970092003432926,GO
2026-06-30,12.58838514285754,GO
2026-06-30,0.0,GO
2026-06-30,15.849429424508205,GO
2026-06-30,0.0,GO
2026-06-30,0.0,GO
2026-06-30,33.45732537301128,GO
2026-06-30,0.0,GO
2026-06-30,5.400663147055591,GO
2026-06-30,14.987772314946262,GO
2026-06-30,42.054415147248825,GO
2026-06-30,6.481823795889636,GO
2026-06-30,0.0,GO
2026-06-30,12.445717842287712,GO
2026-06-30,0.0,GO
2026-06-30,8.302787154428867,GO
2026-06-30,0.0,GO
2026-06-30,100.0,GO
2026-06-30,0.0,GO
2026-06-30,0.0,GO
2026-06-30,0.0,GO
2026-06-30,0.0,GO
2026-06-30,0.0,GO
2026-06-30,0.0,GO
2026-06-30,0.0,GO
2026-06-30,0.0,GO
2026-06-30,0.0,GO
2026-06-30,0.0,GO
2026-06-30,0.0,GO
2026-06-30,0.0,GO
2026-06-30,0.0,GO
2026-06-30,0.0,GO
2026-06-30,0.0,GO
2026-06-30,0.0,GO
2026-06-30,100.0,MA
2026-06-30,0.0,MA
2026-06-30,0.0,MA
2026-06-30,0.0,MA
2026-06-30,24.195695246603268,MA
2026-06-30,20.674662098453208,MA
2026-06-30,0.0,MA
2026-06-30,5.742093915413584,MA
2026-06-30,9.182970906209134,MA
2026-06-30,13.834566570045503,MA
2026-06-30,22.182088501041797,MA
2026-06-30,1.9956956418749474,MA
2026-06-30,23.34166737721509,MA
2026-06-30,7.840268935102735,MA
2026-06-30,10.983598932031555,MA
2026-06-30,4.395208028573432,MA
2026-06-30,1.8445266439439736,MA
2026-06-30,0.0,MA
2026-06-30,3.2087441845506626,MA
2026-06-30,2.2788702034518034,MA
2026-06-30,47.553491376113485,MA
2026-06-30,38.58410006613498,MA
2026-06-30,100.0,MA
2026-06-30,11.07766452962666,MA
2026-06-30,0.0,MA
2026-06-30,0.0,MA
2026-06-30,13.185654070398398,MA
2026-06-30,6.229843550160263,MA
2026-06-30,23.5238728425829,MA
2026-06-30,96.85463494417529,MA
2026-06-30,6.287312175462921,MA
2026-06-30,0.0,MA
2026-06-30,13.007285914988262,MA
2026-06-30,0.0,MA
2026-06-30,16.858879547366314,MA
2026-06-30,7.570107576429106,MA
2026-06-30,0.0,MA
2026-06-30,6.764821969431459,MA
2026-06-30,11.28078729616505,MA
2026-06-30,10.398776527491755,MA
2026-06-30,18.85707579921058,MA
2026-06-30,0.0,MA
2026-06-30,0.0,MA
2026-06-30,5.930468604920319,MA
2026-06-30,16.636838542691272,MA
2026-06-30,0.0,MA
2026-06-30,0.0,MA
2026-06-30,4.583394763008388,MA
2026-06-30,7.695697107154811,MA
2026-06-30,26.724223200587392,MA
2026-06-30,100.0,MA
2026-06-30,4.00816229062448,MA
2026-06-30,0.0,MA
2026-06-30,8.498009915689726,MA
2026-06-30,23.920808185313362,MA
2026-06-30,0.0,MA
2026-06-30,18.396985512413963,MA
2026-06-30,0.0,MA
2026-06-30,5.073726396262183,MA
2026-06-30,15.098269360097513,MA
2026-06-30,100.0,MA
2026-06-30,0.0,MA
2026-06-30,11.55540116245683,MA
2026-06-30,14.424752643808672,MA
2026-06-30,0.0,MA
2026-06-30,0.0,MA
2026-06-30,3.8430482778633612,MA
2026-06-30,8.151195126906236,MA
2026-06-30,0.0,MA
2026-06-30,7.284449000025614,MA
2026-06-30,6.57938697341801,MA
2026-06-30,0.0,MA
2026-06-30,4.281832648709286,MA
2026-06-30,100.0,MA
2026-06-30,0.0,MA
2026-06-30,9.46837458437511,MA
2026-06-30,0.0,MA
2026-06-30,2.9763499683854113,MA
2026-06-30,5.779267240982793,MA
2026-06-30,35.02391748906465,MA
2026-06-30,0.0,MA
2026-06-30,0.0,MA
2026-06-30,16.35387522275728,MA
2026-06-30,0.0,MA
2026-06-30,9.635288814841065,MA
2026-06-30,0.0,MA
2026-06-30,100.0,MA
2026-06-30,22.460147272864926,MA
2026-06-30,0.0,MA
2026-06-30,5.775601946381621,MA
2026-06-30,11.55105025659835,MA
2026-06-30,5.25452465336592,MA
2026-06-30,0.0,MA
2026-06-30,0.0,MA
2026-06-30,1.9929009401852347,MA
2026-06-30,0.0,MA
2026-06-30,100.0,MA
2026-06-30,4.229939767473785,MA
2026-06-30,100.0,MA
2026-06-30,0.0,MA
2026-06-30,18.976370733883083,MA
2026-06-30,14.972693884743554,MA
2026-06-30,0.0,MA
2026-06-30,2.286871053984178,MA
2026-06-30,10.660894617075316,MA
2026-06-30,14.202506485162694,MA
2026-06-30,100.0,MA
2026-06-30,10.573963220205899,MA
2026-06-30,0.0,MA
2026-06-30,3.4199362289703363,MA
2026-06-30,9.838762611940934,MA
2026-06-30,11.392706502554297,MA
2026-06-30,11.203421724871367,MA
2026-06-30,0.0,MA
2026-06-30,6.634685377347214,MA
2026-06-30,100.0,MA
2026-06-30,16.38141747982908,MA
2026-06-30,0.0,MA
2026-06-30,4.95274978975853,MA
2026-06-30,10.782965338600157,MA
2026-06-30,42.244171468612805,MA
2026-06-30,5.767267372608057,MA
2026-06-30,3.6960032415536412,MA
2026-06-30,0.0,MA
2026-06-30,14.361265314020047,MA
2026-06-30,100.0,MA
2026-06-30,6.635362105529988,MA
2026-06-30,10.95256190859491,MA
2026-06-30,13.19027943871219,MA
2026-06-30,0.0,MA
2026-06-30,1.024439216390414,MA
2026-06-30,2.7112879518191653,MA
2026-06-30,5.7218651114986,MA
2026-06-30,8.273789146185013,MA
2026-06-30,13.086729088089669,MA
2026-06-30,0.0,MA
2026-06-30,6.270386826157093,MA
2026-06-30,14.448933887198253,MA
2026-06-30,0.0,MA
2026-06-30,3.715011143601041,MA
2026-06-30,1.752642455884789,MA
2026-06-30,44.95687098537855,MA
2026-06-30,0.0,MA
2026-06-30,19.21411482191089,MA
2026-06-30,8.064500864518928,MA
2026-06-30,0.0,MA
2026-06-30,100.0,MA
2026-06-30,11.230788961249754,MA
2026-06-30,0.0,MA
2026-06-30,6.762921670292038,MA
2026-06-30,26.91377104514197,MA
2026-06-30,44.77874294422676,MA
2026-06-30,7.051178112350192,MA
2026-06-30,16.770465041758108,MA
2026-06-30,0.0,MA
2026-06-30,27.058462350342694,MA
2026-06-30,13.200588856727494,MA
2026-06-30,100.0,MA
2026-06-30,9.362012457688849,MA
2026-06-30,0.0,MA
2026-06-30,0.0,MA
2026-06-30,4.870785270668157,MA
2026-06-30,0.0,MA
2026-06-30,17.765381166022316,MA
2026-06-30,0.0,MA
2026-06-30,73.60475022007634,MA
2026-06-30,8.847994619617614,MA
2026-06-30,0.0,MA
2026-06-30,10.95264318248385,MA
2026-06-30,0.0,MA
2026-06-30,5.8824231628542,MA
2026-06-30,100.0,MA
2026-06-30,8.562175682367542,MA
2026-06-30,0.0,MA
2026-06-30,4.676574426731955,MA
2026-06-30,9.023923964567468,MA
2026-06-30,20.528557893860558,MA
2026-06-30,0.9850742423583327,MA
2026-06-30,0.0,MA
2026-06-30,0.0,MA
2026-06-30,2.3007938180959595,MA
2026-06-30,5.012020416870075,MA
2026-06-30,11.986427711894464,MA
2026-06-30,75.75532291071237,MA
2026-06-30,0.6474434045806001,MA
2026-06-30,100.0,MA
2026-06-30,11.62932140986558,MA
2026-06-30,0.0,MA
2026-06-30,0.0,MA
2026-06-30,9.949704228962451,MA
2026-06-30,4.896912874888882,MA
2026-06-30,0.0,MA
2026-06-30,1.827107084831282,MA
2026-06-30,100.0,MA
2026-06-30,7.80072143998058,MA
2026-06-30,0.0,MA
2026-06-30,0.0,MA
2026-06-30,0.0,MA
2026-06-30,7.9934486476111175,MA
2026-06-30,7.246983579877959,MA
2026-06-30,0.0,MA
2026-06-30,5.687285933424332,MA
2026-06-30,4.486342497103668,MA
2026-06-30,6.776648473193933,MA
2026-06-30,0.0,MA
2026-06-30,100.0,MA
2026-06-30,2.675851499013078,MA
2026-06-30,4.663742604427845,MA
2026-06-30,5.811645784223211,MA
2026-06-30,0.0,MA
2026-06-30,0.0,MA
2026-06-30,0.0,MA
2026-06-30,0.0,MA
2026-06-30,0.0,MA
2026-06-30,0.0,MA
2026-06-30,0.0,MA
2026-06-30,0.0,MA
2026-06-30,80.89798065541216,MA
2026-06-30,5.0754929315128265,MA
2026-06-30,63.19147141971631,MA
2026-06-30,5.157025877926451,MA
2026-06-30,0.0,MA
2026-06-30,39.49881277792254,MA
2026-06-30,0.0,MA
2026-06-30,0.0,MA
2026-06-30,0.0,MA
2026-06-30,31.00647476282935,MA
2026-06-30,0.0,MA
2026-06-30,0.0,MA
2026-06-30,0.0,MA
2026-06-30,0.0,MA
2026-06-30,17.275824488092105,MA
2026-06-30,0.0,MA
2026-06-30,0.0,MA
2026-06-30,0.0,MA
2026-06-30,0.0,MA
2026-06-30,0.0,MA
2026-06-30,3.2155628350300614,MA
2026-06-30,0.0,MA
2026-06-30,0.0,MA
2026-06-30,0.0,MA
2026-06-30,15.328003111876583,MA
2026-06-30,0.0,MA
2026-06-30,14.440832181877946,MA
2026-06-30,0.0,MA
2026-06-30,0.0,MA
2026-06-30,0.0,MA
2026-06-30,3.4141873363776574,MA
2026-06-30,4.300074074704765,MA
2026-06-30,0.0,MA
2026-06-30,10.685834138240073,MA
2026-06-30,13.905028127311667,MA
2026-06-30,17.7064785079936,MA
2026-06-30,3.6756652543799317,MA
2026-06-30,0.0,MA
2026-06-30,10.47898628675921,MA
2026-06-30,0.0,MA
2026-06-30,0.0,MA
2026-06-30,0.0,MA
2026-06-30,0.0,MA
2026-06-30,8.150781484437406,MA
2026-06-30,0.0,MA
2026-06-30,0.0,MA
2026-06-30,0.0,MA
2026-06-30,0.0,MA
2026-06-30,57.16680744538872,MA
2026-06-30,9.19679234694092,MA
2026-06-30,0.0,MA
2026-06-30,57.953461207222205,MA
2026-06-30,14.40217529997572,MA
2026-06-30,14.102101356744559,MA
2026-06-30,0.0,MA
2026-06-30,0.0,MA
2026-06-30,0.0,MA
2026-06-30,0.0,MA
2026-06-30,0.0,MA
2026-06-30,0.0,MA
2026-06-30,0.0,MA
2026-06-30,0.0,MA
2026-06-30,0.0,MA
2026-06-30,0.0,MA
2026-06-30,0.0,MA
2026-06-30,0.0,MA
2026-06-30,11.978665979351097,MA
2026-06-30,4.541475536598522,MA
2026-06-30,15.483992558619633,MA
2026-06-30,0.0,MA
2026-06-30,0.0,MA
2026-06-30,5.118695832069209,MA
2026-06-30,16.198234302445343,MA
2026-06-30,0.0,MA
2026-06-30,20.007399984338655,MA
2026-06-30,100.0,MA
2026-06-30,17.76371018678937,MA
2026-06-30,3.113636664241783,MA
2026-06-30,0.0,MA
2026-06-30,4.241091714245505,MA
2026-06-30,6.215618718177835,MA
2026-06-30,3.045075267152522,MA
2026-06-30,2.576407017320203,MA
2026-06-30,55.94578352223346,MA
2026-06-30,0.0,MA
2026-06-30,0.0,MA
2026-06-30,0.0,MA
2026-06-30,0.0,MA
2026-06-30,0.0,MA
2026-06-30,0.0,MA
2026-06-30,0.0,MA
2026-06-30,14.949715909275577,MA
2026-06-30,0.0,MA
2026-06-30,0.0,MA
2026-06-30,0.0,MA
2026-06-30,0.0,MA
2026-06-30,0.0,MA
2026-06-30,3.9834551761606845,MA
2026-06-30,4.018632334844168,MA
2026-06-30,0.0,MA
2026-06-30,0.0,MA
2026-06-30,11.592025293156413,MA
2026-06-30,1.752617275021069,MA
2026-06-30,7.33985009489295,MA
2026-06-30,0.6933208192450345,MA
2026-06-30,5.803277188904493,MA
2026-06-30,6.315850458200925,MA
2026-06-30,0.0,MA
2026-06-30,2.8709228621585288,MA
2026-06-30,13.058871987612756,MA
2026-06-30,2.15264093723354,MA
2026-06-30,12.629065055986228,MA
2026-06-30,7.619222251429485,MA
2026-06-30,2.837863795504133,MA
2026-06-30,2.0983016704847324,MA
2026-06-30,0.054919242631634994,MA
2026-06-30,5.6414853330013885,MA
2026-06-30,21.433234375445206,MA
2026-06-30,1.8572072250494582,MA
2026-06-30,2.9393151533186526,MA
2026-06-30,3.5523149537026226,MA
2026-06-30,15.846217745360683,MA
2026-06-30,5.8557994641803255,MA
2026-06-30,4.167507788054564,MA
2026-06-30,3.1757465901166375,MA
2026-06-30,8.969791489213696,MA
2026-06-30,13.246156957866384,MA
2026-06-30,4.8250911428488825,MA
2026-06-30,4.132861205578695,MA
2026-06-30,4.231256275153588,MA
2026-06-30,5.148819518373655,MA
2026-06-30,0.0,MA
2026-06-30,0.0,MA
2026-06-30,15.15213516221502,MA
2026-06-30,20.80783335417121,MA
2026-06-30,4.910410843819629,MA
2026-06-30,5.939963438910454,MA
2026-06-30,1.71885146871437,MA
2026-06-30,11.698662818069657,MA
2026-06-30,6.311213281865863,MA
2026-06-30,12.37476158451316,MA
2026-06-30,0.8018211527730307,MA
2026-06-30,10.742693480324105,MA
2026-06-30,5.893100185781472,MA
2026-06-30,2.9167144356459103,MA
2026-06-30,3.509314503385702,MA
2026-06-30,5.36908030111002,MA
2026-06-30,2.8774284315907215,MA
2026-06-30,21.077011523140527,MA
2026-06-30,29.216068697470142,MA
2026-06-30,0.0,MA
2026-06-30,0.0,MA
2026-06-30,0.0,MA
2026-06-30,0.0,MA
2026-06-30,0.0,MA
2026-06-30,0.0,MA
2026-06-30,0.0,MA
2026-06-30,0.0,MA
2026-06-30,0.0,MA
2026-06-30,17.900869690533217,MA
2026-06-30,0.0,MA
2026-06-30,0.8019663332292388,MA
2026-06-30,2.5120201480229727,MA
2026-06-30,12.612824646112255,MA
2026-06-30,3.4765387700094683,MA
2026-06-30,2.343975596830542,MA
2026-06-30,1.9031842364022604,MA
2026-06-30,12.92386244171193,MA
2026-06-30,5.698613412261089,MA
2026-06-30,19.131975768481922,MA
2026-06-30,3.1027248250793735,MA
2026-06-30,12.855550773448835,MA
2026-06-30,3.7881236219993975,MA
2026-06-30,25.49392072367277,MA
2026-06-30,4.966353956316876,MA
2026-06-30,2.780670869527351,MA
2026-06-30,3.970898950267615,MA
2026-06-30,0.0,MA
2026-06-30,4.80251205468643,MA
2026-06-30,22.661750722675496,MA
2026-06-30,2.414432357543444,MA
2026-06-30,6.625632696051617,MA
2026-06-30,1.8549978480989289,MA
2026-06-30,4.701487683675314,MA
2026-06-30,7.086842695439374,MA
2026-06-30,0.0,MA
2026-06-30,3.4733820342553345,MA
2026-06-30,7.080985359821759,MA
2026-06-30,3.355319055958047,MA
2026-06-30,0.20085410718607036,MA
2026-06-30,3.1135299055750285,MA
2026-06-30,0.8359061397933347,MA
2026-06-30,3.847146000647382,MA
2026-06-30,0.9981270571350019,MA
2026-06-30,7.018895709857172,MA
2026-06-30,32.75836185504543,MA
2026-06-30,6.705901135278203,MA
2026-06-30,4.9054200682673414,MA
2026-06-30,3.4975573606108505,MA
2026-06-30,19.666684056169974,MA
2026-06-30,8.000939412597294,MA
2026-06-30,2.0501929492214988,MA
2026-06-30,3.0817880605726065,MA
2026-06-30,16.809682186464574,MA
2026-06-30,7.15639727828334,MA
2026-06-30,6.534156835148306,MA
2026-06-30,5.904761213367604,MA
2026-06-30,6.851431981642642,MA
2026-06-30,3.424717838465468,MA
2026-06-30,19.76181273012301,MA
2026-06-30,0.0,MA
2026-06-30,0.7132226553706407,MA
2026-06-30,22.25533589017841,MA
2026-06-30,2.1759657320497108,MA
2026-06-30,2.94131967979498,MA
2026-06-30,1.533806849167781,MA
2026-06-30,10.28359944944194,MA
2026-06-30,4.415794285722077,MA
2026-06-30,1.5645982902972884,MA
2026-06-30,0.9817937532098642,MA
2026-06-30,10.157833540452154,MA
2026-06-30,5.306840409232687,MA
2026-06-30,9.56023397910002,MA
2026-06-30,2.958226568287755,MA
2026-06-30,0.8803793455472722,MA
2026-06-30,2.361393970483795,MA
2026-06-30,0.0,MA
2026-06-30,0.0,MA
2026-06-30,12.52742332992356,MA
2026-06-30,5.040237693536588,MA
2026-06-30,0.0,MA
2026-06-30,0.0,MA
2026-06-30,54.25273811861842,MA
2026-06-30,15.65030153361921,MA
2026-06-30,58.785221927638666,MA
2026-06-30,36.84025667839596,MA
2026-06-30,29.312765609314955,MA
2026-06-30,48.23793931394315,MA
2026-06-30,28.93235183696546,MA
2026-06-30,0.0,MA
2026-06-30,50.66166965642245,MA
2026-06-30,100.0,MA
2026-06-30,42.307992900221755,MA
2026-06-30,0.0,MA
2026-06-30,0.0,MA
2026-06-30,55.14480759551209,MA
2026-06-30,14.1356239757197,MA
2026-06-30,16.75715525250297,MA
2026-06-30,54.18792962703578,MA
2026-06-30,28.553914713862426,MA
2026-06-30,0.0,MA
2026-06-30,18.23309121866396,MA
2026-06-30,0.0,MA
2026-06-30,9.551139416301236,MA
2026-06-30,72.31988587054119,MA
2026-06-30,0.0,MA
2026-06-30,25.57762082494794,MA
2026-06-30,0.0,MA
2026-06-30,34.771761077636384,MA
2026-06-30,23.303437983416085,MA
2026-06-30,0.0,MA
2026-06-30,32.409904968005904,MA
2026-06-30,78.90315344207724,MA
2026-06-30,30.22323959417072,MA
2026-06-30,31.98831533139217,MA
2026-06-30,22.444720907546703,MA
2026-06-30,0.0,MA
2026-06-30,12.693895658087504,MA
2026-06-30,18.519572040095316,MA
2026-06-30,0.0,MA
2026-06-30,48.62205817008721,MA
2026-06-30,21.8667538944802,MA
2026-06-30,0.0,MA
2026-06-30,0.0,MA
2026-06-30,0.0,MA
2026-06-30,0.0,MA
2026-06-30,0.0,MA
2026-06-30,0.0,MA
2026-06-30,0.0,MA
2026-06-30,0.0,MA
2026-06-30,0.0,MA
2026-06-30,0.0,MG
2026-06-30,0.0,MG
2026-06-30,0.0,MG
2026-06-30,0.0,MG
2026-06-30,0.0,MG
2026-06-30,0.0,MG
2026-06-30,0.0,MG
2026-06-30,0.0,MG
2026-06-30,15.916660836965798,MG
2026-06-30,6.097323864708871,MG
2026-06-30,4.347414173091256,MG
2026-06-30,0.0,MG
2026-06-30,1.9449824159836082,MG
2026-06-30,0.0,MG
2026-06-30,14.010410841926216,MG
2026-06-30,0.0,MG
2026-06-30,0.0,MG
2026-06-30,0.0,MG
2026-06-30,1.1782469484644211,MG
2026-06-30,6.102337302490831,MG
2026-06-30,0.0,MG
2026-06-30,1.851801349851368,MG
2026-06-30,0.0,MG
2026-06-30,9.42379090558359,MG
2026-06-30,0.0,MG
2026-06-30,0.0,MG
2026-06-30,0.0,MG
2026-06-30,9.804346163322645,MG
2026-06-30,0.0,MG
2026-06-30,3.7726983947018193,MG
2026-06-30,0.0,MG
2026-06-30,1.46440158566243,MG
2026-06-30,100.0,MG
2026-06-30,3.424696688452796,MG
2026-06-30,0.0,MG
2026-06-30,7.938430608018034,MG
2026-06-30,0.0,MG
2026-06-30,0.0,MG
2026-06-30,0.0,MG
2026-06-30,4.331631512831006,MG
2026-06-30,0.0,MG
2026-06-30,0.0,MG
2026-06-30,5.754043494092476,MG
2026-06-30,0.0,MG
2026-06-30,0.0,MG
2026-06-30,0.0,MG
2026-06-30,5.196722391820699,MG
2026-06-30,100.0,MG
2026-06-30,4.333564686783847,MG
2026-06-30,8.990433512292737,MG
2026-06-30,20.30307897772518,MG
2026-06-30,0.0,MG
2026-06-30,0.0,MG
2026-06-30,0.0,MG
2026-06-30,6.806961152897224,MG
2026-06-30,100.0,MG
2026-06-30,16.868063226741345,MG
2026-06-30,0.0,MG
2026-06-30,0.0,MG
2026-06-30,0.0,MG
2026-06-30,0.0,MG
2026-06-30,4.006149861657011,MG
2026-06-30,0.0,MG
2026-06-30,0.0,MG
2026-06-30,0.0,MG
2026-06-30,100.0,MG
2026-06-30,3.932273244807214,MG
2026-06-30,0.0,MG
2026-06-30,18.08945907804034,MG
2026-06-30,0.0,MG
2026-06-30,0.0,MG
2026-06-30,36.93661339129204,MG
2026-06-30,33.32923088139782,MG
2026-06-30,4.0259615307928005,MG
2026-06-30,0.0,MG
2026-06-30,0.0,MG
2026-06-30,0.0,MG
2026-06-30,8.377666164752092,MG
2026-06-30,0.0,MG
2026-06-30,0.0,MG
2026-06-30,0.0,MG
2026-06-30,100.0,MG
2026-06-30,13.327833278188955,MG
2026-06-30,0.0,MG
2026-06-30,0.0,MG
2026-06-30,0.4934904165979021,MG
2026-06-30,0.9687691927380568,MG
2026-06-30,8.976764287500743,MG
2026-06-30,0.0,MG
2026-06-30,0.0,MG
2026-06-30,0.0,MG
2026-06-30,4.2668799253791,MG
2026-06-30,0.0,MG
2026-06-30,0.0,MG
2026-06-30,2.6213481841107757,MG
2026-06-30,3.6742554081994694,MG
2026-06-30,0.0,MG
2026-06-30,9.049658888296335,MG
2026-06-30,0.0,MG
2026-06-30,0.0,MG
2026-06-30,4.021084354219449,MG
2026-06-30,10.566604987644505,MG
2026-06-30,0.0,MG
2026-06-30,0.0,MG
2026-06-30,0.0,MG
2026-06-30,100.0,MG
2026-06-30,6.924118481496701,MG
2026-06-30,0.0,MG
2026-06-30,0.0,MG
2026-06-30,6.324771226345229,MG
2026-06-30,9.259669132584715,MG
2026-06-30,0.0,MG
2026-06-30,0.0,MG
2026-06-30,5.067625653224533,MG
2026-06-30,16.370651595773595,MG
2026-06-30,56.20066767828007,MG
2026-06-30,0.0,MG
2026-06-30,0.0,MG
2026-06-30,0.0,MG
2026-06-30,3.7308996002032573,MG
2026-06-30,6.776612253336305,MG
2026-06-30,0.0,MG
2026-06-30,0.0,MG
2026-06-30,3.924070933684537,MG
2026-06-30,0.0,MG
2026-06-30,9.249846008006035,MG
2026-06-30,3.8485028083667916,MG
2026-06-30,0.0,MG
2026-06-30,16.788379200708714,MG
2026-06-30,0.0,MG
2026-06-30,12.68122085830495,MG
2026-06-30,10.883359200656919,MG
2026-06-30,2.48625990035942,MG
2026-06-30,0.0,MG
2026-06-30,0.0,MG
2026-06-30,2.7337999456544613,MG
2026-06-30,100.0,MG
2026-06-30,5.526006508152973,MG
2026-06-30,0.0,MG
2026-06-30,0.0,MG
2026-06-30,100.0,MG
2026-06-30,11.110589949795997,MG
2026-06-30,0.0,MG
2026-06-30,0.0,MG
2026-06-30,0.0,MG
2026-06-30,2.5080603704338356,MG
2026-06-30,7.77243138736298,MG
2026-06-30,0.0,MG
2026-06-30,0.0,MG
2026-06-30,0.0,MG
2026-06-30,2.885816867581891,MG
2026-06-30,0.0,MG
2026-06-30,0.0,MG
2026-06-30,3.2716605826776908,MG
2026-06-30,100.0,MG
2026-06-30,6.037613729232331,MG
2026-06-30,0.4117833420078785,MG
2026-06-30,0.0,MG
2026-06-30,6.83373011179554,MG
2026-06-30,0.0,MG
2026-06-30,0.0,MG
2026-06-30,8.411432817431287,MG
2026-06-30,100.0,MG
2026-06-30,7.066422030255781,MG
2026-06-30,0.0,MG
2026-06-30,0.0,MG
2026-06-30,98.98696993837504,MG
2026-06-30,4.655685517659282,MG
2026-06-30,0.0,MG
2026-06-30,0.0,MG
2026-06-30,0.0,MG
2026-06-30,6.145971728356633,MG
2026-06-30,100.0,MG
2026-06-30,10.227498105216231,MG
2026-06-30,0.0,MG
2026-06-30,0.0,MG
2026-06-30,0.0,MG
2026-06-30,3.8973173195039013,MG
2026-06-30,9.006608575227338,MG
2026-06-30,13.355732897301234,MG
2026-06-30,0.0,MG
2026-06-30,0.0,MG
2026-06-30,2.753137902346515,MG
2026-06-30,0.0,MG
2026-06-30,0.0,MG
2026-06-30,0.0,MG
2026-06-30,0.31732745075650187,MG
2026-06-30,40.98287251142996,MG
2026-06-30,0.0,MG
2026-06-30,12.424838851023887,MG
2026-06-30,5.77840034338745,MG
2026-06-30,100.0,MG
2026-06-30,0.0,MG
2026-06-30,0.0,MG
2026-06-30,1.6265579498253875,MG
2026-06-30,5.3964466743180255,MG
2026-06-30,0.0,MG
2026-06-30,2.0911096847491484,MG
2026-06-30,0.0,MG
2026-06-30,0.0,MG
2026-06-30,1.962855248550596,MG
2026-06-30,0.0,MG
2026-06-30,0.0,MG
2026-06-30,0.0,MG
2026-06-30,0.0,MG
2026-06-30,33.4929311909337,MG
2026-06-30,100.0,MG
2026-06-30,34.37067891306655,MG
2026-06-30,0.0,MG
2026-06-30,0.0,MG
2026-06-30,0.0,MG
2026-06-30,4.451383676595892,MG
2026-06-30,33.63346507998346,MG
2026-06-30,5.987943157917976,MG
2026-06-30,0.7018054816674348,MG
2026-06-30,0.0,MG
2026-06-30,14.133203533934779,MG
2026-06-30,0.0,MG
2026-06-30,0.0,MG
2026-06-30,42.74063232279043,MG
2026-06-30,3.6776427214267757,MG
2026-06-30,3.8543691539197353,MG
2026-06-30,0.0,MG
2026-06-30,0.0,MG
2026-06-30,0.0,MG
2026-06-30,4.881041236713851,MG
2026-06-30,5.067013583838682,MG
2026-06-30,0.0,MG
2026-06-30,0.0,MG
2026-06-30,100.0,MG
2026-06-30,11.910697642778338,MG
2026-06-30,0.0,MG
2026-06-30,0.0,MG
2026-06-30,5.835669645726441,MG
2026-06-30,0.0,MG
2026-06-30,7.543278691619813,MG
2026-06-30,0.0,MG
2026-06-30,0.0,MG
2026-06-30,0.0,MG
2026-06-30,4.054140740328454,MG
2026-06-30,0.0,MG
2026-06-30,0.0,MG
2026-06-30,10.919395980548732,MG
2026-06-30,6.4190897149710855,MG
2026-06-30,0.0,MG
2026-06-30,0.0,MG
2026-06-30,0.0,MG
2026-06-30,10.517577374560947,MG
2026-06-30,0.0,MG
2026-06-30,0.0,MG
2026-06-30,7.981086168858884,MG
2026-06-30,9.779655446021545,MG
2026-06-30,0.0,MG
2026-06-30,0.0,MG
2026-06-30,6.0766158555835785,MG
2026-06-30,0.0,MG
2026-06-30,0.0,MG
2026-06-30,0.0,MG
2026-06-30,2.4643099285674688,MG
2026-06-30,100.0,MG
2026-06-30,6.38778800168024,MG
2026-06-30,0.0,MG
2026-06-30,0.0,MG
2026-06-30,0.0,MG
2026-06-30,4.38789644336141,MG
2026-06-30,11.213737218040993,MG
2026-06-30,45.70040481830438,MG
2026-06-30,0.0,MG
2026-06-30,0.0,MG
2026-06-30,11.161401102709629,MG
2026-06-30,0.0,MG
2026-06-30,6.0233125662205245,MG
2026-06-30,0.0,MG
2026-06-30,0.0,MG
2026-06-30,13.648646295206218,MG
2026-06-30,7.721565840330154,MG
2026-06-30,14.824844687775718,MG
2026-06-30,0.0,MG
2026-06-30,33.51475301388471,MG
2026-06-30,4.4782270493909815,MG
2026-06-30,0.0,MG
2026-06-30,0.0,MG
2026-06-30,2.4458369956694193,MG
2026-06-30,100.0,MG
2026-06-30,4.8649255174093335,MG
2026-06-30,13.334691379206529,MG
2026-06-30,0.0,MG
2026-06-30,0.0,MG
2026-06-30,21.135718352853814,MG
2026-06-30,4.13849188271861,MG
2026-06-30,5.358243092831365,MG
2026-06-30,0.0,MG
2026-06-30,0.0,MG
2026-06-30,0.0,MG
2026-06-30,7.232570611845851,MG
2026-06-30,0.0,MG
2026-06-30,8.064524052862481,MG
2026-06-30,0.0,MG
2026-06-30,0.0,MG
2026-06-30,13.363901302932604,MG
2026-06-30,13.260811972173814,MG
2026-06-30,0.0,MG
2026-06-30,6.036250903881375,MG
2026-06-30,0.0,MG
2026-06-30,0.0,MG
2026-06-30,13.361104968335901,MG
2026-06-30,11.008531826094185,MG
2026-06-30,4.9632984082583755,MG
2026-06-30,6.548204946636892,MG
2026-06-30,5.5100298247929365,MG
2026-06-30,0.0,MG
2026-06-30,0.0,MG
2026-06-30,2.125306036231347,MG
2026-06-30,4.260205085850133,MG
2026-06-30,0.0,MG
2026-06-30,32.84039475733378,MG
2026-06-30,0.0,MG
2026-06-30,0.0,MG
2026-06-30,94.88937722554638,MG
2026-06-30,6.027082864212024,MG
2026-06-30,0.0,MG
2026-06-30,10.549082514820343,MG
2026-06-30,100.0,MG
2026-06-30,1.6802536175041263,MG
2026-06-30,0.0,MG
2026-06-30,23.37037496951074,MG
2026-06-30,0.0,MG
2026-06-30,11.24357043808613,MG
2026-06-30,50.1479691651173,MG
2026-06-30,6.022668299692566,MG
2026-06-30,0.0,MG
2026-06-30,0.0,MG
2026-06-30,0.0,MG
2026-06-30,0.0,MG
2026-06-30,16.547114074741767,MG
2026-06-30,100.0,MG
2026-06-30,5.429577464724774,MG
2026-06-30,51.67741119104841,MG
2026-06-30,0.0,MG
2026-06-30,0.0,MG
2026-06-30,0.0,MG
2026-06-30,13.579974158185909,MG
2026-06-30,0.0,MG
2026-06-30,0.0,MG
2026-06-30,13.35865634730733,MG
2026-06-30,14.524511580108332,MG
2026-06-30,0.0,MG
2026-06-30,0.0,MG
2026-06-30,5.7060305778368985,MG
2026-06-30,0.0,MG
2026-06-30,0.0,MG
2026-06-30,3.427443514204724,MG
2026-06-30,7.38185517862187,MG
2026-06-30,0.0,MG
2026-06-30,0.0,MG
2026-06-30,8.862433824358813,MG
2026-06-30,0.0,MG
2026-06-30,0.0,MG
2026-06-30,5.897126632178811,MG
2026-06-30,8.673910686178136,MG
2026-06-30,0.0,MG
2026-06-30,0.0,MG
2026-06-30,0.0,MG
2026-06-30,7.025137672435242,MG
2026-06-30,0.0,MG
2026-06-30,0.0,MG
2026-06-30,0.0,MG
2026-06-30,5.6749367142133735,MG
2026-06-30,9.974999891103316,MG
2026-06-30,0.0,MG
2026-06-30,0.0,MG
2026-06-30,0.0,MG
2026-06-30,6.458376674722929,MG
2026-06-30,5.54894471413371,MG
2026-06-30,13.633188667899606,MG
2026-06-30,24.23833584068452,MG
2026-06-30,0.0,MG
2026-06-30,0.0,MG
2026-06-30,2.036842959072585,MG
2026-06-30,7.522043145106105,MG
2026-06-30,0.0,MG
2026-06-30,3.6615251096783132,MG
2026-06-30,40.37571357621728,MG
2026-06-30,4.39588413867555,MG
2026-06-30,11.005472719883388,MG
2026-06-30,0.0,MG
2026-06-30,7.522077347692983,MG
2026-06-30,13.703826482627019,MG
2026-06-30,3.1314774259308065,MG
2026-06-30,0.0,MG
2026-06-30,0.0,MG
2026-06-30,9.77445973371961,MG
2026-06-30,31.24108483109147,MG
2026-06-30,0.0,MG
2026-06-30,8.194865993167886,MG
2026-06-30,0.0,MG
2026-06-30,0.0,MG
2026-06-30,0.0,MG
2026-06-30,7.204398992093222,MG
2026-06-30,12.370973299894105,MG
2026-06-30,3.1259166981650743,MG
2026-06-30,0.0,MG
2026-06-30,11.245845750379862,MG
2026-06-30,100.0,MG
2026-06-30,8.765388409754088,MG
2026-06-30,6.009492894759394,MG
2026-06-30,0.0,MG
2026-06-30,0.0,MG
2026-06-30,1.5357539787763956,MG
2026-06-30,7.047951972839417,MG
2026-06-30,0.0,MG
2026-06-30,64.67360654804713,MG
2026-06-30,4.123083168580432,MG
2026-06-30,0.0,MG
2026-06-30,5.4686262864554305,MG
2026-06-30,100.0,MG
2026-06-30,8.386074357752744,MG
2026-06-30,0.0,MG
2026-06-30,100.0,MG
2026-06-30,3.5265909533385527,MG
2026-06-30,14.373095251873128,MG
2026-06-30,10.055200079479947,MG
2026-06-30,0.0,MG
2026-06-30,0.6666649227740385,MG
2026-06-30,0.0,MG
2026-06-30,0.5816124964381952,MG
2026-06-30,0.0,MG
2026-06-30,8.068487516804256,MG
2026-06-30,0.0,MG
2026-06-30,0.0,MG
2026-06-30,0.0,MG
2026-06-30,0.0,MG
2026-06-30,0.0,MG
2026-06-30,0.0,MG
2026-06-30,1.5097632758538597,MG
2026-06-30,0.0,MG
2026-06-30,0.0,MG
2026-06-30,0.0,MG
2026-06-30,0.0,MG
2026-06-30,0.49554985453424216,MG
2026-06-30,0.0,MG
2026-06-30,3.3321297461867827,MG
2026-06-30,0.0,MG
2026-06-30,0.0,MG
2026-06-30,2.1645294176498067,MG
2026-06-30,0.0,MG
2026-06-30,1.9087206893448543,MG
2026-06-30,0.0,MG
2026-06-30,0.0,MG
2026-06-30,0.7154608267751356,MG
2026-06-30,0.0,MG
2026-06-30,0.6093097619975351,MG
2026-06-30,0.0,MG
2026-06-30,0.0,MG
2026-06-30,1.679580656214488,MG
2026-06-30,0.0,MG
2026-06-30,2.5204910968898595,MG
2026-06-30,0.0,MG
2026-06-30,0.0,MG
2026-06-30,3.01130833441605,MG
2026-06-30,0.0,MG
2026-06-30,7.6627464484882095,MG
2026-06-30,2.2878243505236164,MG
2026-06-30,2.2194872292034953,MG
2026-06-30,0.0,MG
2026-06-30,20.73279741457169,MG
2026-06-30,0.7920261950724803,MG
2026-06-30,0.0,MG
2026-06-30,5.534123167075561,MG
2026-06-30,0.0,MG
2026-06-30,1.9653018819492976,MG
2026-06-30,39.46997971847965,MG
2026-06-30,0.0,MG
2026-06-30,3.239459733734517,MG
2026-06-30,15.841106422093604,MG
2026-06-30,4.4959049447534865,MG
2026-06-30,1.7147870770748288,MG
2026-06-30,0.0,MG
2026-06-30,1.6365193951891857,MG
2026-06-30,0.0,MG
2026-06-30,3.642927788861313,MG
2026-06-30,12.605321507555361,MG
2026-06-30,0.0,MG
2026-06-30,3.416626511045308,MG
2026-06-30,0.0,MG
2026-06-30,4.844964531405012,MG
2026-06-30,0.0,MG
2026-06-30,0.0,MG
2026-06-30,3.194376999321511,MG
2026-06-30,0.0,MG
2026-06-30,5.1228284849788475,MG
2026-06-30,0.23593342517292887,MG
2026-06-30,0.0,MG
2026-06-30,1.6680654728810462,MG
2026-06-30,0.0,MG
2026-06-30,2.6634679696553367,MG
2026-06-30,0.0,MG
2026-06-30,3.95515973283622,MG
2026-06-30,0.0,MG
2026-06-30,19.02867778455658,MG
2026-06-30,0.0,MG
2026-06-30,4.170386956449836,MG
2026-06-30,0.0,MG
2026-06-30,2.7252469109858963,MG
2026-06-30,4.356638347015174,MG
2026-06-30,5.333758293268454,MG
2026-06-30,0.0,MG
2026-06-30,1.9056100530033988,MG
2026-06-30,0.0,MG
2026-06-30,0.0,MG
2026-06-30,5.87464258698966,MG
2026-06-30,0.0,MG
2026-06-30,4.383042129684955,MG
2026-06-30,0.0,MG
2026-06-30,0.0,MG
2026-06-30,3.738724709646853,MG
2026-06-30,0.0,MG
2026-06-30,1.9763242525544817,MG
2026-06-30,0.0,MG
2026-06-30,25.835223347680646,MG
2026-06-30,0.0,MG
2026-06-30,3.5088097530952087,MG
2026-06-30,1.4978995793613,MG
2026-06-30,3.7317288842163294,MG
2026-06-30,2.2058057292258995,MG
2026-06-30,0.0,MG
2026-06-30,2.3197821678927104,MG
2026-06-30,0.0,MG
2026-06-30,3.1032351723951273,MG
2026-06-30,1.063533212797472,MG
2026-06-30,0.0,MG
2026-06-30,3.6695319288557653,MG
2026-06-30,0.0,MG
2026-06-30,2.511604294285882,MG
2026-06-30,0.15523402245758028,MG
2026-06-30,72.80258265760466,MG
2026-06-30,2.6887668390189043,MG
2026-06-30,0.0,MG
2026-06-30,2.35821198790139,MG
2026-06-30,0.0,MG
2026-06-30,28.325871864572733,MG
2026-06-30,0.0,MG
2026-06-30,0.0,MG
2026-06-30,0.0,MG
2026-06-30,0.0,MG
2026-06-30,0.0,MG
2026-06-30,0.0,MG
2026-06-30,0.0,MG
2026-06-30,0.0,MG
2026-06-30,10.180032765530854,MG
2026-06-30,0.0,MG
2026-06-30,0.0,MG
2026-06-30,0.0,MG
2026-06-30,0.0,MG
2026-06-30,0.0,MG
2026-06-30,100.0,MG
2026-06-30,0.0,MG
2026-06-30,0.0,MG
2026-06-30,0.0,MG
2026-06-30,0.0,MG
2026-06-30,0.0,MG
2026-06-30,0.0,MG
2026-06-30,6.949397679777336,MG
2026-06-30,83.4249297762241,MG
2026-06-30,4.6371294930617655,MG
2026-06-30,3.145714311773163,MG
2026-06-30,3.7009995632132786,MG
2026-06-30,1.1147413217200692,MG
2026-06-30,0.0,MG
2026-06-30,2.012709728848123,MG
2026-06-30,0.0,MG
2026-06-30,1.470550515197097,MG
2026-06-30,0.0,MG
2026-06-30,0.0,MG
2026-06-30,6.062090926860616,MG
2026-06-30,36.47311102914382,MG
2026-06-30,18.590978722604273,MG
2026-06-30,0.0,MG
2026-06-30,2.1337563420570733,MG
2026-06-30,0.0,MG
2026-06-30,2.4327830597508417,MG
2026-06-30,1.3121079053949891,MG
2026-06-30,0.0,MG
2026-06-30,2.485138108235473,MG
2026-06-30,1.311688680961188,MG
2026-06-30,4.072556412574081,MG
2026-06-30,4.015101185586031,MG
2026-06-30,0.0,MG
2026-06-30,3.1773647201958277,MG
2026-06-30,13.780507524681973,MG
2026-06-30,4.365065167428491,MG
2026-06-30,18.091739433982095,MG
2026-06-30,0.0,MG
2026-06-30,3.222459639416085,MG
2026-06-30,0.0,MG
2026-06-30,4.632659265295664,MG
2026-06-30,5.133571413012046,MG
2026-06-30,3.9259324932625765,MG
2026-06-30,0.07801725536890908,MG
2026-06-30,2.966625427781783,MG
2026-06-30,0.0,MG
2026-06-30,14.994166247980283,MG
2026-06-30,36.863387707792164,MG
2026-06-30,0.0,MG
2026-06-30,0.0,MG
2026-06-30,2.013395870858932,MG
2026-06-30,0.0,MG
2026-06-30,0.0,MG
2026-06-30,1.2010104348399673,MG
2026-06-30,0.0,MG
2026-06-30,13.482516887800717,MG
2026-06-30,0.0,MG
2026-06-30,0.531119604280892,MG
2026-06-30,2.2891704006933304,MG
2026-06-30,2.005470173130393,MG
2026-06-30,3.8763293052094303,MG
2026-06-30,0.0,MG
2026-06-30,5.472566944984003,MG
2026-06-30,0.0,MG
2026-06-30,3.5684705413244115,MG
2026-06-30,0.0,MG
2026-06-30,2.5132894569003676,MG
2026-06-30,0.0,MG
2026-06-30,0.0,MG
2026-06-30,3.3061062719923795,MG
2026-06-30,0.0,MG
2026-06-30,4.377202327876735,MG
2026-06-30,0.813017643790436,MG
2026-06-30,2.3813726487386435,MG
2026-06-30,0.0,MG
2026-06-30,1.9029997411844186,MG
2026-06-30,0.0,MG
2026-06-30,0.0,MG
2026-06-30,3.0725206559377582,MG
2026-06-30,0.0,MG
2026-06-30,2.7004934426407807,MG
2026-06-30,0.0,MG
2026-06-30,0.0,MG
2026-06-30,0.0,MG
2026-06-30,0.0,MG
2026-06-30,2.142069666430111,MG
2026-06-30,0.0,MG
2026-06-30,2.742782165290392,MG
2026-06-30,0.0,MG
2026-06-30,4.343306891087627,MG
2026-06-30,3.4086500305740146,MG
2026-06-30,69.72918391490842,MG
2026-06-30,0.0,MG
2026-06-30,5.240480531472861,MG
2026-06-30,0.0,MG
2026-06-30,4.170347456134637,MG
2026-06-30,0.0,MG
2026-06-30,2.821353670853318,MG
2026-06-30,0.0,MG
2026-06-30,6.116981362192269,MG
2026-06-30,13.39767666938085,MG
2026-06-30,0.0,MG
2026-06-30,3.5815302091442978,MG
2026-06-30,0.0,MG
2026-06-30,4.138989264489548,MG
2026-06-30,3.8172049164880475,MG
2026-06-30,0.0,MG
2026-06-30,1.6886636951233067,MG
2026-06-30,0.0,MG
2026-06-30,3.599306802574059,MG
2026-06-30,3.1721670876247665,MG
2026-06-30,0.0,MG
2026-06-30,4.274003656351012,MG
2026-06-30,4.332411114886629,MG
2026-06-30,3.2611990364080268,MG
2026-06-30,0.49189857448656965,MG
2026-06-30,0.0,MG
2026-06-30,2.8033693049522426,MG
2026-06-30,0.0,MG
2026-06-30,3.8587557708000757,MG
2026-06-30,1.0585240470513406,MG
2026-06-30,0.0,MG
2026-06-30,2.4166389965015864,MG
2026-06-30,0.0,MG
2026-06-30,3.0325864684494754,MG
2026-06-30,0.0,MG
2026-06-30,0.0,MG
2026-06-30,0.0,MG
2026-06-30,7.0741587207102565,MG
2026-06-30,2.2803548302295713,MG
2026-06-30,0.0,MG
2026-06-30,3.519347996681758,MG
2026-06-30,4.4346171467011155,MG
2026-06-30,2.060647174542958,MG
2026-06-30,0.0,MG
2026-06-30,18.785801834937686,MG
2026-06-30,0.0,MG
2026-06-30,16.186365594634626,MG
2026-06-30,14.75550160766831,MG
2026-06-30,0.0,MG
2026-06-30,3.038216770593837,MG
2026-06-30,3.590625625673093,MG
2026-06-30,1.213530124860623,MG
2026-06-30,0.0,MG
2026-06-30,1.1924683522278083,MG
2026-06-30,0.0,MG
2026-06-30,3.4487251911888976,MG
2026-06-30,0.24190744483798707,MG
2026-06-30,0.0,MG
2026-06-30,1.7869271891447518,MG
2026-06-30,0.0,MG
2026-06-30,1.632220447226291,MG
2026-06-30,0.0,MG
2026-06-30,0.0,MG
2026-06-30,1.846443108166929,MG
2026-06-30,0.0,MG
2026-06-30,0.46447495414843487,MG
2026-06-30,5.1550147976812255,MG
2026-06-30,0.0,MG
2026-06-30,3.2233003315339834,MG
2026-06-30,0.0,MG
2026-06-30,2.1774943935896998,MG
2026-06-30,2.6755915208450403,MG
2026-06-30,0.0,MG
2026-06-30,0.9479888843731885,MG
2026-06-30,0.0,MG
2026-06-30,1.8296890650811808,MG
2026-06-30,0.0,MG
2026-06-30,0.0,MG
2026-06-30,0.0,MG
2026-06-30,0.0,MG
2026-06-30,0.8204178319069457,MG
2026-06-30,17.671621845436043,MG
2026-06-30,7.580559268343859,MG
2026-06-30,10.544346488067571,MG
2026-06-30,1.4644006974435364,MG
2026-06-30,19.340154253743925,MG
2026-06-30,7.351718966959169,MG
2026-06-30,9.321780844294096,MG
2026-06-30,3.5318623173563553,MG
2026-06-30,14.181444304823218,MG
2026-06-30,6.2000417589119445,MG
2026-06-30,18.751272041729827,MG
2026-06-30,4.796280640162937,MG
2026-06-30,6.4763587944037315,MG
2026-06-30,2.602996032487368,MG
2026-06-30,45.839615788678,MG
2026-06-30,3.6189086083556585,MG
2026-06-30,3.5414158841296297,MG
2026-06-30,26.313212677157004,MG
2026-06-30,4.303394700686071,MG
2026-06-30,13.29115156236049,MG
2026-06-30,1.3993202072758504,MG
2026-06-30,22.28221130632907,MG
2026-06-30,7.850618022218524,MG
2026-06-30,9.320060967129644,MG
2026-06-30,4.5152682443594045,MG
2026-06-30,18.87676378129586,MG
2026-06-30,7.725503343062049,MG
2026-06-30,16.102521300917136,MG
2026-06-30,7.767998776539659,MG
2026-06-30,3.766100217127471,MG
2026-06-30,4.197528820550008,MG
2026-06-30,30.926615819165736,MG
2026-06-30,0.33421294365409676,MG
2026-06-30,4.458358770727643,MG
2026-06-30,21.619382496103942,MG
2026-06-30,4.529886984719538,MG
2026-06-30,11.423182096873795,MG
2026-06-30,1.590641282644067,MG
2026-06-30,20.725348589903863,MG
2026-06-30,5.465323335473355,MG
2026-06-30,12.780583891291144,MG
2026-06-30,3.5376970538315655,MG
2026-06-30,16.275492710488535,MG
2026-06-30,5.662696956821243,MG
2026-06-30,11.51237321817588,MG
2026-06-30,5.05544102938472,MG
2026-06-30,3.068496820654057,MG
2026-06-30,3.2381237342615865,MG
2026-06-30,24.213508839610313,MG
2026-06-30,0.0,MG
2026-06-30,13.321090782917395,MG
2026-06-30,0.0,MG
2026-06-30,6.998109250238467,MG
2026-06-30,0.0,MG
2026-06-30,16.634251939900846,MG
2026-06-30,0.5705942376255041,MG
2026-06-30,0.0,MG
2026-06-30,18.104249857074954,MG
2026-06-30,5.416446050199649,MG
2026-06-30,2.620729789085249,MG
2026-06-30,3.9739924595870333,MG
2026-06-30,8.658807472259431,MG
2026-06-30,10.410484522295564,MG
2026-06-30,0.7391712385186394,MG
2026-06-30,3.6599905625483617,MG
2026-06-30,18.95947381535264,MG
2026-06-30,4.631811195251982,MG
2026-06-30,10.62314327918026,MG
2026-06-30,1.1842290344857647,MG
2026-06-30,18.66950626170074,MG
2026-06-30,5.013858607736569,MG
2026-06-30,5.1649394576612915,MG
2026-06-30,3.662076770038071,MG
2026-06-30,14.302269496900347,MG
2026-06-30,5.348025288602747,MG
2026-06-30,7.2515811932504715,MG
2026-06-30,5.436432775149452,MG
2026-06-30,5.015169740373864,MG
2026-06-30,3.9326279015190186,MG
2026-06-30,31.13603654669165,MG
2026-06-30,0.0,MG
2026-06-30,8.617685023756689,MG
2026-06-30,20.43026196607769,MG
2026-06-30,6.4707967439766785,MG
2026-06-30,13.493038581203049,MG
2026-06-30,2.4421725568400596,MG
2026-06-30,22.38023874144376,MG
2026-06-30,7.614409186565703,MG
2026-06-30,0.0,MG
2026-06-30,6.407965094242512,MG
2026-06-30,18.156969887852632,MG
2026-06-30,6.646106946879959,MG
2026-06-30,12.749033856672169,MG
2026-06-30,6.310257514398838,MG
2026-06-30,2.741625952787132,MG
2026-06-30,4.715682327339847,MG
2026-06-30,59.29788188696177,MG
2026-06-30,10.36744499349809,MG
2026-06-30,4.942771082133106,MG
2026-06-30,31.051560435312307,MG
2026-06-30,7.765081303019867,MG
2026-06-30,15.375410201180486,MG
2026-06-30,3.136273137700342,MG
2026-06-30,26.665119688602072,MG
2026-06-30,8.65103289576377,MG
2026-06-30,9.901532345594228,MG
2026-06-30,7.099924595879441,MG
2026-06-30,22.096264149457625,MG
2026-06-30,8.71605143062794,MG
2026-06-30,16.97885737535253,MG
2026-06-30,8.004303117781408,MG
2026-06-30,10.282634753846914,MG
2026-06-30,6.390771512577742,MG
2026-06-30,48.10862121065115,MG
2026-06-30,0.0,MG
2026-06-30,1.8511489364252371,MG
2026-06-30,20.304571284024235,MG
2026-06-30,3.2296465101996104,MG
2026-06-30,15.609035034564917,MG
2026-06-30,1.442703428242754,MG
2026-06-30,23.139538629918484,MG
2026-06-30,4.82423051722339,MG
2026-06-30,6.758519854596659,MG
2026-06-30,1.8550116050897985,MG
2026-06-30,16.89600615701073,MG
2026-06-30,5.702587425869539,MG
2026-06-30,11.478269175334642,MG
2026-06-30,3.884658467733384,MG
2026-06-30,8.342624731275853,MG
2026-06-30,2.5507264524233264,MG
2026-06-30,29.68397166037614,MG
2026-06-30,0.0,MG
2026-06-30,3.5203555304585605,MG
2026-06-30,13.220478107360515,MG
2026-06-30,18.199204509275493,MG
2026-06-30,10.346544051589216,MG
2026-06-30,0.0,MG
2026-06-30,0.0,MG
2026-06-30,100.0,MG
2026-06-30,4.1420895408239,MG
2026-06-30,6.178578775324567,MG
2026-06-30,0.0,MG
2026-06-30,4.301422719414448,MG
2026-06-30,34.260508063961296,MG
2026-06-30,0.0,MG
2026-06-30,17.884871540050007,MG
2026-06-30,0.0,MG
2026-06-30,15.577042123713872,MG
2026-06-30,0.0,MG
2026-06-30,0.0,MG
2026-06-30,26.579458454963984,MG
2026-06-30,0.0,MG
2026-06-30,13.0409069798363,MG
2026-06-30,59.55958343018435,MG
2026-06-30,6.622754032205205,MG
2026-06-30,100.0,MG
2026-06-30,0.0,MG
2026-06-30,0.0,MG
2026-06-30,24.492329036019218,MG
2026-06-30,16.230154760677923,MG
2026-06-30,0.0,MG
2026-06-30,4.52099258190987,MG
2026-06-30,17.487212143086666,MG
2026-06-30,0.0,MG
2026-06-30,24.813209388149858,MG
2026-06-30,0.0,MG
2026-06-30,0.0,MG
2026-06-30,0.0,MG
2026-06-30,0.0,MG
2026-06-30,0.0,MG
2026-06-30,0.0,MG
2026-06-30,2.967433025828267,MG
2026-06-30,0.0,MG
2026-06-30,0.0,MG
2026-06-30,3.9274959352935213,MG
2026-06-30,0.0,MG
2026-06-30,27.890124228532876,MG
2026-06-30,100.0,MG
2026-06-30,1.2779998033908164,MG
2026-06-30,0.0,MG
2026-06-30,0.0,MG
2026-06-30,0.0,MG
2026-06-30,0.0,MG
2026-06-30,0.0,MG
2026-06-30,2.361679357974599,MG
2026-06-30,10.541053005658314,MG
2026-06-30,0.0,MG
2026-06-30,0.0,MG
2026-06-30,37.590441311614164,MG
2026-06-30,0.0,MG
2026-06-30,0.0,MG
2026-06-30,3.5627166210845322,MG
2026-06-30,85.2245661573501,MG
2026-06-30,0.0,MG
2026-06-30,39.75029740950254,MG
2026-06-30,15.15606651118023,MG
2026-06-30,0.0,MG
2026-06-30,9.379296569095084,MG
2026-06-30,19.79323625887893,MG
2026-06-30,0.0,MG
2026-06-30,0.0,MG
2026-06-30,26.487508692807932,MG
2026-06-30,10.654285516624869,MG
2026-06-30,54.95775686041115,MG
2026-06-30,11.078969451744799,MG
2026-06-30,31.31140734128995,MG
2026-06-30,2.821704469687409,MG
2026-06-30,25.242628798526102,MG
2026-06-30,13.755489135810459,MG
2026-06-30,2.789369048311452,MG
2026-06-30,0.0,MG
2026-06-30,3.842855032091362,MG
2026-06-30,5.891064024040657,MG
2026-06-30,0.0,MG
2026-06-30,2.3241409471924324,MG
2026-06-30,0.0,MG
2026-06-30,0.0,MG
2026-06-30,0.5504502130000772,MG
2026-06-30,0.0,MG
2026-06-30,0.0,MG
2026-06-30,0.0,MG
2026-06-30,54.68167903737871,MG
2026-06-30,0.0,MG
2026-06-30,0.0,MG
2026-06-30,0.0,MG
2026-06-30,2.804260434121942,MG
2026-06-30,0.0,MG
2026-06-30,0.0,MG
2026-06-30,0.0,MG
2026-06-30,7.242125099986694,MG
2026-06-30,0.0,MG
2026-06-30,0.0,MG
2026-06-30,0.0,MG
2026-06-30,0.0,MG
2026-06-30,0.0,MG
2026-06-30,0.9241405273654347,MG
2026-06-30,0.0,MG
2026-06-30,0.0,MG
2026-06-30,0.0,MG
2026-06-30,0.0,MG
2026-06-30,0.0,MS
2026-06-30,3.19898695428248,MS
2026-06-30,1.8438111518834004,MS
2026-06-30,1.1340735035734204,MS
2026-06-30,21.02974355960896,MS
2026-06-30,0.0,MS
2026-06-30,2.4340577391478173,MS
2026-06-30,100.0,MS
2026-06-30,10.09417094416053,MS
2026-06-30,15.291827875637296,MS
2026-06-30,0.0,MS
2026-06-30,100.0,MS
2026-06-30,4.236533330051884,MS
2026-06-30,0.0,MS
2026-06-30,2.2968354952365972,MS
2026-06-30,10.257424776563305,MS
2026-06-30,8.89765350187958,MS
2026-06-30,100.0,MS
2026-06-30,9.948923781684767,MS
2026-06-30,6.359730734064022,MS
2026-06-30,0.0,MS
2026-06-30,3.968521132860081,MS
2026-06-30,4.693683219468419,MS
2026-06-30,15.795410988471689,MS
2026-06-30,84.76448148898562,MS
2026-06-30,0.0,MS
2026-06-30,0.0,MS
2026-06-30,0.0,MS
2026-06-30,0.0,MS
2026-06-30,8.441171070947503,MS
2026-06-30,7.145403060582812,MS
2026-06-30,0.0,MS
2026-06-30,5.246836542358489,MS
2026-06-30,27.570928156686403,MS
2026-06-30,0.0,MS
2026-06-30,0.0,MS
2026-06-30,40.299791515825085,MS
2026-06-30,2.619025234719064,MS
2026-06-30,5.3478482699987,MS
2026-06-30,0.0,MS
2026-06-30,15.676961467336156,MS
2026-06-30,0.0,MS
2026-06-30,0.0,MS
2026-06-30,0.0,MS
2026-06-30,25.96280767462526,MS
2026-06-30,0.0,MS
2026-06-30,4.4365833891449755,MS
2026-06-30,0.0,MS
2026-06-30,100.0,MS
2026-06-30,6.062033030206867,MS
2026-06-30,11.135966205665781,MS
2026-06-30,0.0,MS
2026-06-30,12.087256337763739,MS
2026-06-30,6.556211261008967,MS
2026-06-30,0.0,MS
2026-06-30,100.0,MS
2026-06-30,100.0,MS
2026-06-30,6.95207981283464,MS
2026-06-30,0.0,MS
2026-06-30,4.177709933104082,MS
2026-06-30,1.669675137381563,MS
2026-06-30,88.39077847618661,MS
2026-06-30,0.0,MS
2026-06-30,0.0,MS
2026-06-30,12.841459556390559,MS
2026-06-30,4.667467974973835,MS
2026-06-30,13.305382616669196,MS
2026-06-30,19.938506373472055,MS
2026-06-30,0.0,MS
2026-06-30,0.0,MS
2026-06-30,12.020877550591548,MS
2026-06-30,1.1550744652033378,MS
2026-06-30,0.0,MS
2026-06-30,100.0,MS
2026-06-30,6.355823562313895,MS
2026-06-30,0.0,MS
2026-06-30,11.907837245251242,MS
2026-06-30,100.0,MS
2026-06-30,7.313623240984938,MS
2026-06-30,0.0,MS
2026-06-30,4.440672452909798,MS
2026-06-30,0.0,MS
2026-06-30,100.0,MS
2026-06-30,6.541944220801771,MS
2026-06-30,7.765515873803411,MS
2026-06-30,0.0,MS
2026-06-30,100.0,MS
2026-06-30,6.308951617585927,MS
2026-06-30,0.0,MS
2026-06-30,0.0,MS
2026-06-30,4.117178557303065,MS
2026-06-30,0.0,MS
2026-06-30,100.0,MS
2026-06-30,9.153733918301677,MS
2026-06-30,0.0,MS
2026-06-30,100.0,MS
2026-06-30,2.773850894522425,MS
2026-06-30,6.399253030171165,MS
2026-06-30,0.0,MS
2026-06-30,0.0,MS
2026-06-30,0.0,MS
2026-06-30,0.0,MS
2026-06-30,21.828325739979675,MS
2026-06-30,0.0,MS
2026-06-30,0.0,MS
2026-06-30,0.0,MS
2026-06-30,21.237302938234638,MS
2026-06-30,0.0,MS
2026-06-30,0.0,MS
2026-06-30,7.885860895682989,MS
2026-06-30,20.349933870164172,MS
2026-06-30,4.967752527996671,MS
2026-06-30,0.0,MS
2026-06-30,2.7184115586335964,MS
2026-06-30,0.0,MS
2026-06-30,0.0,MS
2026-06-30,3.1098648651349308,MS
2026-06-30,100.0,MS
2026-06-30,28.476637474700205,MS
2026-06-30,0.0,MS
2026-06-30,4.990549420434425,MS
2026-06-30,0.0,MS
2026-06-30,4.630095576946873,MS
2026-06-30,26.017471930043573,MS
2026-06-30,0.0,MS
2026-06-30,46.26946020540892,MS
2026-06-30,3.946583742109132,MS
2026-06-30,100.0,MS
2026-06-30,9.733215189751085,MS
2026-06-30,0.0,MS
2026-06-30,14.047342893525256,MS
2026-06-30,0.0,MS
2026-06-30,11.673371100063862,MS
2026-06-30,0.0,MS
2026-06-30,4.960393524992956,MS
2026-06-30,0.0,MS
2026-06-30,14.302403627386184,MS
2026-06-30,13.173181805941594,MS
2026-06-30,0.0,MS
2026-06-30,0.0,MS
2026-06-30,100.0,MS
2026-06-30,11.241801334504034,MS
2026-06-30,6.614184471720863,MS
2026-06-30,0.0,MS
2026-06-30,0.0,MS
2026-06-30,100.0,MS
2026-06-30,13.645113959164949,MS
2026-06-30,0.0,MS
2026-06-30,4.764364339790829,MS
2026-06-30,12.48673358288995,MS
2026-06-30,44.1508727575542,MS
2026-06-30,0.10574881203845993,MS
2026-06-30,3.486485969811068,MS
2026-06-30,0.7683589703175224,MS
2026-06-30,20.604003423555817,MS
2026-06-30,59.13372735125476,MS
2026-06-30,1.8546624750135563,MS
2026-06-30,60.040096997694,MS
2026-06-30,6.2987944762192285,MS
2026-06-30,18.274741049238834,MS
2026-06-30,0.3277478683714237,MS
2026-06-30,0.0,MS
2026-06-30,3.54471728885257,MS
2026-06-30,0.0,MS
2026-06-30,8.741068984446036,MS
2026-06-30,0.0,MS
2026-06-30,10.32150601208446,MS
2026-06-30,0.0,MS
2026-06-30,100.0,MS
2026-06-30,10.77654014672006,MS
2026-06-30,0.0,MS
2026-06-30,6.651078060731113,MS
2026-06-30,11.340322854392157,MS
2026-06-30,3.484641694201419,MS
2026-06-30,6.849916807323445,MS
2026-06-30,0.0,MS
2026-06-30,0.0,MS
2026-06-30,0.0,MS
2026-06-30,0.0,MS
2026-06-30,100.0,MS
2026-06-30,10.359912316353183,MS
2026-06-30,6.445612799359804,MS
2026-06-30,7.255270631349557,MS
2026-06-30,26.159933900132977,MS
2026-06-30,60.41115934012916,MS
2026-06-30,7.915524099362145,MS
2026-06-30,0.0,MS
2026-06-30,6.004464612544989,MS
2026-06-30,0.0,MS
2026-06-30,15.937106396854311,MS
2026-06-30,0.0,MS
2026-06-30,7.9565978331532605,MS
2026-06-30,5.212684499026125,MS
2026-06-30,9.317552209809026,MS
2026-06-30,0.0,MS
2026-06-30,11.42683709127588,MS
2026-06-30,0.0,MS
2026-06-30,0.0,MS
2026-06-30,100.0,MS
2026-06-30,10.256008155554143,MS
2026-06-30,0.0,MS
2026-06-30,6.407154227347512,MS
2026-06-30,0.0,MS
2026-06-30,0.0,MS
2026-06-30,6.488825453407605,MS
2026-06-30,0.0,MS
2026-06-30,4.915114072111716,MS
2026-06-30,0.0,MS
2026-06-30,6.471297524109075,MS
2026-06-30,21.41430287821602,MS
2026-06-30,0.0,MS
2026-06-30,0.5810716896033177,MS
2026-06-30,0.0,MS
2026-06-30,1.3257570112960655,MS
2026-06-30,6.421610670207997,MS
2026-06-30,13.274514570186687,MS
2026-06-30,0.0,MS
2026-06-30,7.298090172441407,MS
2026-06-30,2.976634237208456,MS
2026-06-30,8.208341149639551,MS
2026-06-30,12.066362931473765,MS
2026-06-30,0.0,MS
2026-06-30,0.0,MS
2026-06-30,5.472289497136607,MS
2026-06-30,0.0,MS
2026-06-30,2.067773440074067,MS
2026-06-30,100.0,MS
2026-06-30,3.3900097569801018,MS
2026-06-30,8.190748384343433,MS
2026-06-30,9.407957584784455,MS
2026-06-30,4.199590604918744,MS
2026-06-30,0.0,MS
2026-06-30,0.0,MS
2026-06-30,3.6700903781505527,MS
2026-06-30,0.0,MS
2026-06-30,2.518554120887471,MS
2026-06-30,14.600173965652848,MS
2026-06-30,23.986200903199663,MS
2026-06-30,0.0,MS
2026-06-30,1.942912292522148,MS
2026-06-30,0.0,MS
2026-06-30,0.0,MS
2026-06-30,0.0,MS
2026-06-30,0.0,MS
2026-06-30,2.758700204058352,MS
2026-06-30,0.0,MS
2026-06-30,0.0,MS
2026-06-30,1.910621881304142,MS
2026-06-30,0.0,MS
2026-06-30,0.0,MS
2026-06-30,0.0,MS
2026-06-30,3.968491555429232,MS
2026-06-30,2.353770680687315,MS
2026-06-30,0.0,MS
2026-06-30,0.0,MS
2026-06-30,6.214437314553943,MS
2026-06-30,0.0,MS
2026-06-30,0.0,MS
2026-06-30,4.960182685389369,MS
2026-06-30,18.301067015769263,MS
2026-06-30,3.231484796646163,MS
2026-06-30,0.7120653268401252,MS
2026-06-30,6.2579995644689195,MS
2026-06-30,37.549439685746194,MS
2026-06-30,0.0,MS
2026-06-30,0.0,MS
2026-06-30,3.289098137063192,MS
2026-06-30,0.0,MS
2026-06-30,8.330909272640834,MS
2026-06-30,0.0,MS
2026-06-30,5.273646192438346,MS
2026-06-30,59.613188853898535,MS
2026-06-30,4.372491599774322,MS
2026-06-30,0.0,MS
2026-06-30,6.1824118750737815,MS
2026-06-30,7.41508671184022,MS
2026-06-30,0.0,MS
2026-06-30,9.005640104072228,MS
2026-06-30,0.0,MS
2026-06-30,4.813285514700288,MS
2026-06-30,0.0,MS
2026-06-30,5.861335659563691,MS
2026-06-30,0.0,MS
2026-06-30,2.201711838373294,MS
2026-06-30,0.0,MS
2026-06-30,0.0,MS
2026-06-30,0.0,MS
2026-06-30,0.0,MS
2026-06-30,0.9649290409405128,MS
2026-06-30,0.0,MS
2026-06-30,4.744573131168404,MS
2026-06-30,0.0,MS
2026-06-30,3.745830290985924,MS
2026-06-30,0.0,MS
2026-06-30,26.52138136427144,MS
2026-06-30,0.0,MS
2026-06-30,0.0,MS
2026-06-30,0.0,MS
2026-06-30,3.862412855216902,MS
2026-06-30,4.079607062258103,MS
2026-06-30,0.0,MS
2026-06-30,4.898606007214817,MS
2026-06-30,2.121523891253418,MS
2026-06-30,2.8701394146039467,MS
2026-06-30,0.0,MS
2026-06-30,3.5891153949295145,MS
2026-06-30,0.0,MS
2026-06-30,2.295841838232876,MS
2026-06-30,0.0,MS
2026-06-30,0.0,MS
2026-06-30,5.40461191418107,MS
2026-06-30,0.0,MS
2026-06-30,2.5292295888948764,MS
2026-06-30,16.665609993476004,MS
2026-06-30,2.655719150779461,MS
2026-06-30,0.0,MS
2026-06-30,3.332035292361504,MS
2026-06-30,8.877809268036073,MS
2026-06-30,20.323671337894147,MS
2026-06-30,83.90870492298369,MS
2026-06-30,0.0,MS
2026-06-30,0.0,MS
2026-06-30,0.0,MS
2026-06-30,0.0,MS
2026-06-30,0.0,MS
2026-06-30,0.0,MS
2026-06-30,1.7262217709155898,MS
2026-06-30,5.546919417233167,MS
2026-06-30,0.0,MS
2026-06-30,5.43916339015299,MS
2026-06-30,0.0,MS
2026-06-30,6.506990809310014,MS
2026-06-30,0.0,MS
2026-06-30,0.0,MS
2026-06-30,15.241778553942925,MS
2026-06-30,0.0,MS
2026-06-30,0.0,MS
2026-06-30,6.45446798673486,MS
2026-06-30,18.823409568665785,MS
2026-06-30,0.0,MS
2026-06-30,9.301662362050319,MS
2026-06-30,0.0,MS
2026-06-30,5.49436907233882,MS
2026-06-30,0.0,MS
2026-06-30,9.165458678134835,MS
2026-06-30,0.0,MS
2026-06-30,7.729942870659931,MS
2026-06-30,0.0,MS
2026-06-30,6.369993554905435,MS
2026-06-30,99.78260523585656,MS
2026-06-30,11.623651700972685,MS
2026-06-30,0.0,MS
2026-06-30,7.418331271026264,MS
2026-06-30,0.0,MS
2026-06-30,6.01993874509973,MS
2026-06-30,0.0,MS
2026-06-30,0.0,MS
2026-06-30,0.0,MS
2026-06-30,0.0,MS
2026-06-30,0.0,MS
2026-06-30,0.0,MS
2026-06-30,20.25569498196763,MS
2026-06-30,0.0,MS
2026-06-30,0.0,MS
2026-06-30,79.13190513769997,MS
2026-06-30,8.755055530258629,MS
2026-06-30,0.6706949474156123,MS
2026-06-30,0.9165337810334094,MS
2026-06-30,11.33991099288906,MS
2026-06-30,0.0,MS
2026-06-30,8.757874627254752,MS
2026-06-30,5.8351008140310325,MS
2026-06-30,0.0,MS
2026-06-30,2.2319091420772543,MS
2026-06-30,4.641177815221745,MS
2026-06-30,0.0,MS
2026-06-30,4.246079032942675,MS
2026-06-30,0.5511747078813819,MS
2026-06-30,0.0,MS
2026-06-30,0.0,MS
2026-06-30,5.247242750144579,MS
2026-06-30,2.7969794071001903,MS
2026-06-30,6.616428125920313,MS
2026-06-30,0.0,MS
2026-06-30,1.5412142133998525,MS
2026-06-30,9.780534210982124,MS
2026-06-30,0.0,MS
2026-06-30,0.0,MS
2026-06-30,22.56417918518006,MS
2026-06-30,6.769779192433166,MS
2026-06-30,5.123763400559909,MS
2026-06-30,0.0,MS
2026-06-30,4.025607738215522,MS
2026-06-30,0.0,MS
2026-06-30,8.413326039216951,MS
2026-06-30,45.594801481103644,MS
2026-06-30,5.800378830124336,MS
2026-06-30,0.0,MS
2026-06-30,3.353580856687589,MS
2026-06-30,0.0,MS
2026-06-30,0.0,MS
2026-06-30,6.094730173072907,MS
2026-06-30,0.0,MS
2026-06-30,4.099701479461135,MS
2026-06-30,0.0,MS
2026-06-30,3.818387873506997,MS
2026-06-30,57.21454841770651,MS
2026-06-30,3.1912144108651628,MS
2026-06-30,2.6083087400159366,MS
2026-06-30,0.0,MS
2026-06-30,0.0,MS
2026-06-30,17.90975412610444,MS
2026-06-30,0.0,MS
2026-06-30,0.0,MS
2026-06-30,100.0,MS
2026-06-30,0.0,MS
2026-06-30,2.322330816881581,MS
2026-06-30,0.6664697727064323,MS
2026-06-30,0.0,MS
2026-06-30,8.099101229769126,MS
2026-06-30,0.0,MS
2026-06-30,4.711142927401121,MS
2026-06-30,0.0,MS
2026-06-30,4.748299165707376,MS
2026-06-30,5.546750972901526,MS
2026-06-30,0.0,MS
2026-06-30,2.7921759582022525,MS
2026-06-30,0.0,MS
2026-06-30,2.585318312434088,MS
2026-06-30,83.89154113428661,MS
2026-06-30,4.030643532905029,MS
2026-06-30,2.2259279387370654,MS
2026-06-30,0.0,MS
2026-06-30,0.0,MS
2026-06-30,0.0,MS
2026-06-30,2.781048057911623,MS
2026-06-30,7.80556238452828,MS
2026-06-30,6.5084337057872945,MS
2026-06-30,11.176975823336731,MS
2026-06-30,1.765347428314396,MS
2026-06-30,8.400961145524416,MS
2026-06-30,6.01901200942241,MS
2026-06-30,0.0,MS
2026-06-30,1.3812161216356722,MS
2026-06-30,17.33868401143489,MS
2026-06-30,9.408982013442262,MS
2026-06-30,10.159054033764233,MS
2026-06-30,1.9090423705166584,MS
2026-06-30,22.011749383202435,MS
2026-06-30,2.9640974893393874,MS
2026-06-30,0.0,MS
2026-06-30,29.265139670069583,MS
2026-06-30,2.818089455022805,MS
2026-06-30,15.38311718660552,MS
2026-06-30,3.623990759517589,MS
2026-06-30,0.6961181895001618,MS
2026-06-30,1.6318889662562162,MS
2026-06-30,13.617139306969978,MS
2026-06-30,5.052803564273261,MS
2026-06-30,0.0,MS
2026-06-30,5.387212274724762,MS
2026-06-30,21.907179005800607,MS
2026-06-30,8.607279654683282,MS
2026-06-30,13.437643778052841,MS
2026-06-30,7.039757675168663,MS
2026-06-30,3.65898481580247,MS
2026-06-30,3.963771419124238,MS
2026-06-30,100.0,MS
2026-06-30,7.987863375730077,MS
2026-06-30,5.555033958760348,MS
2026-06-30,15.4635495602579,MS
2026-06-30,3.349453450493508,MS
2026-06-30,2.9190630453627175,MS
2026-06-30,1.5000924784387226,MS
2026-06-30,9.363551602361005,MS
2026-06-30,4.4947293543270295,MS
2026-06-30,0.0,MS
2026-06-30,2.7507969078072936,MS
2026-06-30,6.159548359978395,MS
2026-06-30,5.350077336494117,MS
2026-06-30,5.319959908697702,MS
2026-06-30,4.0236771702010765,MS
2026-06-30,3.6582711177968346,MS
2026-06-30,2.2305045632817637,MS
2026-06-30,4.310434998627147,MS
2026-06-30,35.06178058997973,MS
2026-06-30,0.0,MS
2026-06-30,99.48431629673131,MS
2026-06-30,0.0,MS
2026-06-30,11.587900967642387,MS
2026-06-30,0.0,MS
2026-06-30,0.0,MS
2026-06-30,0.0,MS
2026-06-30,0.0,MS
2026-06-30,9.8004998343776,MS
2026-06-30,49.28363338320607,MS
2026-06-30,0.0,MS
2026-06-30,0.0,MS
2026-06-30,8.34011384294394,MS
2026-06-30,2.257457719299963,MS
2026-06-30,15.948683830047546,MS
2026-06-30,8.483527333873646,MS
2026-06-30,4.332988125912583,MS
2026-06-30,1.8619016798134536,MS
2026-06-30,13.294352110266,MS
2026-06-30,9.633047242939428,MS
2026-06-30,13.983833634965057,MS
2026-06-30,5.885667685203064,MS
2026-06-30,12.52959962969477,MS
2026-06-30,9.38703068492396,MS
2026-06-30,7.812059364750324,MS
2026-06-30,6.3225182803003985,MS
2026-06-30,10.707534065600766,MS
2026-06-30,6.525452984164128,MS
2026-06-30,5.028365909528804,MS
2026-06-30,0.0,MS
2026-06-30,3.277519654089949,MS
2026-06-30,15.477378017298676,MS
2026-06-30,5.388664088746928,MS
2026-06-30,5.287386998466285,MS
2026-06-30,2.8621673684384263,MS
2026-06-30,11.537398589739418,MS
2026-06-30,6.6898140214098305,MS
2026-06-30,0.0,MS
2026-06-30,1.1030328574354293,MS
2026-06-30,8.023377726855726,MS
2026-06-30,7.944541110373536,MS
2026-06-30,3.697562175156203,MS
2026-06-30,4.98992381666004,MS
2026-06-30,0.0,MS
2026-06-30,3.639630111405844,MS
2026-06-30,44.34023956344001,MS
2026-06-30,4.972805149517606,MS
2026-06-30,22.297577816702923,MS
2026-06-30,8.02521736297679,MS
2026-06-30,5.207030914093114,MS
2026-06-30,2.9630145400728307,MS
2026-06-30,16.543747790652354,MS
2026-06-30,8.754919434502256,MS
2026-06-30,4.878287643600746,MS
2026-06-30,5.349320905128905,MS
2026-06-30,13.23530306025596,MS
2026-06-30,8.975027661165806,MS
2026-06-30,5.768525508123093,MS
2026-06-30,10.22465649503515,MS
2026-06-30,2.1952133304292496,MS
2026-06-30,6.095677099224879,MS
2026-06-30,26.43435428119607,MS
2026-06-30,0.29632759336865916,MS
2026-06-30,1.7565914117650037,MS
2026-06-30,16.128166755643715,MS
2026-06-30,2.955869506475221,MS
2026-06-30,2.2357301345166793,MS
2026-06-30,1.1437153169579635,MS
2026-06-30,12.48474060116673,MS
2026-06-30,5.803203876802125,MS
2026-06-30,9.599314841695179,MS
2026-06-30,1.673881931911703,MS
2026-06-30,15.132949703512077,MS
2026-06-30,5.23846575432252,MS
2026-06-30,11.13536865846546,MS
2026-06-30,4.927542378644051,MS
2026-06-30,7.443055453088886,MS
2026-06-30,1.9447488112220281,MS
2026-06-30,0.0,MS
2026-06-30,2.335054119883637,MS
2026-06-30,0.0,MS
2026-06-30,0.0,MS
2026-06-30,0.0,MS
2026-06-30,7.54408733103435,MS
2026-06-30,0.0,MS
2026-06-30,28.187882864050312,MS
2026-06-30,0.0,MS
2026-06-30,1.365505524131985,MS
2026-06-30,0.0,MS
2026-06-30,0.0,MS
2026-06-30,5.032773548340157,MS
2026-06-30,0.0,MS
2026-06-30,11.411058683998945,MS
2026-06-30,0.0,MS
2026-06-30,21.889240879553455,MS
2026-06-30,3.85677961777243,MS
2026-06-30,0.0,MS
2026-06-30,0.0,MS
2026-06-30,0.0,MS
2026-06-30,16.475032547463762,MS
2026-06-30,4.484807576150276,MS
2026-06-30,0.0,MS
2026-06-30,0.0,MS
2026-06-30,0.0,MS
2026-06-30,0.0,MS
2026-06-30,0.0,MS
2026-06-30,5.485790668020522,MS
2026-06-30,31.451814583308384,MS
2026-06-30,0.0,MS
2026-06-30,14.830333820371411,MS
2026-06-30,90.00295157031518,MS
2026-06-30,18.145645051979358,MS
2026-06-30,11.724866680469178,MS
2026-06-30,0.0,MS
2026-06-30,12.277281109733462,MS
2026-06-30,0.0,MS
2026-06-30,1.3463382436079765,MS
2026-06-30,6.160953237476832,MS
2026-06-30,47.48681430628949,MS
2026-06-30,52.8097464720731,MS
2026-06-30,0.0,MS
2026-06-30,4.285168858526524,MS
2026-06-30,3.4856868238024483,MS
2026-06-30,0.0,MS
2026-06-30,0.0,MS
2026-06-30,73.6140904603111,MS
2026-06-30,0.0,MS
2026-06-30,0.0,MS
2026-06-30,0.0,MS
2026-06-30,0.0,MS
2026-06-30,0.0,MS
2026-06-30,0.0,MS
2026-06-30,0.0,MS
2026-06-30,0.0,MS
2026-06-30,0.0,MS
2026-06-30,0.0,MS
2026-06-30,100.0,MT
2026-06-30,0.0,MT
2026-06-30,0.0,MT
2026-06-30,0.0,MT
2026-06-30,0.0,MT
2026-06-30,4.519044831328778,MT
2026-06-30,7.336865382194162,MT
2026-06-30,5.1263990391875,MT
2026-06-30,15.375617887957077,MT
2026-06-30,0.0,MT
2026-06-30,5.023381858609133,MT
2026-06-30,3.998205499991214,MT
2026-06-30,6.8210712678623535,MT
2026-06-30,1.3910465544057173,MT
2026-06-30,3.9421632408901237,MT
2026-06-30,4.015145035997469,MT
2026-06-30,8.801396426968722,MT
2026-06-30,5.339709227529599,MT
2026-06-30,4.842810068337132,MT
2026-06-30,3.34779754397087,MT
2026-06-30,0.0,MT
2026-06-30,2.892415668982731,MT
2026-06-30,2.1697874484898665,MT
2026-06-30,17.621282144450745,MT
2026-06-30,0.0,MT
2026-06-30,33.66834721526363,MT
2026-06-30,100.0,MT
2026-06-30,3.402989034470268,MT
2026-06-30,0.0,MT
2026-06-30,0.0,MT
2026-06-30,0.0,MT
2026-06-30,9.418554286222133,MT
2026-06-30,0.0,MT
2026-06-30,100.0,MT
2026-06-30,21.746605996068222,MT
2026-06-30,26.740309978297567,MT
2026-06-30,2.880054174634889,MT
2026-06-30,14.064671093782122,MT
2026-06-30,18.32480016147527,MT
2026-06-30,0.0,MT
2026-06-30,12.945587769463025,MT
2026-06-30,0.0,MT
2026-06-30,0.0,MT
2026-06-30,0.0,MT
2026-06-30,4.829234146715318,MT
2026-06-30,0.0,MT
2026-06-30,0.0,MT
2026-06-30,4.931371059553423,MT
2026-06-30,0.0,MT
2026-06-30,10.570343290867504,MT
2026-06-30,0.0,MT
2026-06-30,10.434537373293033,MT
2026-06-30,0.0,MT
2026-06-30,100.0,MT
2026-06-30,5.405656301086055,MT
2026-06-30,6.17286217608229,MT
2026-06-30,100.0,MT
2026-06-30,0.0,MT
2026-06-30,18.904604819998173,MT
2026-06-30,0.0,MT
2026-06-30,0.0,MT
2026-06-30,4.470475224026391,MT
2026-06-30,3.830779467817611,MT
2026-06-30,3.492915007216345,MT
2026-06-30,0.0,MT
2026-06-30,0.0,MT
2026-06-30,0.0,MT
2026-06-30,100.0,MT
2026-06-30,44.708340431193456,MT
2026-06-30,3.525997416486073,MT
2026-06-30,100.0,MT
2026-06-30,11.172115951807339,MT
2026-06-30,0.0,MT
2026-06-30,17.17394155429957,MT
2026-06-30,3.575622185804258,MT
2026-06-30,28.195569693539873,MT
2026-06-30,3.76116231681237,MT
2026-06-30,0.0,MT
2026-06-30,100.0,MT
2026-06-30,5.530813689856972,MT
2026-06-30,100.0,MT
2026-06-30,11.45750671973472,MT
2026-06-30,0.0,MT
2026-06-30,0.0,MT
2026-06-30,4.944495015888967,MT
2026-06-30,0.0,MT
2026-06-30,0.0,MT
2026-06-30,3.5745181660669734,MT
2026-06-30,0.0,MT
2026-06-30,7.330988645445252,MT
2026-06-30,0.0,MT
2026-06-30,100.0,MT
2026-06-30,7.382142512339759,MT
2026-06-30,0.0,MT
2026-06-30,3.4741923675299713,MT
2026-06-30,100.0,MT
2026-06-30,4.914554571512943,MT
2026-06-30,0.0,MT
2026-06-30,0.0,MT
2026-06-30,4.183755555194166,MT
2026-06-30,0.0,MT
2026-06-30,0.0,MT
2026-06-30,3.307669086162649,MT
2026-06-30,0.0,MT
2026-06-30,2.768821757279402,MT
2026-06-30,5.170283877472858,MT
2026-06-30,18.905340319284754,MT
2026-06-30,0.0,MT
2026-06-30,0.0,MT
2026-06-30,0.0,MT
2026-06-30,0.0,MT
2026-06-30,0.0,MT
2026-06-30,2.0085301025293947,MT
2026-06-30,0.0,MT
2026-06-30,5.941655325852326,MT
2026-06-30,0.0,MT
2026-06-30,10.051192838359627,MT
2026-06-30,0.0,MT
2026-06-30,0.0,MT
2026-06-30,2.743825209960209,MT
2026-06-30,0.0,MT
2026-06-30,1.5003218488295713,MT
2026-06-30,0.0,MT
2026-06-30,0.0,MT
2026-06-30,0.0,MT
2026-06-30,0.0,MT
2026-06-30,0.0,MT
2026-06-30,0.1983148812621966,MT
2026-06-30,100.0,MT
2026-06-30,5.164328903893024,MT
2026-06-30,0.0,MT
2026-06-30,0.0,MT
2026-06-30,6.444560822118421,MT
2026-06-30,0.0,MT
2026-06-30,0.0,MT
2026-06-30,0.0,MT
2026-06-30,0.7296140803431461,MT
2026-06-30,14.997444929045646,MT
2026-06-30,0.0,MT
2026-06-30,0.0,MT
2026-06-30,8.478902211057623,MT
2026-06-30,5.7565314774418255,MT
2026-06-30,0.0,MT
2026-06-30,14.639350389027102,MT
2026-06-30,0.0,MT
2026-06-30,10.335620781251205,MT
2026-06-30,0.0,MT
2026-06-30,0.0,MT
2026-06-30,0.0,MT
2026-06-30,100.0,MT
2026-06-30,11.57838613697893,MT
2026-06-30,0.0,MT
2026-06-30,3.949009973347107,MT
2026-06-30,0.0,MT
2026-06-30,0.0,MT
2026-06-30,13.937894306994766,MT
2026-06-30,0.0,MT
2026-06-30,10.24669773962426,MT
2026-06-30,0.0,MT
2026-06-30,0.0,MT
2026-06-30,5.246420094572758,MT
2026-06-30,0.0,MT
2026-06-30,100.0,MT
2026-06-30,6.874791506202133,MT
2026-06-30,0.0,MT
2026-06-30,0.0,MT
2026-06-30,0.0,MT
2026-06-30,100.0,MT
2026-06-30,7.350424993498321,MT
2026-06-30,0.0,MT
2026-06-30,0.0,MT
2026-06-30,4.485519577197527,MT
2026-06-30,4.434169058588131,MT
2026-06-30,37.655125986894674,MT
2026-06-30,0.0,MT
2026-06-30,0.0,MT
2026-06-30,2.033623666491371,MT
2026-06-30,6.352571145622952,MT
2026-06-30,17.79665275611723,MT
2026-06-30,0.0,MT
2026-06-30,1.3394863161612531,MT
2026-06-30,5.976478643624104,MT
2026-06-30,16.04366021763586,MT
2026-06-30,9.893550014022162,MT
2026-06-30,3.7479289614262132,MT
2026-06-30,0.0,MT
2026-06-30,9.904098559702685,MT
2026-06-30,11.6961214429645,MT
2026-06-30,0.0,MT
2026-06-30,6.017146379136248,MT
2026-06-30,0.0,MT
2026-06-30,5.067108792417335,MT
2026-06-30,0.0,MT
2026-06-30,6.990739034691584,MT
2026-06-30,3.1437670579640367,MT
2026-06-30,5.82023039763919,MT
2026-06-30,0.0,MT
2026-06-30,0.0,MT
2026-06-30,0.0,MT
2026-06-30,13.650636010385925,MT
2026-06-30,4.365926273071957,MT
2026-06-30,0.0,MT
2026-06-30,0.0,MT
2026-06-30,0.0,MT
2026-06-30,9.291796104443858,MT
2026-06-30,0.0,MT
2026-06-30,0.0,MT
2026-06-30,4.333441195788726,MT
2026-06-30,23.91316426253496,MT
2026-06-30,0.0,MT
2026-06-30,0.0,MT
2026-06-30,0.0,MT
2026-06-30,3.3186900616058184,MT
2026-06-30,7.357694640848779,MT
2026-06-30,0.0,MT
2026-06-30,0.0,MT
2026-06-30,0.0,MT
2026-06-30,9.366398441216395,MT
2026-06-30,13.510823899613209,MT
2026-06-30,0.0,MT
2026-06-30,0.0,MT
2026-06-30,100.0,MT
2026-06-30,6.11654725348056,MT
2026-06-30,0.0,MT
2026-06-30,3.8439138069937124,MT
2026-06-30,0.0,MT
2026-06-30,0.0,MT
2026-06-30,100.0,MT
2026-06-30,7.823026072509166,MT
2026-06-30,0.0,MT
2026-06-30,9.252856034652083,MT
2026-06-30,0.0,MT
2026-06-30,0.0,MT
2026-06-30,48.80872172088955,MT
2026-06-30,100.0,MT
2026-06-30,4.7958530555978385,MT
2026-06-30,0.0,MT
2026-06-30,6.322430978899519,MT
2026-06-30,0.0,MT
2026-06-30,0.0,MT
2026-06-30,0.9788013382000604,MT
2026-06-30,100.0,MT
2026-06-30,7.384849410528195,MT
2026-06-30,0.0,MT
2026-06-30,4.474463658701738,MT
2026-06-30,2.6945356852693862,MT
2026-06-30,25.06156598225044,MT
2026-06-30,0.0,MT
2026-06-30,27.97618248000049,MT
2026-06-30,4.240796376276972,MT
2026-06-30,3.40668508044625,MT
2026-06-30,6.218407839230817,MT
2026-06-30,9.743472037103535,MT
2026-06-30,0.0,MT
2026-06-30,13.035159273379637,MT
2026-06-30,2.4770551244953474,MT
2026-06-30,0.0,MT
2026-06-30,3.5013300288190456,MT
2026-06-30,7.805759861034321,MT
2026-06-30,0.0,MT
2026-06-30,0.0,MT
2026-06-30,3.719916448768007,MT
2026-06-30,0.0,MT
2026-06-30,2.2725634879369183,MT
2026-06-30,0.0,MT
2026-06-30,4.03661167595071,MT
2026-06-30,6.81171314602618,MT
2026-06-30,100.0,MT
2026-06-30,6.495100034684735,MT
2026-06-30,0.0,MT
2026-06-30,100.0,MT
2026-06-30,3.717856983381423,MT
2026-06-30,0.0,MT
2026-06-30,0.0,MT
2026-06-30,4.760433315243101,MT
2026-06-30,0.0,MT
2026-06-30,2.5067834098711095,MT
2026-06-30,7.381844345422017,MT
2026-06-30,12.896383921155829,MT
2026-06-30,4.989935327976185,MT
2026-06-30,6.028600850483677,MT
2026-06-30,0.0,MT
2026-06-30,0.0,MT
2026-06-30,0.0,MT
2026-06-30,9.863832210360785,MT
2026-06-30,0.0,MT
2026-06-30,0.0,MT
2026-06-30,0.0,MT
2026-06-30,0.0,MT
2026-06-30,2.593918181344711,MT
2026-06-30,100.0,MT
2026-06-30,0.0,MT
2026-06-30,37.41331218061792,MT
2026-06-30,6.7905075811249604,MT
2026-06-30,0.0,MT
2026-06-30,4.842502490735493,MT
2026-06-30,0.0,MT
2026-06-30,1.8883275420121564,MT
2026-06-30,0.0,MT
2026-06-30,0.0,MT
2026-06-30,0.0,MT
2026-06-30,3.967421679737636,MT
2026-06-30,0.0,MT
2026-06-30,0.0,MT
2026-06-30,0.0,MT
2026-06-30,3.348506069164888,MT
2026-06-30,0.0,MT
2026-06-30,2.097035042716979,MT
2026-06-30,100.0,MT
2026-06-30,0.0,MT
2026-06-30,0.0,MT
2026-06-30,11.040682553827088,MT
2026-06-30,6.72416424968522,MT
2026-06-30,0.0,MT
2026-06-30,9.783381912021325,MT
2026-06-30,4.366920946375052,MT
2026-06-30,0.0,MT
2026-06-30,0.39208188381880194,MT
2026-06-30,0.0,MT
2026-06-30,27.706478227021254,MT
2026-06-30,0.0,MT
2026-06-30,0.0,MT
2026-06-30,0.0,MT
2026-06-30,4.7222823933382,MT
2026-06-30,1.9191198425262235,MT
2026-06-30,3.0443022490815825,MT
2026-06-30,0.0,MT
2026-06-30,6.227828873952557,MT
2026-06-30,8.027284465329508,MT
2026-06-30,3.9632492062625513,MT
2026-06-30,4.459007433247988,MT
2026-06-30,5.635226456324255,MT
2026-06-30,5.715158293758,MT
2026-06-30,0.0,MT
2026-06-30,6.437737587438273,MT
2026-06-30,6.7207466134286475,MT
2026-06-30,6.644325352723008,MT
2026-06-30,5.709926707261886,MT
2026-06-30,5.248708311516747,MT
2026-06-30,0.7115573076722438,MT
2026-06-30,3.9159943494404685,MT
2026-06-30,8.196316240885814,MT
2026-06-30,5.433849672373665,MT
2026-06-30,10.419725884429017,MT
2026-06-30,4.461895870304682,MT
2026-06-30,47.01430620429295,MT
2026-06-30,4.6686018180839355,MT
2026-06-30,57.90481154214696,MT
2026-06-30,0.0,MT
2026-06-30,5.952170704560017,MT
2026-06-30,0.0,MT
2026-06-30,13.507534741188923,MT
2026-06-30,11.875442585847976,MT
2026-06-30,5.759522721876819,MT
2026-06-30,2.0093984492540398,MT
2026-06-30,3.822100285052409,MT
2026-06-30,16.356571958340297,MT
2026-06-30,12.74618598025386,MT
2026-06-30,52.73930215558069,MT
2026-06-30,12.33084711107779,MT
2026-06-30,0.0,MT
2026-06-30,16.976666217287097,MT
2026-06-30,15.494849602683288,MT
2026-06-30,4.028354533112255,MT
2026-06-30,1.2791885749995133,MT
2026-06-30,14.290833206950213,MT
2026-06-30,9.719740145321152,MT
2026-06-30,3.075018331423363,MT
2026-06-30,3.9578610213108623,MT
2026-06-30,1.8200039219267266,MT
2026-06-30,3.9379451111831743,MT
2026-06-30,3.749299111323433,MT
2026-06-30,0.9089934552770915,MT
2026-06-30,3.2690630732509813,MT
2026-06-30,4.142027072367015,MT
2026-06-30,3.233218035951709,MT
2026-06-30,6.339615049177112,MT
2026-06-30,3.332283100091042,MT
2026-06-30,5.226157139706178,MT
2026-06-30,3.1024379789950562,MT
2026-06-30,0.0,MT
2026-06-30,3.956083775684075,MT
2026-06-30,2.326645503065744,MT
2026-06-30,10.034907900073618,MT
2026-06-30,0.2640100674555196,MT
2026-06-30,0.0,MT
2026-06-30,1.605747202542915,MT
2026-06-30,0.0,MT
2026-06-30,0.0,MT
2026-06-30,0.0,MT
2026-06-30,0.0,MT
2026-06-30,0.0,MT
2026-06-30,0.0,MT
2026-06-30,0.0,MT
2026-06-30,0.0,MT
2026-06-30,0.0,MT
2026-06-30,0.0,MT
2026-06-30,0.0,MT
2026-06-30,0.0,MT
2026-06-30,1.6655263656423478,MT
2026-06-30,4.379941799110335,MT
2026-06-30,0.0,MT
2026-06-30,7.340086436315442,MT
2026-06-30,6.0233318110124445,MT
2026-06-30,14.390272847290008,MT
2026-06-30,0.11259089953513071,MT
2026-06-30,0.0,MT
2026-06-30,0.0,MT
2026-06-30,0.0,MT
2026-06-30,0.0,MT
2026-06-30,13.359455805079998,MT
2026-06-30,4.725319212052162,MT
2026-06-30,9.816235482863629,MT
2026-06-30,53.62350171300364,MT
2026-06-30,6.5164780157358635,MT
2026-06-30,10.227066516090364,MT
2026-06-30,3.2490761621734823,MT
2026-06-30,7.476267423734257,MT
2026-06-30,3.507162926599828,MT
2026-06-30,5.435825323335411,MT
2026-06-30,3.7463640959273894,MT
2026-06-30,4.418908836653296,MT
2026-06-30,11.095246635375556,MT
2026-06-30,6.269928298680324,MT
2026-06-30,4.685329989428429,MT
2026-06-30,0.0,MT
2026-06-30,14.748917582251359,MT
2026-06-30,4.38680766879255,MT
2026-06-30,4.807547158351498,MT
2026-06-30,7.460381078204968,MT
2026-06-30,6.083643224056729,MT
2026-06-30,6.138251088216605,MT
2026-06-30,37.24950741251894,MT
2026-06-30,8.71549656354525,MT
2026-06-30,0.0,MT
2026-06-30,9.025267711868866,MT
2026-06-30,57.35921104767616,MT
2026-06-30,0.0,MT
2026-06-30,0.0,MT
2026-06-30,4.134406304601567,MT
2026-06-30,0.0,MT
2026-06-30,0.0,MT
2026-06-30,0.0,MT
2026-06-30,0.0,MT
2026-06-30,100.0,MT
2026-06-30,0.0,MT
2026-06-30,0.0,MT
2026-06-30,4.576688608265842,MT
2026-06-30,9.945181780287228,MT
2026-06-30,0.0,MT
2026-06-30,8.894512480169356,MT
2026-06-30,10.254261335934338,MT
2026-06-30,3.896048836564521,MT
2026-06-30,0.0,MT
2026-06-30,1.310461764747771,MT
2026-06-30,6.831902530085111,MT
2026-06-30,7.419572601245582,MT
2026-06-30,16.53289841988484,MT
2026-06-30,4.485452089908299,MT
2026-06-30,7.544825346355329,MT
2026-06-30,6.305538007391578,MT
2026-06-30,5.970844788696083,MT
2026-06-30,7.1999370918987475,MT
2026-06-30,10.761649108702578,MT
2026-06-30,5.820173929065497,MT
2026-06-30,0.0,MT
2026-06-30,6.892885948211899,MT
2026-06-30,0.0,MT
2026-06-30,0.0,MT
2026-06-30,21.892461201244437,MT
2026-06-30,2.033592840984461,MT
2026-06-30,4.656956274441445,MT
2026-06-30,3.1432028711917908,MT
2026-06-30,4.722907610288747,MT
2026-06-30,6.165947776097312,MT
2026-06-30,2.8141720460925326,MT
2026-06-30,26.67533511996601,MT
2026-06-30,7.987672681924629,MT
2026-06-30,24.904663704313872,MT
2026-06-30,9.325381215819128,MT
2026-06-30,0.0,MT
2026-06-30,0.0,MT
2026-06-30,10.69706916824759,MT
2026-06-30,3.489727706721832,MT
2026-06-30,2.206693800004913,MT
2026-06-30,9.301637953182526,MT
2026-06-30,7.60551992463679,MT
2026-06-30,2.616930988853071,MT
2026-06-30,4.850821893758762,MT
2026-06-30,2.499986916983485,MT
2026-06-30,8.112298009481293,MT
2026-06-30,4.2678753219355885,MT
2026-06-30,0.0,MT
2026-06-30,5.906079354247982,MT
2026-06-30,8.214948836757904,MT
2026-06-30,4.790290735046418,MT
2026-06-30,4.354609710016053,MT
2026-06-30,5.104817232750281,MT
2026-06-30,8.602648553671383,MT
2026-06-30,4.241916682162244,MT
2026-06-30,1.4968612856221037,MT
2026-06-30,7.341556526204987,MT
2026-06-30,0.0,MT
2026-06-30,3.079721102475397,MT
2026-06-30,0.0,MT
2026-06-30,2.5224820520684252,MT
2026-06-30,34.00769754911593,MT
2026-06-30,0.0,MT
2026-06-30,0.0,MT
2026-06-30,4.675920808496319,MT
2026-06-30,0.0,MT
2026-06-30,37.557413007960854,MT
2026-06-30,0.0,MT
2026-06-30,0.0,MT
2026-06-30,0.0,MT
2026-06-30,0.0,MT
2026-06-30,3.604279849172545,MT
2026-06-30,1.8128777993449585,MT
2026-06-30,1.9319895010475017,MT
2026-06-30,0.0,MT
2026-06-30,24.338788423227445,MT
2026-06-30,3.7809002940225676,MT
2026-06-30,1.1459008076216128,MT
2026-06-30,4.260633908987203,MT
2026-06-30,5.637435160348048,MT
2026-06-30,6.366347387042107,MT
2026-06-30,16.699371414877355,MT
2026-06-30,11.291989004526624,MT
2026-06-30,13.97152717898637,MT
2026-06-30,2.2899423215192787,MT
2026-06-30,0.0,MT
2026-06-30,4.178655667885602,MT
2026-06-30,8.605663112919176,MT
2026-06-30,3.7358765260833433,MT
2026-06-30,5.142765991538796,MT
2026-06-30,2.689288636709699,MT
2026-06-30,0.0,MT
2026-06-30,0.5267546287669642,MT
2026-06-30,0.0,MT
2026-06-30,0.0,MT
2026-06-30,0.0,MT
2026-06-30,0.0,MT
2026-06-30,0.0,MT
2026-06-30,0.0,MT
2026-06-30,0.0,MT
2026-06-30,0.0,MT
2026-06-30,0.0,MT
2026-06-30,0.0,MT
2026-06-30,0.0,MT
2026-06-30,0.0,MT
2026-06-30,0.0,MT
2026-06-30,0.0,MT
2026-06-30,0.0,MT
2026-06-30,0.0,MT
2026-06-30,0.0,MT
2026-06-30,0.0,MT
2026-06-30,0.0,MT
2026-06-30,0.0,MT
2026-06-30,0.0,MT
2026-06-30,0.0,MT
2026-06-30,0.0,MT
2026-06-30,0.0,MT
2026-06-30,0.0,MT
2026-06-30,0.0,MT
2026-06-30,0.0,MT
2026-06-30,0.0,MT
2026-06-30,0.0,MT
2026-06-30,0.0,MT
2026-06-30,0.0,MT
2026-06-30,0.0,MT
2026-06-30,0.0,MT
2026-06-30,7.37518821457522,MT
2026-06-30,5.758279532014473,MT
2026-06-30,4.145267046687981,MT
2026-06-30,7.445909926574751,MT
2026-06-30,1.1966860838473254,MT
2026-06-30,3.566461246305655,MT
2026-06-30,4.611446429849464,MT
2026-06-30,0.0,MT
2026-06-30,1.5933438267250373,MT
2026-06-30,19.497511619420617,MT
2026-06-30,2.9883738806488545,MT
2026-06-30,3.9451937545619797,MT
2026-06-30,2.748413079381143,MT
2026-06-30,3.923582755154397,MT
2026-06-30,4.01944929511836,MT
2026-06-30,0.0,MT
2026-06-30,0.0,MT
2026-06-30,2.974173119158181,MT
2026-06-30,16.80802791163667,MT
2026-06-30,4.654652690646552,MT
2026-06-30,2.4314127457696535,MT
2026-06-30,2.4649337222448264,MT
2026-06-30,12.184741108494883,MT
2026-06-30,6.912820592642604,MT
2026-06-30,26.455517599292715,MT
2026-06-30,3.1264038491556434,MT
2026-06-30,25.48453026011489,MT
2026-06-30,7.503809744018309,MT
2026-06-30,9.259771007234868,MT
2026-06-30,5.812315949891856,MT
2026-06-30,4.944490149570548,MT
2026-06-30,3.346653965110704,MT
2026-06-30,49.761477444972435,MT
2026-06-30,5.302024685052322,MT
2026-06-30,7.644081764949219,MT
2026-06-30,15.483183792972921,MT
2026-06-30,3.7068659564827606,MT
2026-06-30,5.5362053054370275,MT
2026-06-30,1.4439584236568563,MT
2026-06-30,7.776343663583739,MT
2026-06-30,4.655414719605439,MT
2026-06-30,9.195016973076408,MT
2026-06-30,3.0950758063479116,MT
2026-06-30,10.33586116056794,MT
2026-06-30,4.887934672862028,MT
2026-06-30,4.810464187217892,MT
2026-06-30,4.235218810197709,MT
2026-06-30,8.754719038781127,MT
2026-06-30,2.9772614214527873,MT
2026-06-30,13.00998258269766,MT
2026-06-30,0.0,MT
2026-06-30,0.0,MT
2026-06-30,10.539854008111757,MT
2026-06-30,0.0,MT
2026-06-30,0.0,MT
2026-06-30,6.858331657352582,MT
2026-06-30,0.0,MT
2026-06-30,0.0,MT
2026-06-30,0.0,MT
2026-06-30,0.0,MT
2026-06-30,0.0,MT
2026-06-30,0.0,MT
2026-06-30,0.0,MT
2026-06-30,0.0,MT
2026-06-30,3.165585570138622,MT
2026-06-30,3.883314308448212,MT
2026-06-30,14.405734049356381,MT
2026-06-30,1.618008591328888,MT
2026-06-30,3.821277980000652,MT
2026-06-30,1.4662851231229688,MT
2026-06-30,10.93451274275165,MT
2026-06-30,5.150326114177693,MT
2026-06-30,1.5575213504760073,MT
2026-06-30,3.655014000495105,MT
2026-06-30,21.065466116550738,MT
2026-06-30,2.9409004816879096,MT
2026-06-30,24.27408906382508,MT
2026-06-30,7.0756420216554154,MT
2026-06-30,4.077130157681323,MT
2026-06-30,4.2775822789829885,MT
2026-06-30,0.0,MT
2026-06-30,0.0,MT
2026-06-30,1.2891931978425393,MT
2026-06-30,14.728619428092868,MT
2026-06-30,6.570906873234455,MT
2026-06-30,1.4224096788874703,MT
2026-06-30,0.8605556654843104,MT
2026-06-30,7.502965303690587,MT
2026-06-30,6.473295221440191,MT
2026-06-30,0.0,MT
2026-06-30,3.772686572138472,MT
2026-06-30,12.247509917289822,MT
2026-06-30,7.407088649874876,MT
2026-06-30,10.01754415117513,MT
2026-06-30,5.782196887956065,MT
2026-06-30,12.036874541453356,MT
2026-06-30,1.9028024179464993,MT
2026-06-30,0.0,MT
2026-06-30,0.4191636887613999,MT
2026-06-30,2.2962281133581715,MT
2026-06-30,22.78145749703866,MT
2026-06-30,5.625671231405398,MT
2026-06-30,6.463999371593928,MT
2026-06-30,3.129583739372764,MT
2026-06-30,19.305503931539516,MT
2026-06-30,7.665432296491559,MT
2026-06-30,8.76844519718934,MT
2026-06-30,2.617011960821719,MT
2026-06-30,17.660828108758544,MT
2026-06-30,9.251890571694092,MT
2026-06-30,13.371662856024269,MT
2026-06-30,6.522829082245895,MT
2026-06-30,7.788400819224179,MT
2026-06-30,3.9603806899507004,MT
2026-06-30,18.48150630566128,MT
2026-06-30,0.0,MT
2026-06-30,0.8084878061877656,MT
2026-06-30,12.098745026218676,MT
2026-06-30,2.2764621242832406,MT
2026-06-30,2.859373597500073,MT
2026-06-30,1.2956816795433868,MT
2026-06-30,17.26032696640834,MT
2026-06-30,4.054951559605463,MT
2026-06-30,0.0,MT
2026-06-30,1.55437015673244,MT
2026-06-30,13.715616880402196,MT
2026-06-30,8.37174167533548,MT
2026-06-30,5.286871656872404,MT
2026-06-30,3.7533256378934725,MT
2026-06-30,10.387154752857013,MT
2026-06-30,2.2850510663598405,MT
2026-06-30,0.0,MT
2026-06-30,0.0,MT
2026-06-30,2.405224602234738,MT
2026-06-30,0.0,MT
2026-06-30,0.0,MT
2026-06-30,0.0,MT
2026-06-30,0.0,MT
2026-06-30,8.225698291849634,MT
2026-06-30,2.3665232860708407,MT
2026-06-30,0.0,MT
2026-06-30,100.0,MT
2026-06-30,0.0,MT
2026-06-30,0.0,MT
2026-06-30,0.0,MT
2026-06-30,4.58839760882003,MT
2026-06-30,0.0,MT
2026-06-30,2.2518378826364214,MT
2026-06-30,0.0,MT
2026-06-30,100.0,MT
2026-06-30,24.012399701440977,MT
2026-06-30,0.0,MT
2026-06-30,32.373098882570126,MT
2026-06-30,0.0,MT
2026-06-30,0.0,MT
2026-06-30,0.0,MT
2026-06-30,1.795802770589322,MT
2026-06-30,0.0,MT
2026-06-30,25.633562846479684,MT
2026-06-30,0.0,MT
2026-06-30,0.0,MT
2026-06-30,0.0,MT
2026-06-30,9.828972024894247,MT
2026-06-30,0.0,MT
2026-06-30,15.318776777642388,MT
2026-06-30,0.0,MT
2026-06-30,29.334096988637864,MT
2026-06-30,13.44028026983315,MT
2026-06-30,0.0,MT
2026-06-30,24.101471564706582,MT
2026-06-30,0.0,MT
2026-06-30,12.958483026579316,MT
2026-06-30,0.0,MT
2026-06-30,5.477122491297153,MT
2026-06-30,0.0,MT
2026-06-30,36.05564744370832,MT
2026-06-30,4.0088232120092515,MT
2026-06-30,0.0,MT
2026-06-30,44.508083436063565,MT
2026-06-30,2.731256015850767,MT
2026-06-30,0.0,MT
2026-06-30,0.0,MT
2026-06-30,0.0,MT
2026-06-30,0.0,MT
2026-06-30,0.0,MT
2026-06-30,0.0,MT
2026-06-30,0.0,MT
2026-06-30,0.0,MT
2026-06-30,0.0,MT
2026-06-30,0.0,MT
2026-06-30,0.0,MT
2026-06-30,0.0,MT
2026-06-30,0.0,MT
2026-06-30,0.0,MT
2026-06-30,0.0,PA
2026-06-30,0.0,PA
2026-06-30,0.0,PA
2026-06-30,0.0,PA
2026-06-30,1.5161249938711097,PA
2026-06-30,0.0,PA
2026-06-30,20.23579138577429,PA
2026-06-30,41.75737588760649,PA
2026-06-30,2.8927896685735544,PA
2026-06-30,4.394053661614144,PA
2026-06-30,16.30173916638915,PA
2026-06-30,8.168510894911574,PA
2026-06-30,3.2913700150684644,PA
2026-06-30,0.0,PA
2026-06-30,11.982988598110673,PA
2026-06-30,0.0,PA
2026-06-30,12.036267687327005,PA
2026-06-30,15.463954369703057,PA
2026-06-30,0.0,PA
2026-06-30,8.675068842676572,PA
2026-06-30,7.224218744356762,PA
2026-06-30,0.0,PA
2026-06-30,4.66579130988146,PA
2026-06-30,0.0,PA
2026-06-30,4.736134479351643,PA
2026-06-30,43.577291686319555,PA
2026-06-30,0.0,PA
2026-06-30,0.0,PA
2026-06-30,54.99810452345946,PA
2026-06-30,31.07072310410578,PA
2026-06-30,0.0,PA
2026-06-30,5.955489206642976,PA
2026-06-30,0.0,PA
2026-06-30,11.328550076480168,PA
2026-06-30,25.50828208308522,PA
2026-06-30,0.0,PA
2026-06-30,4.411649082462365,PA
2026-06-30,8.859301640847553,PA
2026-06-30,0.0,PA
2026-06-30,0.0,PA
2026-06-30,0.0,PA
2026-06-30,18.73614901580822,PA
2026-06-30,100.0,PA
2026-06-30,5.606441729297977,PA
2026-06-30,0.0,PA
2026-06-30,0.0,PA
2026-06-30,4.7836183330832345,PA
2026-06-30,0.0,PA
2026-06-30,0.0,PA
2026-06-30,10.980081517336828,PA
2026-06-30,0.0,PA
2026-06-30,9.924203233005308,PA
2026-06-30,10.528362356324832,PA
2026-06-30,0.0,PA
2026-06-30,7.148173427221106,PA
2026-06-30,0.0,PA
2026-06-30,10.915762365856203,PA
2026-06-30,0.0,PA
2026-06-30,0.0,PA
2026-06-30,5.028931721479612,PA
2026-06-30,0.0,PA
2026-06-30,2.2105944896974017,PA
2026-06-30,8.979601791599867,PA
2026-06-30,0.0,PA
2026-06-30,6.030157548478827,PA
2026-06-30,0.0,PA
2026-06-30,0.0,PA
2026-06-30,3.461869240203483,PA
2026-06-30,5.385348276798848,PA
2026-06-30,21.411383709808653,PA
2026-06-30,19.738830866893743,PA
2026-06-30,2.6025746198817745,PA
2026-06-30,0.0,PA
2026-06-30,9.528555836515707,PA
2026-06-30,0.0,PA
2026-06-30,14.315261723487223,PA
2026-06-30,0.0,PA
2026-06-30,10.099795434902909,PA
2026-06-30,0.0,PA
2026-06-30,3.736762065051881,PA
2026-06-30,8.336776614997996,PA
2026-06-30,0.0,PA
2026-06-30,9.213312044632715,PA
2026-06-30,100.0,PA
2026-06-30,7.978231435084712,PA
2026-06-30,0.0,PA
2026-06-30,5.557589184502151,PA
2026-06-30,100.0,PA
2026-06-30,100.0,PA
2026-06-30,8.846337927508644,PA
2026-06-30,0.0,PA
2026-06-30,3.6792168383932484,PA
2026-06-30,5.72983103271417,PA
2026-06-30,19.00889151143304,PA
2026-06-30,100.0,PA
2026-06-30,0.0,PA
2026-06-30,0.0,PA
2026-06-30,36.46670780285376,PA
2026-06-30,0.0,PA
2026-06-30,32.73343722766235,PA
2026-06-30,37.35434763458698,PA
2026-06-30,0.0,PA
2026-06-30,0.0,PA
2026-06-30,67.22387377708633,PA
2026-06-30,4.250230306333638,PA
2026-06-30,0.0,PA
2026-06-30,0.26255533326358094,PA
2026-06-30,0.0,PA
2026-06-30,2.3692073851015993,PA
2026-06-30,0.0,PA
2026-06-30,0.0,PA
2026-06-30,0.0,PA
2026-06-30,73.06934694987093,PA
2026-06-30,15.253158893706756,PA
2026-06-30,0.0,PA
2026-06-30,0.0,PA
2026-06-30,4.4646215448935465,PA
2026-06-30,0.0,PA
2026-06-30,18.4067108076988,PA
2026-06-30,19.807654126470055,PA
2026-06-30,0.0,PA
2026-06-30,47.453834740042595,PA
2026-06-30,5.928591389284307,PA
2026-06-30,20.824839490271334,PA
2026-06-30,15.828076238851526,PA
2026-06-30,0.0,PA
2026-06-30,17.10409186810867,PA
2026-06-30,0.0,PA
2026-06-30,5.12075179818965,PA
2026-06-30,14.04139865725501,PA
2026-06-30,13.123795725747907,PA
2026-06-30,0.0,PA
2026-06-30,14.413502324348862,PA
2026-06-30,0.0,PA
2026-06-30,7.80212513983734,PA
2026-06-30,100.0,PA
2026-06-30,13.473684560612801,PA
2026-06-30,0.0,PA
2026-06-30,79.06427090655271,PA
2026-06-30,4.8562263345899925,PA
2026-06-30,9.35561133005747,PA
2026-06-30,21.313872242439288,PA
2026-06-30,20.76055988873709,PA
2026-06-30,2.4470106405649528,PA
2026-06-30,20.60003919060185,PA
2026-06-30,25.981689077394453,PA
2026-06-30,0.0,PA
2026-06-30,4.8481231993658005,PA
2026-06-30,4.7422299914931285,PA
2026-06-30,18.713796752444264,PA
2026-06-30,11.948515182772702,PA
2026-06-30,3.2401089270079195,PA
2026-06-30,7.041357934314535,PA
2026-06-30,10.075182431292712,PA
2026-06-30,100.0,PA
2026-06-30,25.074820842270913,PA
2026-06-30,7.875595944669353,PA
2026-06-30,100.0,PA
2026-06-30,6.870923750711209,PA
2026-06-30,4.283021101402942,PA
2026-06-30,0.0,PA
2026-06-30,7.488994006407654,PA
2026-06-30,12.644172269972934,PA
2026-06-30,0.0,PA
2026-06-30,0.0,PA
2026-06-30,0.0,PA
2026-06-30,14.102153777388537,PA
2026-06-30,0.0,PA
2026-06-30,0.0,PA
2026-06-30,5.226227461703016,PA
2026-06-30,3.624131729530012,PA
2026-06-30,32.49360177069588,PA
2026-06-30,53.56791226085924,PA
2026-06-30,7.255818344757602,PA
2026-06-30,0.0,PA
2026-06-30,12.144507948580502,PA
2026-06-30,0.0,PA
2026-06-30,17.042553573616058,PA
2026-06-30,0.0,PA
2026-06-30,100.0,PA
2026-06-30,24.818339214529296,PA
2026-06-30,0.0,PA
2026-06-30,100.0,PA
2026-06-30,3.926597131183538,PA
2026-06-30,15.054802187834742,PA
2026-06-30,0.0,PA
2026-06-30,11.175352125192727,PA
2026-06-30,0.0,PA
2026-06-30,100.0,PA
2026-06-30,11.651312752192164,PA
2026-06-30,0.0,PA
2026-06-30,0.0,PA
2026-06-30,7.785730393379469,PA
2026-06-30,0.0,PA
2026-06-30,100.0,PA
2026-06-30,11.522875947902152,PA
2026-06-30,0.0,PA
2026-06-30,4.924842254840437,PA
2026-06-30,8.287568562837148,PA
2026-06-30,19.441955232607057,PA
2026-06-30,0.0,PA
2026-06-30,0.0,PA
2026-06-30,9.603288170210016,PA
2026-06-30,0.0,PA
2026-06-30,2.656511499597871,PA
2026-06-30,0.7112989226866537,PA
2026-06-30,20.53217876657326,PA
2026-06-30,66.81196952786564,PA
2026-06-30,2.6290056514193574,PA
2026-06-30,9.906724870351532,PA
2026-06-30,0.0,PA
2026-06-30,15.251173580999064,PA
2026-06-30,6.33088563405608,PA
2026-06-30,0.0,PA
2026-06-30,3.3674134835835736,PA
2026-06-30,6.318705619129883,PA
2026-06-30,0.0,PA
2026-06-30,9.746930593609045,PA
2026-06-30,11.048378403596343,PA
2026-06-30,5.969703088946068,PA
2026-06-30,8.160172620729568,PA
2026-06-30,0.0,PA
2026-06-30,3.592274039913225,PA
2026-06-30,8.225561334604334,PA
2026-06-30,32.55485689499829,PA
2026-06-30,0.0,PA
2026-06-30,0.0,PA
2026-06-30,0.0,PA
2026-06-30,0.0,PA
2026-06-30,0.0,PA
2026-06-30,0.0,PA
2026-06-30,6.3521676137854435,PA
2026-06-30,0.0,PA
2026-06-30,0.0,PA
2026-06-30,0.0,PA
2026-06-30,9.404451602276568,PA
2026-06-30,0.0,PA
2026-06-30,5.821821768735704,PA
2026-06-30,0.0,PA
2026-06-30,0.0,PA
2026-06-30,1.0101356656562823,PA
2026-06-30,9.14516152427832,PA
2026-06-30,4.732633234019388,PA
2026-06-30,28.570185773520713,PA
2026-06-30,0.0,PA
2026-06-30,0.0,PA
2026-06-30,0.0,PA
2026-06-30,0.0,PA
2026-06-30,5.39590882266585,PA
2026-06-30,0.0,PA
2026-06-30,8.136936471428363,PA
2026-06-30,0.0,PA
2026-06-30,10.69664417059409,PA
2026-06-30,12.025258221126284,PA
2026-06-30,3.3623723967562316,PA
2026-06-30,0.0,PA
2026-06-30,6.510539096917727,PA
2026-06-30,0.0,PA
2026-06-30,8.300806798343348,PA
2026-06-30,0.0,PA
2026-06-30,10.261747323047906,PA
2026-06-30,0.0,PA
2026-06-30,22.243025444339967,PA
2026-06-30,0.0,PA
2026-06-30,3.555674963040868,PA
2026-06-30,0.0,PA
2026-06-30,4.415552998233361,PA
2026-06-30,0.0,PA
2026-06-30,7.5533247316542775,PA
2026-06-30,0.0,PA
2026-06-30,0.0,PA
2026-06-30,0.0,PA
2026-06-30,0.0,PA
2026-06-30,5.960961542746649,PA
2026-06-30,0.0,PA
2026-06-30,0.0,PA
2026-06-30,0.0,PA
2026-06-30,0.0,PA
2026-06-30,12.513986622134809,PA
2026-06-30,0.0,PA
2026-06-30,14.06343738369413,PA
2026-06-30,0.0,PA
2026-06-30,2.581629399873468,PA
2026-06-30,0.0,PA
2026-06-30,8.942231969433204,PA
2026-06-30,0.0,PA
2026-06-30,4.474270531390529,PA
2026-06-30,0.0,PA
2026-06-30,7.727960877333441,PA
2026-06-30,4.163247170551021,PA
2026-06-30,0.0,PA
2026-06-30,9.539641503176114,PA
2026-06-30,45.78067610737801,PA
2026-06-30,6.250157234844868,PA
2026-06-30,0.0,PA
2026-06-30,6.903331573099054,PA
2026-06-30,0.0,PA
2026-06-30,0.6897406576276456,PA
2026-06-30,0.0,PA
2026-06-30,0.0,PA
2026-06-30,0.0,PA
2026-06-30,0.0,PA
2026-06-30,0.0,PA
2026-06-30,15.288252071496593,PA
2026-06-30,18.151235672628314,PA
2026-06-30,7.431892603113559,PA
2026-06-30,0.0,PA
2026-06-30,0.0,PA
2026-06-30,0.0,PA
2026-06-30,0.0,PA
2026-06-30,0.0,PA
2026-06-30,0.0,PA
2026-06-30,4.280805708495256,PA
2026-06-30,23.993603609233798,PA
2026-06-30,17.098998213701393,PA
2026-06-30,9.3005467393432,PA
2026-06-30,33.23065109784528,PA
2026-06-30,10.294509599160733,PA
2026-06-30,0.0,PA
2026-06-30,9.177531258814733,PA
2026-06-30,4.021626591007881,PA
2026-06-30,0.0,PA
2026-06-30,3.974332744486035,PA
2026-06-30,5.694980162844471,PA
2026-06-30,4.588339356583215,PA
2026-06-30,0.0,PA
2026-06-30,6.223661010851297,PA
2026-06-30,0.0,PA
2026-06-30,10.716874046874642,PA
2026-06-30,66.5543165465103,PA
2026-06-30,0.0,PA
2026-06-30,0.0,PA
2026-06-30,0.0,PA
2026-06-30,42.64758709713979,PA
2026-06-30,0.0,PA
2026-06-30,61.13634217560578,PA
2026-06-30,10.012313899890026,PA
2026-06-30,6.70154223064066,PA
2026-06-30,0.0,PA
2026-06-30,0.0,PA
2026-06-30,0.0,PA
2026-06-30,0.0,PA
2026-06-30,0.0,PA
2026-06-30,13.883736672619992,PA
2026-06-30,0.0,PA
2026-06-30,24.939205016049492,PA
2026-06-30,0.0,PA
2026-06-30,8.773218402070533,PA
2026-06-30,0.0,PA
2026-06-30,17.185093464779552,PA
2026-06-30,0.0,PA
2026-06-30,8.81545298313659,PA
2026-06-30,0.0,PA
2026-06-30,0.0,PA
2026-06-30,0.0,PA
2026-06-30,100.0,PA
2026-06-30,22.364305318170494,PA
2026-06-30,4.483837705111729,PA
2026-06-30,20.86265544694143,PA
2026-06-30,7.153808267919645,PA
2026-06-30,0.0,PA
2026-06-30,5.584714218165465,PA
2026-06-30,0.0,PA
2026-06-30,5.091523123040447,PA
2026-06-30,0.5182646575736544,PA
2026-06-30,0.0,PA
2026-06-30,18.436075617811703,PA
2026-06-30,3.740925815507976,PA
2026-06-30,0.0,PA
2026-06-30,13.223928083519185,PA
2026-06-30,0.0,PA
2026-06-30,8.785184305304705,PA
2026-06-30,3.0274568851151074,PA
2026-06-30,5.214758556386055,PA
2026-06-30,0.0,PA
2026-06-30,4.653523875442244,PA
2026-06-30,0.0,PA
2026-06-30,5.670948140549418,PA
2026-06-30,38.152093190837775,PA
2026-06-30,5.669972547189956,PA
2026-06-30,0.0,PA
2026-06-30,7.314964533639968,PA
2026-06-30,27.063702097626535,PA
2026-06-30,5.153057481249728,PA
2026-06-30,8.418941133211792,PA
2026-06-30,6.647196360982216,PA
2026-06-30,7.145602307771755,PA
2026-06-30,0.0,PA
2026-06-30,0.0,PA
2026-06-30,2.8001705192786694,PA
2026-06-30,0.0,PA
2026-06-30,0.0,PA
2026-06-30,12.087249693855567,PA
2026-06-30,0.0,PA
2026-06-30,0.0,PA
2026-06-30,0.0,PA
2026-06-30,0.7184111983277378,PA
2026-06-30,3.742899370362219,PA
2026-06-30,1.3117966937081482,PA
2026-06-30,0.0,PA
2026-06-30,2.9696908068832473,PA
2026-06-30,0.0,PA
2026-06-30,0.05007091660721749,PA
2026-06-30,0.0,PA
2026-06-30,2.209690900968305,PA
2026-06-30,0.0,PA
2026-06-30,3.1181210940742035,PA
2026-06-30,0.0,PA
2026-06-30,2.6959994205521816,PA
2026-06-30,0.0,PA
2026-06-30,3.17310689006449,PA
2026-06-30,0.0,PA
2026-06-30,0.5935131659817039,PA
2026-06-30,17.230510899989167,PA
2026-06-30,0.0,PA
2026-06-30,0.0,PA
2026-06-30,60.364552942576076,PA
2026-06-30,5.010606803121726,PA
2026-06-30,14.603756792072586,PA
2026-06-30,15.108487048041264,PA
2026-06-30,9.565109275608153,PA
2026-06-30,2.0130363500997577,PA
2026-06-30,10.679911867324863,PA
2026-06-30,7.388577607264475,PA
2026-06-30,1.6169182497291692,PA
2026-06-30,1.2481825174484271,PA
2026-06-30,22.286365871280214,PA
2026-06-30,4.623169071503783,PA
2026-06-30,13.892342735546148,PA
2026-06-30,7.173033319136109,PA
2026-06-30,11.848268254990733,PA
2026-06-30,3.8736165872914134,PA
2026-06-30,0.6700377020276668,PA
2026-06-30,3.3893444921390308,PA
2026-06-30,22.35502258161286,PA
2026-06-30,7.456404218530934,PA
2026-06-30,7.436140044278586,PA
2026-06-30,3.6286087109592615,PA
2026-06-30,22.77541325805319,PA
2026-06-30,10.076597631966793,PA
2026-06-30,1.838841313497364,PA
2026-06-30,4.230671665228539,PA
2026-06-30,19.684623660689926,PA
2026-06-30,7.723181878535875,PA
2026-06-30,11.428496611537435,PA
2026-06-30,6.261927237956419,PA
2026-06-30,15.376641062859608,PA
2026-06-30,5.284981864898783,PA
2026-06-30,64.61739552196019,PA
2026-06-30,0.0,PA
2026-06-30,1.0096162508909061,PA
2026-06-30,22.009558306746207,PA
2026-06-30,4.78585433812375,PA
2026-06-30,7.58472122455515,PA
2026-06-30,1.7144171961366999,PA
2026-06-30,11.170155256644811,PA
2026-06-30,8.227000050516466,PA
2026-06-30,4.308666951866384,PA
2026-06-30,1.540681183529534,PA
2026-06-30,8.396583405310935,PA
2026-06-30,6.447707930067229,PA
2026-06-30,8.707244198639616,PA
2026-06-30,4.829121004729001,PA
2026-06-30,1.5430348287148965,PA
2026-06-30,2.443072849905556,PA
2026-06-30,34.30346580654384,PA
2026-06-30,0.0,PA
2026-06-30,2.806722244937359,PA
2026-06-30,0.0,PA
2026-06-30,42.96652464776269,PA
2026-06-30,6.4782386109810215,PA
2026-06-30,41.65575494091542,PA
2026-06-30,0.0,PA
2026-06-30,0.0,PA
2026-06-30,95.70435607072272,PA
2026-06-30,60.85784801188505,PA
2026-06-30,0.0,PA
2026-06-30,7.454266875228139,PA
2026-06-30,0.0,PA
2026-06-30,0.0,PA
2026-06-30,11.973637137373764,PA
2026-06-30,4.055232950591844,PA
2026-06-30,18.338480765192603,PA
2026-06-30,3.786163447367131,PA
2026-06-30,7.210942372936639,PA
2026-06-30,1.8954696195535046,PA
2026-06-30,13.411200214348987,PA
2026-06-30,5.01201034449813,PA
2026-06-30,4.635607168429431,PA
2026-06-30,4.8078059968058104,PA
2026-06-30,21.037016983445582,PA
2026-06-30,6.2327155145819875,PA
2026-06-30,8.896055612480572,PA
2026-06-30,7.3173261515795796,PA
2026-06-30,9.09599670456037,PA
2026-06-30,5.473950229200463,PA
2026-06-30,0.0,PA
2026-06-30,0.0,PA
2026-06-30,0.0,PA
2026-06-30,20.000734153766153,PA
2026-06-30,7.222061016429338,PA
2026-06-30,6.990927473120467,PA
2026-06-30,2.4451764974052406,PA
2026-06-30,17.346328296524717,PA
2026-06-30,5.719052241203875,PA
2026-06-30,0.4319327248484815,PA
2026-06-30,8.078948291512814,PA
2026-06-30,16.248886998102858,PA
2026-06-30,2.564638593191592,PA
2026-06-30,12.30476993758213,PA
2026-06-30,8.552486557590429,PA
2026-06-30,5.071694651923927,PA
2026-06-30,4.099668563350098,PA
2026-06-30,0.0,PA
2026-06-30,1.0140225213756107,PA
2026-06-30,8.469178513815843,PA
2026-06-30,31.744138878382987,PA
2026-06-30,10.129212763309745,PA
2026-06-30,11.17334077191034,PA
2026-06-30,4.868063301939288,PA
2026-06-30,20.167982542473894,PA
2026-06-30,10.235699477773643,PA
2026-06-30,9.852473987226432,PA
2026-06-30,4.881921928728284,PA
2026-06-30,16.90392323160259,PA
2026-06-30,8.669546270075895,PA
2026-06-30,13.786401712425327,PA
2026-06-30,7.3848834732027875,PA
2026-06-30,7.058160189419302,PA
2026-06-30,4.137838150646173,PA
2026-06-30,16.78496710372151,PA
2026-06-30,6.566548391701009,PA
2026-06-30,5.151696567208167,PA
2026-06-30,19.904361734392197,PA
2026-06-30,3.343132446109938,PA
2026-06-30,8.821300216678432,PA
2026-06-30,1.57747726729815,PA
2026-06-30,12.679359732836822,PA
2026-06-30,6.98654599497353,PA
2026-06-30,3.5490037267119754,PA
2026-06-30,1.6377734643964266,PA
2026-06-30,12.094854754836092,PA
2026-06-30,5.353814331364489,PA
2026-06-30,11.670103810722434,PA
2026-06-30,4.718992103682312,PA
2026-06-30,7.258735414671709,PA
2026-06-30,2.7801598192499144,PA
2026-06-30,0.0,PA
2026-06-30,80.39968559993495,PA
2026-06-30,17.453877132419425,PA
2026-06-30,0.0,PA
2026-06-30,9.777315619619726,PA
2026-06-30,0.0,PA
2026-06-30,0.0,PA
2026-06-30,0.0,PA
2026-06-30,83.2490865732758,PA
2026-06-30,25.087291921622125,PA
2026-06-30,0.0,PA
2026-06-30,30.666752731366643,PA
2026-06-30,0.0,PA
2026-06-30,0.0,PA
2026-06-30,17.994163733374588,PA
2026-06-30,44.15484171705124,PA
2026-06-30,0.0,PA
2026-06-30,16.943382101648574,PA
2026-06-30,25.182566395233902,PA
2026-06-30,35.88621393231428,PA
2026-06-30,32.12975050008095,PA
2026-06-30,0.26819698987852225,PA
2026-06-30,0.0,PA
2026-06-30,0.0,PA
2026-06-30,0.0,PA
2026-06-30,43.58312840162438,PA
2026-06-30,14.73594449963688,PA
2026-06-30,0.0,PA
2026-06-30,4.637993874573499,PA
2026-06-30,23.050257998411823,PA
2026-06-30,0.0,PA
2026-06-30,0.0,PA
2026-06-30,51.63962666303321,PA
2026-06-30,7.110266179817369,PA
2026-06-30,13.797089237090315,PA
2026-06-30,0.0,PA
2026-06-30,0.0,PA
2026-06-30,51.7210108538371,PA
2026-06-30,0.0,PA
2026-06-30,37.56237191205126,PA
2026-06-30,0.0,PA
2026-06-30,27.572160185308476,PA
2026-06-30,0.0,PA
2026-06-30,46.60844878865921,PA
2026-06-30,0.0,PA
2026-06-30,76.81915446849153,PA
2026-06-30,33.397414889801226,PA
2026-06-30,0.0,PA
2026-06-30,52.612940705131926,PA
2026-06-30,64.49365445936132,PA
2026-06-30,16.777827670919486,PA
2026-06-30,15.089008203115057,PA
2026-06-30,15.18244034989451,PA
2026-06-30,0.0,PA
2026-06-30,18.14686150121509,PA
2026-06-30,0.0,PA
2026-06-30,0.0,PA
2026-06-30,30.536152949657808,PA
2026-06-30,49.353352812910515,PA
2026-06-30,17.784784565668232,PA
2026-06-30,0.0,PA
2026-06-30,0.0,PA
2026-06-30,0.0,PA
2026-06-30,0.0,PA
2026-06-30,0.0,PA
2026-06-30,0.0,PA
2026-06-30,0.0,PA
2026-06-30,0.0,PA
2026-06-30,0.0,PA
2026-06-30,0.0,PB
2026-06-30,0.0,PB
2026-06-30,1.1272212699436817,PB
2026-06-30,1.0353576524058903,PB
2026-06-30,0.0,PB
2026-06-30,9.248211142521821,PB
2026-06-30,4.336762510269631,PB
2026-06-30,0.48553410445917367,PB
2026-06-30,10.17607769517665,PB
2026-06-30,0.0,PB
2026-06-30,2.257403181783211,PB
2026-06-30,0.06563729103049167,PB
2026-06-30,8.422268455596148,PB
2026-06-30,0.0,PB
2026-06-30,4.835547529722098,PB
2026-06-30,4.859782767098076,PB
2026-06-30,0.6972234670791333,PB
2026-06-30,2.9196386006462145,PB
2026-06-30,0.0,PB
2026-06-30,10.725440687504536,PB
2026-06-30,100.0,PB
2026-06-30,0.19711005817294117,PB
2026-06-30,1.4661027072394137,PB
2026-06-30,3.7405699636881193,PB
2026-06-30,29.812996789661177,PB
2026-06-30,0.0,PB
2026-06-30,3.8929432139043185,PB
2026-06-30,17.32625172234296,PB
2026-06-30,0.0,PB
2026-06-30,15.911858881926236,PB
2026-06-30,100.0,PB
2026-06-30,7.519927930060614,PB
2026-06-30,2.7016448227568315,PB
2026-06-30,1.8113797806621552,PB
2026-06-30,0.0,PB
2026-06-30,0.0,PB
2026-06-30,9.940094290725002,PB
2026-06-30,11.614505846245793,PB
2026-06-30,7.042122239070283,PB
2026-06-30,4.542041644922744,PB
2026-06-30,5.49236637022045,PB
2026-06-30,100.0,PB
2026-06-30,4.240245185748294,PB
2026-06-30,12.05808542678833,PB
2026-06-30,100.0,PB
2026-06-30,0.3756569542671108,PB
2026-06-30,5.143992039447663,PB
2026-06-30,8.913195527884497,PB
2026-06-30,16.727029656658946,PB
2026-06-30,41.245446798850516,PB
2026-06-30,2.8364741597858116,PB
2026-06-30,6.542616893372777,PB
2026-06-30,12.277991920394436,PB
2026-06-30,100.0,PB
2026-06-30,15.770099130101677,PB
2026-06-30,4.302845541015269,PB
2026-06-30,5.20531558520767,PB
2026-06-30,0.0,PB
2026-06-30,5.609251579541538,PB
2026-06-30,8.220158753927825,PB
2026-06-30,0.0,PB
2026-06-30,100.0,PB
2026-06-30,3.9481001621607463,PB
2026-06-30,6.174273466973847,PB
2026-06-30,0.0,PB
2026-06-30,2.619016714049957,PB
2026-06-30,0.47114939923050053,PB
2026-06-30,47.34331707334165,PB
2026-06-30,0.0,PB
2026-06-30,0.0,PB
2026-06-30,100.0,PB
2026-06-30,0.0,PB
2026-06-30,100.0,PB
2026-06-30,0.0,PB
2026-06-30,0.0,PB
2026-06-30,0.0,PB
2026-06-30,37.61585295920023,PB
2026-06-30,100.0,PB
2026-06-30,7.257507277641998,PB
2026-06-30,0.0,PB
2026-06-30,4.378827421031453,PB
2026-06-30,100.0,PB
2026-06-30,15.355659502172504,PB
2026-06-30,4.020907341945049,PB
2026-06-30,0.0,PB
2026-06-30,0.0,PB
2026-06-30,13.925097505941094,PB
2026-06-30,0.0,PB
2026-06-30,3.14320791493378,PB
2026-06-30,3.677208307083599,PB
2026-06-30,12.418700291574163,PB
2026-06-30,15.613201381648034,PB
2026-06-30,0.0,PB
2026-06-30,0.0,PB
2026-06-30,3.4043344759792524,PB
2026-06-30,8.30479307884638,PB
2026-06-30,14.074337550796937,PB
2026-06-30,7.39051111873469,PB
2026-06-30,0.0,PB
2026-06-30,5.744163379647151,PB
2026-06-30,6.807607427853385,PB
2026-06-30,0.0,PB
2026-06-30,100.0,PB
2026-06-30,4.448267111074783,PB
2026-06-30,14.409156959558933,PB
2026-06-30,1.8562189965536275,PB
2026-06-30,0.4022908842614292,PB
2026-06-30,3.2721674336973474,PB
2026-06-30,0.0,PB
2026-06-30,15.556747418231312,PB
2026-06-30,88.7056323060574,PB
2026-06-30,1.3111627353550057,PB
2026-06-30,6.102595809834757,PB
2026-06-30,14.920885522441285,PB
2026-06-30,0.0,PB
2026-06-30,3.854310293535689,PB
2026-06-30,21.18566074900531,PB
2026-06-30,7.270346506159287,PB
2026-06-30,7.070279159637074,PB
2026-06-30,4.473756975796974,PB
2026-06-30,100.0,PB
2026-06-30,0.11372996899664704,PB
2026-06-30,3.90751205224091,PB
2026-06-30,20.79631658291848,PB
2026-06-30,0.0,PB
2026-06-30,6.403596039760696,PB
2026-06-30,0.0,PB
2026-06-30,3.4859105626828395,PB
2026-06-30,100.0,PB
2026-06-30,1.799019404347305,PB
2026-06-30,0.0,PB
2026-06-30,32.45938790253958,PB
2026-06-30,69.43189903011583,PB
2026-06-30,5.332190032184296,PB
2026-06-30,0.0,PB
2026-06-30,9.398078382901222,PB
2026-06-30,100.0,PB
2026-06-30,14.61429834489005,PB
2026-06-30,14.182568755979641,PB
2026-06-30,4.4403183002386175,PB
2026-06-30,10.82837175136116,PB
2026-06-30,0.0,PB
2026-06-30,9.557887546073886,PB
2026-06-30,0.0,PB
2026-06-30,5.488752249808829,PB
2026-06-30,6.969820482864159,PB
2026-06-30,5.870618024458601,PB
2026-06-30,0.0,PB
2026-06-30,5.794325120887388,PB
2026-06-30,6.169570814963675,PB
2026-06-30,26.90973135723845,PB
2026-06-30,0.6387867440450091,PB
2026-06-30,0.0,PB
2026-06-30,2.1046553036023425,PB
2026-06-30,0.0,PB
2026-06-30,8.54634022042612,PB
2026-06-30,0.727909366481202,PB
2026-06-30,9.564227287607226,PB
2026-06-30,8.529270246472935,PB
2026-06-30,0.0,PB
2026-06-30,4.178005300106781,PB
2026-06-30,1.7017642796705732,PB
2026-06-30,7.220307782500517,PB
2026-06-30,6.965994318014341,PB
2026-06-30,4.080279476938772,PB
2026-06-30,4.08994810492967,PB
2026-06-30,100.0,PB
2026-06-30,3.932085138399404,PB
2026-06-30,0.0,PB
2026-06-30,2.546881220623583,PB
2026-06-30,1.76162779341601,PB
2026-06-30,6.804332838046742,PB
2026-06-30,0.0,PB
2026-06-30,0.0,PB
2026-06-30,0.0,PB
2026-06-30,0.0,PB
2026-06-30,0.0,PB
2026-06-30,0.0,PB
2026-06-30,0.0,PB
2026-06-30,0.0,PB
2026-06-30,0.0,PB
2026-06-30,0.0,PB
2026-06-30,0.0,PB
2026-06-30,0.0,PB
2026-06-30,0.0,PB
2026-06-30,0.0,PB
2026-06-30,0.0,PB
2026-06-30,27.102261917197957,PB
2026-06-30,1.9808443007538576,PB
2026-06-30,0.0,PB
2026-06-30,0.0,PB
2026-06-30,0.0,PB
2026-06-30,5.629392663682377,PB
2026-06-30,1.5919337985899977,PB
2026-06-30,84.63674557485531,PB
2026-06-30,0.0,PB
2026-06-30,4.208977497831842,PB
2026-06-30,0.0,PB
2026-06-30,0.0,PB
2026-06-30,9.655750123779642,PB
2026-06-30,10.478674050804194,PB
2026-06-30,0.0,PB
2026-06-30,1.2017255987421878,PB
2026-06-30,100.0,PB
2026-06-30,3.4390211056019284,PB
2026-06-30,14.974874817013731,PB
2026-06-30,14.092401214775244,PB
2026-06-30,0.0,PB
2026-06-30,0.0,PB
2026-06-30,0.0,PB
2026-06-30,0.0,PB
2026-06-30,0.0,PB
2026-06-30,0.0,PB
2026-06-30,2.130177179381437,PB
2026-06-30,6.686521133342316,PB
2026-06-30,0.0,PB
2026-06-30,0.0,PB
2026-06-30,0.0,PB
2026-06-30,0.0,PB
2026-06-30,25.567528585721345,PB
2026-06-30,0.0,PB
2026-06-30,3.3913190228241437,PB
2026-06-30,0.0,PB
2026-06-30,0.0,PB
2026-06-30,0.0,PB
2026-06-30,0.0,PB
2026-06-30,33.93895266183371,PB
2026-06-30,0.27975756571945104,PB
2026-06-30,0.0,PB
2026-06-30,0.0,PB
2026-06-30,100.0,PB
2026-06-30,0.0,PB
2026-06-30,0.0,PB
2026-06-30,11.22028931514424,PB
2026-06-30,8.36637040455872,PB
2026-06-30,12.177195104698596,PB
2026-06-30,0.0,PB
2026-06-30,0.0,PB
2026-06-30,0.0,PB
2026-06-30,26.65597432087751,PB
2026-06-30,13.40427416864755,PB
2026-06-30,0.0,PB
2026-06-30,0.0,PB
2026-06-30,10.82419913875858,PB
2026-06-30,6.8282378881478865,PB
2026-06-30,0.0,PB
2026-06-30,0.0,PB
2026-06-30,0.0,PB
2026-06-30,10.176470195689252,PB
2026-06-30,0.0,PB
2026-06-30,0.0,PB
2026-06-30,0.0,PB
2026-06-30,0.0,PB
2026-06-30,0.0,PB
2026-06-30,0.0,PB
2026-06-30,0.0,PB
2026-06-30,0.0,PB
2026-06-30,0.0,PB
2026-06-30,0.0,PB
2026-06-30,100.0,PB
2026-06-30,3.0310365305935765,PB
2026-06-30,12.322388435633865,PB
2026-06-30,43.047156435782284,PB
2026-06-30,9.234420431269374,PB
2026-06-30,0.0,PB
2026-06-30,2.1501256470069983,PB
2026-06-30,12.126501492166128,PB
2026-06-30,0.0,PB
2026-06-30,0.0,PB
2026-06-30,10.838276345388008,PB
2026-06-30,0.0,PB
2026-06-30,10.983713735335636,PB
2026-06-30,1.7829477504987745,PB
2026-06-30,0.0,PB
2026-06-30,0.0,PB
2026-06-30,1.2514362601543776,PB
2026-06-30,0.0,PB
2026-06-30,0.0,PB
2026-06-30,0.0,PB
2026-06-30,0.0,PB
2026-06-30,0.0,PB
2026-06-30,1.4857794414781014,PB
2026-06-30,0.9153460015623801,PB
2026-06-30,0.0,PB
2026-06-30,2.5730614514267787,PB
2026-06-30,11.56186877633698,PB
2026-06-30,5.007585510256537,PB
2026-06-30,0.0,PB
2026-06-30,11.705049104714977,PB
2026-06-30,0.0,PB
2026-06-30,2.9463138629565764,PB
2026-06-30,0.0,PB
2026-06-30,0.0,PB
2026-06-30,12.459611838611453,PB
2026-06-30,7.520037700442388,PB
2026-06-30,4.7418541137403505,PB
2026-06-30,0.8296956595854995,PB
2026-06-30,0.908761013851539,PB
2026-06-30,9.74381384218457,PB
2026-06-30,10.125310170975322,PB
2026-06-30,5.752806530671362,PB
2026-06-30,0.0,PB
2026-06-30,15.809218909478195,PB
2026-06-30,1.2450926018658053,PB
2026-06-30,8.305728589290474,PB
2026-06-30,4.704852987806797,PB
2026-06-30,3.6547912265365126,PB
2026-06-30,0.5946711805152665,PB
2026-06-30,0.0,PB
2026-06-30,0.0,PB
2026-06-30,3.7543688282833507,PB
2026-06-30,23.091560629619664,PB
2026-06-30,4.321460753269951,PB
2026-06-30,6.569368497303809,PB
2026-06-30,1.3569327469129997,PB
2026-06-30,15.533736858235187,PB
2026-06-30,5.1764413969611365,PB
2026-06-30,7.268863669229613,PB
2026-06-30,3.4652583810810045,PB
2026-06-30,7.610758443239554,PB
2026-06-30,5.4572515382955835,PB
2026-06-30,12.78467172225428,PB
2026-06-30,5.628863042694199,PB
2026-06-30,2.145775342814996,PB
2026-06-30,2.671080459819657,PB
2026-06-30,0.0,PB
2026-06-30,0.0,PB
2026-06-30,1.3615318332969246,PB
2026-06-30,20.317174418212492,PB
2026-06-30,3.149729369433242,PB
2026-06-30,1.9120086711146806,PB
2026-06-30,0.795984599265036,PB
2026-06-30,17.905289270906298,PB
2026-06-30,5.8800361525880955,PB
2026-06-30,0.0,PB
2026-06-30,3.3623865762635443,PB
2026-06-30,7.06843444716886,PB
2026-06-30,6.233758620129035,PB
2026-06-30,7.604348977523951,PB
2026-06-30,3.3928452170274315,PB
2026-06-30,0.0,PB
2026-06-30,2.520462561260838,PB
2026-06-30,0.0,PB
2026-06-30,0.0,PB
2026-06-30,0.0,PB
2026-06-30,0.0,PB
2026-06-30,0.0,PB
2026-06-30,8.710149526068516,PB
2026-06-30,0.0,PB
2026-06-30,6.950982376907467,PB
2026-06-30,0.0,PB
2026-06-30,0.0,PB
2026-06-30,0.0,PB
2026-06-30,0.0,PB
2026-06-30,0.0,PB
2026-06-30,0.0,PB
2026-06-30,0.0,PB
2026-06-30,0.0,PB
2026-06-30,3.0124843347115093,PB
2026-06-30,35.862009242481946,PB
2026-06-30,4.199372474993887,PB
2026-06-30,12.446666495591336,PB
2026-06-30,0.8180776442132429,PB
2026-06-30,9.470254687546987,PB
2026-06-30,7.571763099662333,PB
2026-06-30,0.4047718107841644,PB
2026-06-30,3.131803363640677,PB
2026-06-30,18.882563871346996,PB
2026-06-30,6.5922678510060395,PB
2026-06-30,10.97768840413023,PB
2026-06-30,4.092938188577727,PB
2026-06-30,6.884073949838779,PB
2026-06-30,3.062235174456058,PB
2026-06-30,0.0,PB
2026-06-30,0.0,PB
2026-06-30,21.088071878274604,PB
2026-06-30,7.789587396571501,PB
2026-06-30,0.726884575483818,PB
2026-06-30,0.33148909020967,PB
2026-06-30,6.66723623965696,PB
2026-06-30,11.057942111226286,PB
2026-06-30,0.0,PB
2026-06-30,10.932705043883798,PB
2026-06-30,17.335082312732457,PB
2026-06-30,8.079201699230879,PB
2026-06-30,8.013798648269253,PB
2026-06-30,8.00194077911673,PB
2026-06-30,0.0,PB
2026-06-30,5.9196359148734485,PB
2026-06-30,10.389291078186968,PB
2026-06-30,5.154759153155341,PB
2026-06-30,30.582625407049047,PB
2026-06-30,9.051634169538733,PB
2026-06-30,3.2670065075725034,PB
2026-06-30,2.806063830886049,PB
2026-06-30,16.289158029297095,PB
2026-06-30,8.619116260252852,PB
2026-06-30,21.907022688741144,PB
2026-06-30,7.170360420199974,PB
2026-06-30,23.332202562803015,PB
2026-06-30,6.0325036267127095,PB
2026-06-30,12.872985062575731,PB
2026-06-30,6.707880204209954,PB
2026-06-30,13.498589530529262,PB
2026-06-30,5.3584802812453285,PB
2026-06-30,34.59098749257755,PB
2026-06-30,0.0,PB
2026-06-30,0.5576898113231415,PB
2026-06-30,21.030958695582893,PB
2026-06-30,3.3601954478172797,PB
2026-06-30,1.8941886812199722,PB
2026-06-30,0.808434904740121,PB
2026-06-30,14.146159993347023,PB
2026-06-30,3.938710303312319,PB
2026-06-30,0.0,PB
2026-06-30,2.584697286305123,PB
2026-06-30,16.771706425833706,PB
2026-06-30,1.8167984612583274,PB
2026-06-30,5.289783357145686,PB
2026-06-30,2.2413000978058495,PB
2026-06-30,3.995342113586463,PB
2026-06-30,1.6678951691229453,PB
2026-06-30,0.0,PB
2026-06-30,23.22755411454245,PB
2026-06-30,0.0,PB
2026-06-30,0.0,PB
2026-06-30,25.18940568960119,PB
2026-06-30,6.294210820112517,PB
2026-06-30,12.395295914875424,PB
2026-06-30,0.0,PB
2026-06-30,66.57942765899216,PB
2026-06-30,10.328522047405048,PB
2026-06-30,73.30571277588919,PB
2026-06-30,0.0,PB
2026-06-30,0.0,PB
2026-06-30,0.0,PB
2026-06-30,0.0,PB
2026-06-30,34.875739197661346,PB
2026-06-30,44.19127026073056,PB
2026-06-30,30.57569164613702,PB
2026-06-30,85.06214710947582,PB
2026-06-30,0.0,PB
2026-06-30,47.49375571539712,PB
2026-06-30,57.144356597762844,PB
2026-06-30,27.393330617124413,PB
2026-06-30,33.8910177477558,PB
2026-06-30,2.7513647546538493,PB
2026-06-30,73.70612037438315,PB
2026-06-30,79.70096948573267,PB
2026-06-30,0.0,PB
2026-06-30,0.0,PB
2026-06-30,15.141651339654649,PB
2026-06-30,34.856830713615665,PB
2026-06-30,0.0,PB
2026-06-30,33.18231383049191,PB
2026-06-30,0.0,PB
2026-06-30,15.195268601938086,PB
2026-06-30,18.35381834786643,PB
2026-06-30,0.0,PB
2026-06-30,47.155789911139955,PB
2026-06-30,4.479947626291182,PB
2026-06-30,50.16123368702124,PB
2026-06-30,42.23595616207037,PB
2026-06-30,0.0,PB
2026-06-30,0.0,PB
2026-06-30,9.659932293941857,PB
2026-06-30,63.95426007047414,PB
2026-06-30,0.0,PB
2026-06-30,21.06710541400728,PB
2026-06-30,0.0,PB
2026-06-30,0.0,PB
2026-06-30,0.0,PB
2026-06-30,0.0,PB
2026-06-30,0.0,PB
2026-06-30,0.0,PB
2026-06-30,0.0,PB
2026-06-30,0.0,PE
2026-06-30,0.0,PE
2026-06-30,1.2804318953571014,PE
2026-06-30,3.921968194331281,PE
2026-06-30,0.0,PE
2026-06-30,10.019917973462304,PE
2026-06-30,19.838947856869776,PE
2026-06-30,2.9558609267972202,PE
2026-06-30,5.602030820483753,PE
2026-06-30,9.856053584564958,PE
2026-06-30,1.3976706282463858,PE
2026-06-30,2.5581215473288657,PE
2026-06-30,7.35511813445375,PE
2026-06-30,7.901961678682369,PE
2026-06-30,7.744006982135053,PE
2026-06-30,5.992498704221029,PE
2026-06-30,0.0,PE
2026-06-30,100.0,PE
2026-06-30,7.822048479125818,PE
2026-06-30,0.0,PE
2026-06-30,4.869207859118521,PE
2026-06-30,4.66701401706553,PE
2026-06-30,38.98447359770486,PE
2026-06-30,0.0,PE
2026-06-30,7.569299740339688,PE
2026-06-30,0.0,PE
2026-06-30,1.9758031299598806,PE
2026-06-30,7.376540929160884,PE
2026-06-30,20.32903386068056,PE
2026-06-30,77.14987658290407,PE
2026-06-30,1.4873388885212229,PE
2026-06-30,0.0,PE
2026-06-30,7.594787127498426,PE
2026-06-30,0.0,PE
2026-06-30,14.308871371933623,PE
2026-06-30,6.072559694633181,PE
2026-06-30,3.157747388548113,PE
2026-06-30,100.0,PE
2026-06-30,9.1863600032494,PE
2026-06-30,11.508492662449664,PE
2026-06-30,8.458582275555306,PE
2026-06-30,7.967886349204248,PE
2026-06-30,0.0,PE
2026-06-30,5.117220089768941,PE
2026-06-30,5.788784160790557,PE
2026-06-30,100.0,PE
2026-06-30,17.17295573942049,PE
2026-06-30,75.97620264826888,PE
2026-06-30,100.0,PE
2026-06-30,5.337165927043207,PE
2026-06-30,0.0,PE
2026-06-30,5.146946483362126,PE
2026-06-30,4.476510183980023,PE
2026-06-30,15.16454868614695,PE
2026-06-30,28.97572450205531,PE
2026-06-30,1.9840548133746119,PE
2026-06-30,0.0,PE
2026-06-30,7.236593452028295,PE
2026-06-30,100.0,PE
2026-06-30,11.479919865689649,PE
2026-06-30,4.933219801098661,PE
2026-06-30,3.0361084505394484,PE
2026-06-30,4.512519114510152,PE
2026-06-30,100.0,PE
2026-06-30,7.958319045914605,PE
2026-06-30,100.0,PE
2026-06-30,6.572119057099762,PE
2026-06-30,64.87393310917051,PE
2026-06-30,5.90896438986515,PE
2026-06-30,6.632834546767439,PE
2026-06-30,100.0,PE
2026-06-30,4.339901372801119,PE
2026-06-30,100.0,PE
2026-06-30,9.115513364422151,PE
2026-06-30,25.73066847086323,PE
2026-06-30,0.0,PE
2026-06-30,0.0,PE
2026-06-30,0.0,PE
2026-06-30,40.86824808994762,PE
2026-06-30,0.0,PE
2026-06-30,0.0,PE
2026-06-30,5.009436642176023,PE
2026-06-30,0.0,PE
2026-06-30,0.0,PE
2026-06-30,31.141125194732865,PE
2026-06-30,4.3249278301492025,PE
2026-06-30,0.0,PE
2026-06-30,3.161456734750532,PE
2026-06-30,0.0,PE
2026-06-30,1.5360502552773663,PE
2026-06-30,0.0,PE
2026-06-30,0.0,PE
2026-06-30,4.022274295369634,PE
2026-06-30,0.0,PE
2026-06-30,0.0,PE
2026-06-30,0.0,PE
2026-06-30,3.226417680733504,PE
2026-06-30,0.0,PE
2026-06-30,0.0,PE
2026-06-30,4.644774530132231,PE
2026-06-30,10.131773933698783,PE
2026-06-30,0.0,PE
2026-06-30,2.449366037340025,PE
2026-06-30,0.0,PE
2026-06-30,7.265084049851472,PE
2026-06-30,10.967586085214405,PE
2026-06-30,0.0,PE
2026-06-30,5.342352055376527,PE
2026-06-30,0.0,PE
2026-06-30,4.07492726336347,PE
2026-06-30,100.0,PE
2026-06-30,6.762192281103703,PE
2026-06-30,13.002384896329799,PE
2026-06-30,100.0,PE
2026-06-30,6.9840413806275965,PE
2026-06-30,0.0,PE
2026-06-30,6.946185783926392,PE
2026-06-30,0.0,PE
2026-06-30,9.686520658170867,PE
2026-06-30,0.0,PE
2026-06-30,100.0,PE
2026-06-30,5.1866530887307105,PE
2026-06-30,9.944963166098347,PE
2026-06-30,18.719704025125715,PE
2026-06-30,0.9440172137375153,PE
2026-06-30,2.692627979577574,PE
2026-06-30,1.8279305415405314,PE
2026-06-30,14.733699144348794,PE
2026-06-30,6.047165074233338,PE
2026-06-30,1.0317547804258922,PE
2026-06-30,13.793745557104447,PE
2026-06-30,12.155499755070403,PE
2026-06-30,11.22428565722855,PE
2026-06-30,5.6838221573887315,PE
2026-06-30,8.116819982012014,PE
2026-06-30,12.911079687465884,PE
2026-06-30,100.0,PE
2026-06-30,7.3179997535632975,PE
2026-06-30,7.0484422698834,PE
2026-06-30,3.10483294143828,PE
2026-06-30,5.930062922612088,PE
2026-06-30,4.703932038335444,PE
2026-06-30,3.567307312807074,PE
2026-06-30,0.0,PE
2026-06-30,100.0,PE
2026-06-30,9.425424272607808,PE
2026-06-30,0.0,PE
2026-06-30,2.3866036161465796,PE
2026-06-30,3.0121237616125676,PE
2026-06-30,30.289955681297663,PE
2026-06-30,28.509845408432362,PE
2026-06-30,5.1084168751982215,PE
2026-06-30,0.0,PE
2026-06-30,7.4523740647442995,PE
2026-06-30,100.0,PE
2026-06-30,15.918653065534501,PE
2026-06-30,7.676907263259938,PE
2026-06-30,5.270166184570938,PE
2026-06-30,7.22047171594218,PE
2026-06-30,100.0,PE
2026-06-30,11.430836336711629,PE
2026-06-30,0.0,PE
2026-06-30,8.278192975577094,PE
2026-06-30,0.0,PE
2026-06-30,9.033411314542859,PE
2026-06-30,100.0,PE
2026-06-30,9.290800071255818,PE
2026-06-30,0.0,PE
2026-06-30,7.174653366949278,PE
2026-06-30,0.0,PE
2026-06-30,7.0394466245544765,PE
2026-06-30,27.414006837569755,PE
2026-06-30,3.396995186628577,PE
2026-06-30,0.0,PE
2026-06-30,2.4107832243546543,PE
2026-06-30,7.6221154661066794,PE
2026-06-30,9.847094974549584,PE
2026-06-30,89.64520822161377,PE
2026-06-30,2.0713537335200005,PE
2026-06-30,0.0,PE
2026-06-30,5.1509204119897225,PE
2026-06-30,9.334518853349179,PE
2026-06-30,100.0,PE
2026-06-30,1.8989372668799978,PE
2026-06-30,2.7332135955875803,PE
2026-06-30,0.0,PE
2026-06-30,7.101784598227178,PE
2026-06-30,8.089430750978849,PE
2026-06-30,0.0,PE
2026-06-30,0.0,PE
2026-06-30,3.313140202155449,PE
2026-06-30,0.0,PE
2026-06-30,5.951564217351618,PE
2026-06-30,0.0,PE
2026-06-30,6.594739010296421,PE
2026-06-30,4.613152537012447,PE
2026-06-30,6.85571428076077,PE
2026-06-30,49.03355738743854,PE
2026-06-30,0.0,PE
2026-06-30,0.0,PE
2026-06-30,0.0,PE
2026-06-30,0.0,PE
2026-06-30,12.346940752328559,PE
2026-06-30,0.0,PE
2026-06-30,0.0,PE
2026-06-30,0.0,PE
2026-06-30,0.0,PE
2026-06-30,0.0,PE
2026-06-30,20.24923237895988,PE
2026-06-30,0.0,PE
2026-06-30,0.0,PE
2026-06-30,0.0,PE
2026-06-30,3.3885474219373735,PE
2026-06-30,0.0,PE
2026-06-30,8.168987837091997,PE
2026-06-30,0.0,PE
2026-06-30,0.0,PE
2026-06-30,5.075635357414392,PE
2026-06-30,13.2512358911568,PE
2026-06-30,0.0,PE
2026-06-30,0.0,PE
2026-06-30,0.0,PE
2026-06-30,0.0,PE
2026-06-30,0.0,PE
2026-06-30,0.0,PE
2026-06-30,9.890769952870679,PE
2026-06-30,0.0,PE
2026-06-30,11.013523145542756,PE
2026-06-30,1.982226805150447,PE
2026-06-30,0.0,PE
2026-06-30,8.453894156956745,PE
2026-06-30,0.0,PE
2026-06-30,0.0,PE
2026-06-30,11.863591322684169,PE
2026-06-30,18.15420863607695,PE
2026-06-30,2.6746139799740263,PE
2026-06-30,6.467901624198209,PE
2026-06-30,0.0,PE
2026-06-30,0.0,PE
2026-06-30,6.65798206361911,PE
2026-06-30,25.421460422193835,PE
2026-06-30,0.0,PE
2026-06-30,0.0,PE
2026-06-30,2.390468476933792,PE
2026-06-30,10.658574388274355,PE
2026-06-30,0.0,PE
2026-06-30,25.31182558172647,PE
2026-06-30,1.8380345128866524,PE
2026-06-30,0.0,PE
2026-06-30,0.0,PE
2026-06-30,1.9743261905465812,PE
2026-06-30,52.92284835854157,PE
2026-06-30,0.0,PE
2026-06-30,10.621338638843508,PE
2026-06-30,65.12207530883252,PE
2026-06-30,24.21072858482489,PE
2026-06-30,10.519276300358099,PE
2026-06-30,0.0,PE
2026-06-30,0.0,PE
2026-06-30,7.0774085593007365,PE
2026-06-30,0.0,PE
2026-06-30,5.2324032040497155,PE
2026-06-30,0.0,PE
2026-06-30,0.0,PE
2026-06-30,0.0,PE
2026-06-30,0.0,PE
2026-06-30,3.6353749446403643,PE
2026-06-30,14.744720465477387,PE
2026-06-30,0.0,PE
2026-06-30,2.116361728651348,PE
2026-06-30,6.657395234056207,PE
2026-06-30,0.0,PE
2026-06-30,9.53474540390846,PE
2026-06-30,29.636815670975423,PE
2026-06-30,0.0,PE
2026-06-30,40.30334612385331,PE
2026-06-30,10.110282372206738,PE
2026-06-30,0.0,PE
2026-06-30,13.4575323948907,PE
2026-06-30,5.040697808205801,PE
2026-06-30,0.0,PE
2026-06-30,0.0,PE
2026-06-30,19.662772860332435,PE
2026-06-30,0.0,PE
2026-06-30,0.0,PE
2026-06-30,0.0,PE
2026-06-30,37.00079076055293,PE
2026-06-30,39.15957471434564,PE
2026-06-30,4.886015088992958,PE
2026-06-30,23.927295609014926,PE
2026-06-30,3.3052012585120307,PE
2026-06-30,0.0,PE
2026-06-30,50.401943983257155,PE
2026-06-30,0.0,PE
2026-06-30,0.0,PE
2026-06-30,0.0,PE
2026-06-30,0.0,PE
2026-06-30,0.0,PE
2026-06-30,0.0,PE
2026-06-30,3.0422875617524143,PE
2026-06-30,45.27150755695717,PE
2026-06-30,1.3201606888127988,PE
2026-06-30,7.064860657248414,PE
2026-06-30,0.0,PE
2026-06-30,0.0,PE
2026-06-30,0.0,PE
2026-06-30,8.662319606140192,PE
2026-06-30,11.025496070314732,PE
2026-06-30,2.5539557585398285,PE
2026-06-30,1.477384252311127,PE
2026-06-30,0.0,PE
2026-06-30,3.475452374670539,PE
2026-06-30,9.174541570297846,PE
2026-06-30,0.0,PE
2026-06-30,3.5079839825000145,PE
2026-06-30,0.0,PE
2026-06-30,10.219816130874165,PE
2026-06-30,0.0,PE
2026-06-30,6.551076044095739,PE
2026-06-30,2.4549463037640646,PE
2026-06-30,0.0,PE
2026-06-30,0.0,PE
2026-06-30,1.737058604865164,PE
2026-06-30,0.0,PE
2026-06-30,0.0,PE
2026-06-30,0.0,PE
2026-06-30,0.0,PE
2026-06-30,0.0,PE
2026-06-30,13.411997387179472,PE
2026-06-30,7.216011085304349,PE
2026-06-30,0.0,PE
2026-06-30,1.945753166906274,PE
2026-06-30,0.0,PE
2026-06-30,0.0,PE
2026-06-30,3.5314217590649344,PE
2026-06-30,0.0,PE
2026-06-30,0.0,PE
2026-06-30,0.7970776221900023,PE
2026-06-30,4.092452951497394,PE
2026-06-30,0.0,PE
2026-06-30,0.0,PE
2026-06-30,1.0544453463921901,PE
2026-06-30,8.186485577968426,PE
2026-06-30,5.742330902525917,PE
2026-06-30,2.7353966644128773,PE
2026-06-30,1.6376989238080797,PE
2026-06-30,6.3416129223193245,PE
2026-06-30,7.332559100339879,PE
2026-06-30,0.0,PE
2026-06-30,0.37048156176669644,PE
2026-06-30,8.763258862745783,PE
2026-06-30,6.297097553179036,PE
2026-06-30,6.188321640031014,PE
2026-06-30,6.522877465425199,PE
2026-06-30,2.5191751350668015,PE
2026-06-30,2.2707437249399756,PE
2026-06-30,0.0,PE
2026-06-30,0.0,PE
2026-06-30,3.3981471659170315,PE
2026-06-30,14.733764408175961,PE
2026-06-30,5.809569087364548,PE
2026-06-30,3.9401700376093816,PE
2026-06-30,2.034771347868388,PE
2026-06-30,8.428896240467244,PE
2026-06-30,10.255477389149718,PE
2026-06-30,7.629071375278756,PE
2026-06-30,4.106336804528543,PE
2026-06-30,6.915377654961015,PE
2026-06-30,9.054138999286234,PE
2026-06-30,11.609007398902968,PE
2026-06-30,7.678472797765425,PE
2026-06-30,6.27363841110002,PE
2026-06-30,5.393641471464634,PE
2026-06-30,18.635017751645357,PE
2026-06-30,1.010234822559825,PE
2026-06-30,4.405119920443798,PE
2026-06-30,16.153695144440185,PE
2026-06-30,5.605762830200976,PE
2026-06-30,4.6601706311525355,PE
2026-06-30,1.9009964225782061,PE
2026-06-30,6.903999780585901,PE
2026-06-30,9.297732108638252,PE
2026-06-30,5.470966167045601,PE
2026-06-30,3.1530257645606823,PE
2026-06-30,8.878067227517947,PE
2026-06-30,7.196079280683704,PE
2026-06-30,4.506698843780708,PE
2026-06-30,5.057056424337239,PE
2026-06-30,4.921204701086664,PE
2026-06-30,3.1471240291906883,PE
2026-06-30,18.24115931301275,PE
2026-06-30,0.0,PE
2026-06-30,49.57049727033635,PE
2026-06-30,6.100256814026596,PE
2026-06-30,0.0,PE
2026-06-30,0.0,PE
2026-06-30,2.427875337453489,PE
2026-06-30,6.136053578132293,PE
2026-06-30,0.0,PE
2026-06-30,0.0,PE
2026-06-30,64.56817269007958,PE
2026-06-30,11.025338048546327,PE
2026-06-30,3.490855967769732,PE
2026-06-30,0.0,PE
2026-06-30,0.0,PE
2026-06-30,0.0,PE
2026-06-30,17.43079832759254,PE
2026-06-30,3.799741608600118,PE
2026-06-30,10.324725103172577,PE
2026-06-30,3.55858874866924,PE
2026-06-30,4.873664040533356,PE
2026-06-30,1.3098316307457079,PE
2026-06-30,9.830409569428161,PE
2026-06-30,9.246437246313459,PE
2026-06-30,5.66284962819931,PE
2026-06-30,4.063473008386027,PE
2026-06-30,9.979363263950038,PE
2026-06-30,8.090708576986444,PE
2026-06-30,8.380932118952341,PE
2026-06-30,5.513989756560289,PE
2026-06-30,7.857002947294333,PE
2026-06-30,3.2238401679519484,PE
2026-06-30,10.856923399220204,PE
2026-06-30,14.669248679219566,PE
2026-06-30,9.921022555427776,PE
2026-06-30,8.136410607575552,PE
2026-06-30,2.7950901613301258,PE
2026-06-30,2.036860596070542,PE
2026-06-30,4.28748604532346,PE
2026-06-30,10.685052383043018,PE
2026-06-30,0.0,PE
2026-06-30,5.612808401943474,PE
2026-06-30,1.844452147169863,PE
2026-06-30,7.057450582896319,PE
2026-06-30,3.7559433489667873,PE
2026-06-30,6.882692621329826,PE
2026-06-30,12.528680228371943,PE
2026-06-30,6.821944002856144,PE
2026-06-30,0.0,PE
2026-06-30,32.207331852184176,PE
2026-06-30,2.7328802269059578,PE
2026-06-30,25.468692889256282,PE
2026-06-30,11.660145322278673,PE
2026-06-30,4.061308208356355,PE
2026-06-30,4.841889692578482,PE
2026-06-30,12.029191458497259,PE
2026-06-30,12.187830978845515,PE
2026-06-30,10.65984613050645,PE
2026-06-30,6.546947037826109,PE
2026-06-30,11.895862219385776,PE
2026-06-30,10.29375624723551,PE
2026-06-30,8.736785797459648,PE
2026-06-30,9.427195781349223,PE
2026-06-30,7.273024231949838,PE
2026-06-30,7.001185414573261,PE
2026-06-30,23.077502882252404,PE
2026-06-30,0.0,PE
2026-06-30,1.4377726297133746,PE
2026-06-30,8.87908060585653,PE
2026-06-30,5.164814380467731,PE
2026-06-30,3.398372191501528,PE
2026-06-30,2.4464947966156494,PE
2026-06-30,10.53353434973214,PE
2026-06-30,8.195999967577745,PE
2026-06-30,0.6282399329814219,PE
2026-06-30,1.9275600852027057,PE
2026-06-30,7.493196305956448,PE
2026-06-30,6.513559943600418,PE
2026-06-30,6.057537710708831,PE
2026-06-30,6.444524825395854,PE
2026-06-30,3.3250358824868744,PE
2026-06-30,3.6159830055000355,PE
2026-06-30,0.0,PE
2026-06-30,0.0,PE
2026-06-30,9.723297423246954,PE
2026-06-30,0.0,PE
2026-06-30,16.00919910503518,PE
2026-06-30,95.93322950560164,PE
2026-06-30,50.639987671826056,PE
2026-06-30,31.958932772365305,PE
2026-06-30,26.04463958669229,PE
2026-06-30,0.0,PE
2026-06-30,31.64728482644568,PE
2026-06-30,35.703591433465455,PE
2026-06-30,3.6411249482981933,PE
2026-06-30,23.80800440120173,PE
2026-06-30,62.70088649505087,PE
2026-06-30,100.0,PE
2026-06-30,1.066547776864046,PE
2026-06-30,14.420107327073348,PE
2026-06-30,0.0,PE
2026-06-30,0.0,PE
2026-06-30,0.0,PE
2026-06-30,5.763653363426187,PE
2026-06-30,43.065650050867845,PE
2026-06-30,0.0,PE
2026-06-30,15.190374714451693,PE
2026-06-30,6.033904734730087,PE
2026-06-30,5.805397248702444,PE
2026-06-30,24.17423901004504,PE
2026-06-30,0.0,PE
2026-06-30,1.7010175206237463,PE
2026-06-30,11.771478773532905,PE
2026-06-30,73.46378913686007,PE
2026-06-30,0.0,PE
2026-06-30,100.0,PE
2026-06-30,26.955782734193335,PE
2026-06-30,73.83411694554188,PE
2026-06-30,25.19371867782809,PE
2026-06-30,29.26358881279952,PE
2026-06-30,0.0,PE
2026-06-30,42.901813230258355,PE
2026-06-30,100.0,PE
2026-06-30,13.7303900115973,PE
2026-06-30,19.006518697846055,PE
2026-06-30,44.28788767945804,PE
2026-06-30,0.0,PE
2026-06-30,0.0,PE
2026-06-30,3.675627997386271,PE
2026-06-30,7.601241680207344,PE
2026-06-30,16.74314551761215,PE
2026-06-30,54.79040356836558,PE
2026-06-30,0.0,PE
2026-06-30,0.0,PE
2026-06-30,0.0,PE
2026-06-30,0.0,PE
2026-06-30,0.0,PE
2026-06-30,0.0,PE
2026-06-30,0.0,PE
2026-06-30,0.0,PE
2026-06-30,0.0,PE
2026-06-30,0.0,PE
2026-06-30,9.513614364510708,PI
2026-06-30,0.0,PI
2026-06-30,2.5622867634076787,PI
2026-06-30,9.236310506256887,PI
2026-06-30,12.562716326517616,PI
2026-06-30,35.0853699051835,PI
2026-06-30,0.0,PI
2026-06-30,14.244326598649556,PI
2026-06-30,7.260101179787511,PI
2026-06-30,0.0,PI
2026-06-30,4.724727749368821,PI
2026-06-30,8.899624265757373,PI
2026-06-30,0.0,PI
2026-06-30,9.180367718871612,PI
2026-06-30,6.137971009780508,PI
2026-06-30,6.274706724193316,PI
2026-06-30,7.915379751305405,PI
2026-06-30,0.0,PI
2026-06-30,5.5594627239430245,PI
2026-06-30,0.0,PI
2026-06-30,91.6594163079647,PI
2026-06-30,0.0,PI
2026-06-30,0.10533955470596208,PI
2026-06-30,0.6310491049814152,PI
2026-06-30,20.468848085294884,PI
2026-06-30,20.69281240978226,PI
2026-06-30,15.654498446787873,PI
2026-06-30,0.0,PI
2026-06-30,7.578700279549815,PI
2026-06-30,0.0,PI
2026-06-30,16.648912846976348,PI
2026-06-30,0.6890949663909633,PI
2026-06-30,0.0,PI
2026-06-30,3.2621588003071564,PI
2026-06-30,18.646116758842684,PI
2026-06-30,9.058814868966753,PI
2026-06-30,9.443066070099192,PI
2026-06-30,8.48933476472852,PI
2026-06-30,6.932958618672931,PI
2026-06-30,0.0,PI
2026-06-30,5.661007102919526,PI
2026-06-30,11.359666979330669,PI
2026-06-30,0.0,PI
2026-06-30,3.1724278358771367,PI
2026-06-30,10.345238232106349,PI
2026-06-30,35.13508599026086,PI
2026-06-30,16.41662050721429,PI
2026-06-30,0.0,PI
2026-06-30,4.342497475209626,PI
2026-06-30,100.0,PI
2026-06-30,6.163511604633305,PI
2026-06-30,0.0,PI
2026-06-30,11.247229710667776,PI
2026-06-30,3.375862581227592,PI
2026-06-30,0.0,PI
2026-06-30,100.0,PI
2026-06-30,3.391042030472782,PI
2026-06-30,9.082373424185342,PI
2026-06-30,0.0,PI
2026-06-30,9.08126690315892,PI
2026-06-30,12.294484631905004,PI
2026-06-30,0.0,PI
2026-06-30,100.0,PI
2026-06-30,5.127549032304678,PI
2026-06-30,0.0,PI
2026-06-30,8.114204339266214,PI
2026-06-30,4.778669172790846,PI
2026-06-30,13.162551398092798,PI
2026-06-30,0.0,PI
2026-06-30,0.0,PI
2026-06-30,0.0,PI
2026-06-30,40.719171805769896,PI
2026-06-30,0.0,PI
2026-06-30,0.0,PI
2026-06-30,0.0,PI
2026-06-30,0.0,PI
2026-06-30,0.0,PI
2026-06-30,0.0,PI
2026-06-30,0.0,PI
2026-06-30,6.312432884397004,PI
2026-06-30,0.0,PI
2026-06-30,0.0,PI
2026-06-30,0.0,PI
2026-06-30,47.847532435368336,PI
2026-06-30,22.3416159465781,PI
2026-06-30,0.0,PI
2026-06-30,0.0,PI
2026-06-30,5.257878255835783,PI
2026-06-30,0.0,PI
2026-06-30,12.237509970659836,PI
2026-06-30,19.00810155093907,PI
2026-06-30,38.868620844064424,PI
2026-06-30,5.612311468612257,PI
2026-06-30,9.825461125185967,PI
2026-06-30,15.939991442698071,PI
2026-06-30,13.026708669707826,PI
2026-06-30,0.0,PI
2026-06-30,5.422934608035882,PI
2026-06-30,100.0,PI
2026-06-30,11.360028196685446,PI
2026-06-30,0.0,PI
2026-06-30,12.537965022826622,PI
2026-06-30,11.067001648482549,PI
2026-06-30,0.0,PI
2026-06-30,6.703016198289717,PI
2026-06-30,22.709352072570685,PI
2026-06-30,0.0,PI
2026-06-30,6.148281507810592,PI
2026-06-30,14.942207408198676,PI
2026-06-30,0.0,PI
2026-06-30,0.0,PI
2026-06-30,0.0,PI
2026-06-30,0.0,PI
2026-06-30,11.047121842286298,PI
2026-06-30,39.75359844579586,PI
2026-06-30,0.0,PI
2026-06-30,1.9441871864720266,PI
2026-06-30,25.141601878443552,PI
2026-06-30,0.0,PI
2026-06-30,5.011067781229596,PI
2026-06-30,5.317601695661025,PI
2026-06-30,12.302783911992936,PI
2026-06-30,10.402265856216692,PI
2026-06-30,0.0,PI
2026-06-30,8.849767027271715,PI
2026-06-30,8.13919624894155,PI
2026-06-30,0.0,PI
2026-06-30,4.401761616425497,PI
2026-06-30,14.565445941598362,PI
2026-06-30,0.0,PI
2026-06-30,7.356560175892144,PI
2026-06-30,7.4395801549728064,PI
2026-06-30,0.0,PI
2026-06-30,5.561849259798682,PI
2026-06-30,25.832289805383812,PI
2026-06-30,38.251740057650395,PI
2026-06-30,3.956146901896492,PI
2026-06-30,10.441496203245572,PI
2026-06-30,0.0,PI
2026-06-30,14.018252163207784,PI
2026-06-30,27.106177805574617,PI
2026-06-30,7.119644287797587,PI
2026-06-30,10.068648646429416,PI
2026-06-30,0.0,PI
2026-06-30,9.664902037667913,PI
2026-06-30,6.762560871409945,PI
2026-06-30,0.0,PI
2026-06-30,7.775072158267,PI
2026-06-30,100.0,PI
2026-06-30,8.825831935914932,PI
2026-06-30,0.0,PI
2026-06-30,5.987493231341188,PI
2026-06-30,2.8873137653023155,PI
2026-06-30,9.83828783351254,PI
2026-06-30,7.813722701655287,PI
2026-06-30,0.0,PI
2026-06-30,3.403814767426614,PI
2026-06-30,3.1831884030094972,PI
2026-06-30,11.13252285472436,PI
2026-06-30,25.47341828386974,PI
2026-06-30,2.6754670546065964,PI
2026-06-30,12.453386646835972,PI
2026-06-30,0.0,PI
2026-06-30,9.180551919683934,PI
2026-06-30,4.219569208513209,PI
2026-06-30,0.0,PI
2026-06-30,5.186557538288385,PI
2026-06-30,6.585350808212639,PI
2026-06-30,0.0,PI
2026-06-30,7.322167482367294,PI
2026-06-30,7.023641814015162,PI
2026-06-30,0.0,PI
2026-06-30,5.197856215328712,PI
2026-06-30,9.34538207913507,PI
2026-06-30,0.0,PI
2026-06-30,3.7853966602021525,PI
2026-06-30,8.415172488461563,PI
2026-06-30,36.302558589465974,PI
2026-06-30,0.0,PI
2026-06-30,0.0,PI
2026-06-30,0.0,PI
2026-06-30,0.0,PI
2026-06-30,0.0,PI
2026-06-30,0.0,PI
2026-06-30,0.0,PI
2026-06-30,0.0,PI
2026-06-30,0.0,PI
2026-06-30,0.0,PI
2026-06-30,0.0,PI
2026-06-30,0.0,PI
2026-06-30,0.0,PI
2026-06-30,0.0,PI
2026-06-30,0.0,PI
2026-06-30,6.5417520015169,PI
2026-06-30,31.16172928503428,PI
2026-06-30,12.522340048898483,PI
2026-06-30,0.0,PI
2026-06-30,0.0,PI
2026-06-30,0.0,PI
2026-06-30,0.0,PI
2026-06-30,0.0,PI
2026-06-30,0.0,PI
2026-06-30,0.0,PI
2026-06-30,0.0,PI
2026-06-30,0.0,PI
2026-06-30,0.0,PI
2026-06-30,0.0,PI
2026-06-30,0.0,PI
2026-06-30,0.0,PI
2026-06-30,1.1525903862885263,PI
2026-06-30,0.0,PI
2026-06-30,0.0,PI
2026-06-30,0.5230437455603323,PI
2026-06-30,0.0,PI
2026-06-30,100.0,PI
2026-06-30,0.0,PI
2026-06-30,0.0,PI
2026-06-30,0.0,PI
2026-06-30,0.0,PI
2026-06-30,0.0,PI
2026-06-30,0.0,PI
2026-06-30,0.0,PI
2026-06-30,0.0,PI
2026-06-30,0.0,PI
2026-06-30,0.0,PI
2026-06-30,0.0,PI
2026-06-30,10.259236666808976,PI
2026-06-30,0.0,PI
2026-06-30,0.0,PI
2026-06-30,0.0,PI
2026-06-30,0.0,PI
2026-06-30,0.0,PI
2026-06-30,100.0,PI
2026-06-30,0.0,PI
2026-06-30,9.826080442729895,PI
2026-06-30,0.0,PI
2026-06-30,0.0,PI
2026-06-30,0.0,PI
2026-06-30,0.0,PI
2026-06-30,7.934295722449041,PI
2026-06-30,0.0,PI
2026-06-30,9.605896317703822,PI
2026-06-30,12.023626888101024,PI
2026-06-30,0.0,PI
2026-06-30,0.0,PI
2026-06-30,0.0,PI
2026-06-30,0.0,PI
2026-06-30,0.0,PI
2026-06-30,2.5255532256220703,PI
2026-06-30,35.56372485850158,PI
2026-06-30,35.42803302908008,PI
2026-06-30,6.691204858814583,PI
2026-06-30,8.065639810735307,PI
2026-06-30,0.0,PI
2026-06-30,0.0,PI
2026-06-30,0.0,PI
2026-06-30,0.0,PI
2026-06-30,0.0,PI
2026-06-30,0.0,PI
2026-06-30,0.0,PI
2026-06-30,0.0,PI
2026-06-30,0.0,PI
2026-06-30,0.0,PI
2026-06-30,4.681243361436777,PI
2026-06-30,0.0,PI
2026-06-30,0.0,PI
2026-06-30,0.0,PI
2026-06-30,0.0,PI
2026-06-30,0.0,PI
2026-06-30,0.0,PI
2026-06-30,0.0,PI
2026-06-30,0.0,PI
2026-06-30,0.0,PI
2026-06-30,0.0,PI
2026-06-30,0.0,PI
2026-06-30,0.0,PI
2026-06-30,0.0,PI
2026-06-30,100.0,PI
2026-06-30,100.0,PI
2026-06-30,0.0,PI
2026-06-30,0.0,PI
2026-06-30,39.35884857343929,PI
2026-06-30,33.58192023125902,PI
2026-06-30,37.1086933075391,PI
2026-06-30,0.0,PI
2026-06-30,0.0,PI
2026-06-30,0.0,PI
2026-06-30,3.293935159317977,PI
2026-06-30,4.911954121397712,PI
2026-06-30,0.4721636683622282,PI
2026-06-30,8.273370087926322,PI
2026-06-30,1.847589572569339,PI
2026-06-30,26.492025101142282,PI
2026-06-30,2.3714090662681766,PI
2026-06-30,0.0,PI
2026-06-30,1.0819882853109166,PI
2026-06-30,7.91919631698078,PI
2026-06-30,15.663383926159552,PI
2026-06-30,1.0037603447045256,PI
2026-06-30,6.1019908656748,PI
2026-06-30,6.638582354710701,PI
2026-06-30,5.433441271922065,PI
2026-06-30,14.442383402517777,PI
2026-06-30,4.471578740790955,PI
2026-06-30,22.125646595603026,PI
2026-06-30,6.941737924485701,PI
2026-06-30,10.514979299252685,PI
2026-06-30,3.1502596245536405,PI
2026-06-30,16.967064597995513,PI
2026-06-30,13.361621347251292,PI
2026-06-30,0.0,PI
2026-06-30,8.24404089594904,PI
2026-06-30,5.200621398114332,PI
2026-06-30,8.490414999669381,PI
2026-06-30,3.9991088616440886,PI
2026-06-30,7.506577561077678,PI
2026-06-30,46.458542305864,PI
2026-06-30,3.444334251153041,PI
2026-06-30,0.0,PI
2026-06-30,2.718879067191904,PI
2026-06-30,18.322909257927176,PI
2026-06-30,3.4400528229443603,PI
2026-06-30,8.250041908640052,PI
2026-06-30,3.6264343925625067,PI
2026-06-30,21.175225303614933,PI
2026-06-30,11.069005244438584,PI
2026-06-30,0.0,PI
2026-06-30,8.613942524302251,PI
2026-06-30,13.550314143625075,PI
2026-06-30,5.754063683204038,PI
2026-06-30,10.867074363226436,PI
2026-06-30,5.529893076622856,PI
2026-06-30,6.572322943977858,PI
2026-06-30,5.182713715288863,PI
2026-06-30,0.0,PI
2026-06-30,0.7574712574742561,PI
2026-06-30,0.0,PI
2026-06-30,0.0,PI
2026-06-30,38.604130155919705,PI
2026-06-30,0.0,PI
2026-06-30,0.0,PI
2026-06-30,0.0,PI
2026-06-30,0.0,PI
2026-06-30,0.0,PI
2026-06-30,0.0,PI
2026-06-30,2.481853949285572,PI
2026-06-30,23.0240143899805,PI
2026-06-30,1.619121794940026,PI
2026-06-30,11.862337588010389,PI
2026-06-30,2.7605812540052574,PI
2026-06-30,6.548481843510812,PI
2026-06-30,8.190544576026177,PI
2026-06-30,30.273415453118023,PI
2026-06-30,4.6138379836061825,PI
2026-06-30,4.852053264891822,PI
2026-06-30,11.355571862672223,PI
2026-06-30,7.730216429618039,PI
2026-06-30,11.096199430582903,PI
2026-06-30,8.390595980000748,PI
2026-06-30,4.586243986076795,PI
2026-06-30,0.0,PI
2026-06-30,17.15669468253308,PI
2026-06-30,7.6344898685205065,PI
2026-06-30,3.337624984745433,PI
2026-06-30,2.039206417878689,PI
2026-06-30,4.3901424934009015,PI
2026-06-30,10.270893162080014,PI
2026-06-30,6.3069595289370906,PI
2026-06-30,22.844069906964258,PI
2026-06-30,16.361107188396097,PI
2026-06-30,7.7759229506311645,PI
2026-06-30,9.233989878856942,PI
2026-06-30,14.173132570679222,PI
2026-06-30,4.042650476169621,PI
2026-06-30,11.884192567605309,PI
2026-06-30,3.082351623686404,PI
2026-06-30,30.062435438750622,PI
2026-06-30,7.657848352459591,PI
2026-06-30,11.392489772437084,PI
2026-06-30,4.495995366019483,PI
2026-06-30,24.736092564769997,PI
2026-06-30,9.941465318539986,PI
2026-06-30,10.488383703413797,PI
2026-06-30,6.754752965607469,PI
2026-06-30,24.884507512171904,PI
2026-06-30,8.443979412690378,PI
2026-06-30,8.532195494981943,PI
2026-06-30,8.085905227463963,PI
2026-06-30,4.370042489184683,PI
2026-06-30,5.98703852975115,PI
2026-06-30,35.27925144140503,PI
2026-06-30,0.0,PI
2026-06-30,4.072083133297647,PI
2026-06-30,17.1348711245761,PI
2026-06-30,2.3510815917990606,PI
2026-06-30,3.017667520394006,PI
2026-06-30,2.7534787880922362,PI
2026-06-30,14.680524838337424,PI
2026-06-30,7.476898090002301,PI
2026-06-30,0.12891855725750423,PI
2026-06-30,1.8986533742649052,PI
2026-06-30,15.571740215862798,PI
2026-06-30,7.119891306572973,PI
2026-06-30,10.253968641131966,PI
2026-06-30,5.037166252009395,PI
2026-06-30,5.9066711291053915,PI
2026-06-30,3.2490508327616268,PI
2026-06-30,0.0,PI
2026-06-30,0.0,PI
2026-06-30,13.74879717824668,PI
2026-06-30,19.518983017068347,PI
2026-06-30,0.0,PI
2026-06-30,42.52396193344315,PI
2026-06-30,13.88223244708245,PI
2026-06-30,36.661836899115855,PI
2026-06-30,73.5132114821301,PI
2026-06-30,0.0,PI
2026-06-30,0.0,PI
2026-06-30,31.713926757371002,PI
2026-06-30,16.41745473758143,PI
2026-06-30,26.798594504006335,PI
2026-06-30,56.70859242953055,PI
2026-06-30,0.0,PI
2026-06-30,0.0,PI
2026-06-30,16.179764514235746,PI
2026-06-30,4.391122735718112,PI
2026-06-30,12.201019878448005,PI
2026-06-30,16.861565012233484,PI
2026-06-30,0.0,PI
2026-06-30,0.0,PI
2026-06-30,0.0,PI
2026-06-30,18.838221464424514,PI
2026-06-30,17.58078784231075,PI
2026-06-30,24.156844535640477,PI
2026-06-30,0.0,PI
2026-06-30,0.0,PI
2026-06-30,38.692270912271184,PI
2026-06-30,21.71106996568716,PI
2026-06-30,0.0,PI
2026-06-30,29.417058924183443,PI
2026-06-30,12.042241877137643,PI
2026-06-30,48.164026988416744,PI
2026-06-30,32.365587192724746,PI
2026-06-30,0.0,PI
2026-06-30,50.483272193286886,PI
2026-06-30,10.312844246290403,PI
2026-06-30,0.0,PI
2026-06-30,6.587620053821356,PI
2026-06-30,36.9586648234406,PI
2026-06-30,27.632868702888096,PI
2026-06-30,0.0,PI
2026-06-30,0.0,PI
2026-06-30,0.0,PI
2026-06-30,0.0,PI
2026-06-30,0.0,PI
2026-06-30,0.0,PI
2026-06-30,0.0,PI
2026-06-30,0.0,PR
2026-06-30,0.0,PR
2026-06-30,0.0,PR
2026-06-30,0.0,PR
2026-06-30,15.70187584954191,PR
2026-06-30,2.012163919720946,PR
2026-06-30,0.0,PR
2026-06-30,0.0,PR
2026-06-30,0.9964647416821619,PR
2026-06-30,8.646029224810956,PR
2026-06-30,0.0,PR
2026-06-30,24.594498038515823,PR
2026-06-30,3.2387482701371173,PR
2026-06-30,0.0,PR
2026-06-30,0.0,PR
2026-06-30,0.0,PR
2026-06-30,0.0,PR
2026-06-30,2.4550667302176263,PR
2026-06-30,0.0,PR
2026-06-30,0.0,PR
2026-06-30,9.669382705647607,PR
2026-06-30,0.0,PR
2026-06-30,18.70840320795067,PR
2026-06-30,0.0,PR
2026-06-30,4.066764884643322,PR
2026-06-30,0.0,PR
2026-06-30,4.5017263458893755,PR
2026-06-30,7.390673427986708,PR
2026-06-30,0.0,PR
2026-06-30,0.0,PR
2026-06-30,2.638700573647666,PR
2026-06-30,0.0,PR
2026-06-30,5.25953519193219,PR
2026-06-30,0.0,PR
2026-06-30,0.0,PR
2026-06-30,9.075240623266877,PR
2026-06-30,0.0,PR
2026-06-30,100.0,PR
2026-06-30,4.02762457130859,PR
2026-06-30,0.0,PR
2026-06-30,0.0,PR
2026-06-30,40.17092665590894,PR
2026-06-30,0.0,PR
2026-06-30,0.0,PR
2026-06-30,8.615360365218038,PR
2026-06-30,15.55290351392434,PR
2026-06-30,0.0,PR
2026-06-30,0.0,PR
2026-06-30,0.0,PR
2026-06-30,4.583615048056377,PR
2026-06-30,0.0,PR
2026-06-30,9.675442476955594,PR
2026-06-30,19.234149032308373,PR
2026-06-30,0.0,PR
2026-06-30,65.37766719685322,PR
2026-06-30,20.71570868705287,PR
2026-06-30,5.831642328248772,PR
2026-06-30,0.0,PR
2026-06-30,0.0,PR
2026-06-30,0.0,PR
2026-06-30,7.346709924459624,PR
2026-06-30,0.0,PR
2026-06-30,15.134322419116614,PR
2026-06-30,0.0,PR
2026-06-30,0.0,PR
2026-06-30,0.0,PR
2026-06-30,100.0,PR
2026-06-30,9.371559905456362,PR
2026-06-30,0.0,PR
2026-06-30,0.0,PR
2026-06-30,3.8389440417228875,PR
2026-06-30,0.0,PR
2026-06-30,0.0,PR
2026-06-30,6.0665892358893565,PR
2026-06-30,0.0,PR
2026-06-30,10.413467465302716,PR
2026-06-30,0.0,PR
2026-06-30,0.0,PR
2026-06-30,24.291079425381294,PR
2026-06-30,7.602168690126902,PR
2026-06-30,0.0,PR
2026-06-30,100.0,PR
2026-06-30,0.0,PR
2026-06-30,6.126602943338299,PR
2026-06-30,0.0,PR
2026-06-30,0.0,PR
2026-06-30,0.5401904165850911,PR
2026-06-30,100.0,PR
2026-06-30,13.539584948461705,PR
2026-06-30,0.0,PR
2026-06-30,0.0,PR
2026-06-30,0.0,PR
2026-06-30,4.555026037030334,PR
2026-06-30,13.602584938309764,PR
2026-06-30,64.45438444763573,PR
2026-06-30,0.0,PR
2026-06-30,0.0,PR
2026-06-30,4.285535471092134,PR
2026-06-30,14.231531798604887,PR
2026-06-30,0.0,PR
2026-06-30,0.0,PR
2026-06-30,0.0,PR
2026-06-30,3.7233187516051016,PR
2026-06-30,0.0,PR
2026-06-30,15.427872862764804,PR
2026-06-30,17.29612629158026,PR
2026-06-30,0.0,PR
2026-06-30,0.0,PR
2026-06-30,0.0,PR
2026-06-30,42.09859154854128,PR
2026-06-30,4.2503189903192276,PR
2026-06-30,0.0,PR
2026-06-30,0.0,PR
2026-06-30,0.0,PR
2026-06-30,10.82858375052807,PR
2026-06-30,6.992128468607143,PR
2026-06-30,0.0,PR
2026-06-30,0.0,PR
2026-06-30,45.17262249176673,PR
2026-06-30,12.133040142436048,PR
2026-06-30,0.0,PR
2026-06-30,0.0,PR
2026-06-30,2.9844690424474787,PR
2026-06-30,9.078740688816396,PR
2026-06-30,0.0,PR
2026-06-30,3.798645962551326,PR
2026-06-30,0.0,PR
2026-06-30,0.0,PR
2026-06-30,0.0,PR
2026-06-30,0.573624335794016,PR
2026-06-30,11.518132525684884,PR
2026-06-30,0.0,PR
2026-06-30,0.0,PR
2026-06-30,100.0,PR
2026-06-30,7.432381859525637,PR
2026-06-30,0.0,PR
2026-06-30,0.0,PR
2026-06-30,5.772292902966524,PR
2026-06-30,9.695449281512698,PR
2026-06-30,0.0,PR
2026-06-30,0.0,PR
2026-06-30,100.0,PR
2026-06-30,4.523453797789482,PR
2026-06-30,0.0,PR
2026-06-30,0.0,PR
2026-06-30,10.41176142818817,PR
2026-06-30,6.806269480912601,PR
2026-06-30,0.0,PR
2026-06-30,0.0,PR
2026-06-30,100.0,PR
2026-06-30,4.014941576893665,PR
2026-06-30,13.405775174497245,PR
2026-06-30,43.58972359153543,PR
2026-06-30,27.10748690013094,PR
2026-06-30,0.0,PR
2026-06-30,0.0,PR
2026-06-30,30.392216892309577,PR
2026-06-30,0.0,PR
2026-06-30,0.0,PR
2026-06-30,0.0,PR
2026-06-30,7.091131762149529,PR
2026-06-30,0.0,PR
2026-06-30,0.0,PR
2026-06-30,25.64782733122883,PR
2026-06-30,14.346877120336105,PR
2026-06-30,0.0,PR
2026-06-30,5.8763993827945065,PR
2026-06-30,0.0,PR
2026-06-30,0.0,PR
2026-06-30,0.0,PR
2026-06-30,5.558175731539555,PR
2026-06-30,0.0,PR
2026-06-30,0.0,PR
2026-06-30,3.1376266273925646,PR
2026-06-30,25.50601588391073,PR
2026-06-30,9.593410910875818,PR
2026-06-30,0.0,PR
2026-06-30,0.0,PR
2026-06-30,0.0,PR
2026-06-30,3.978503266520081,PR
2026-06-30,0.0,PR
2026-06-30,0.0,PR
2026-06-30,14.563659813488522,PR
2026-06-30,0.0,PR
2026-06-30,0.0,PR
2026-06-30,9.921210150806903,PR
2026-06-30,0.0,PR
2026-06-30,0.0,PR
2026-06-30,33.54922742476288,PR
2026-06-30,0.0,PR
2026-06-30,3.846240457865596,PR
2026-06-30,0.0,PR
2026-06-30,0.0,PR
2026-06-30,0.0,PR
2026-06-30,5.905136640902367,PR
2026-06-30,6.138290504057937,PR
2026-06-30,0.0,PR
2026-06-30,12.045776389094263,PR
2026-06-30,0.0,PR
2026-06-30,0.0,PR
2026-06-30,3.5637168365166416,PR
2026-06-30,100.0,PR
2026-06-30,11.21078884872609,PR
2026-06-30,0.0,PR
2026-06-30,100.0,PR
2026-06-30,3.876632750177627,PR
2026-06-30,0.0,PR
2026-06-30,0.0,PR
2026-06-30,9.216690220151406,PR
2026-06-30,0.0,PR
2026-06-30,0.0,PR
2026-06-30,100.0,PR
2026-06-30,12.568189658288539,PR
2026-06-30,0.0,PR
2026-06-30,0.0,PR
2026-06-30,0.0,PR
2026-06-30,10.29837673550632,PR
2026-06-30,0.0,PR
2026-06-30,100.0,PR
2026-06-30,6.381039140765159,PR
2026-06-30,0.0,PR
2026-06-30,0.0,PR
2026-06-30,2.544959971200093,PR
2026-06-30,100.0,PR
2026-06-30,10.859458742110373,PR
2026-06-30,0.0,PR
2026-06-30,0.0,PR
2026-06-30,43.5278906024525,PR
2026-06-30,4.385995386944804,PR
2026-06-30,5.364800409867373,PR
2026-06-30,4.636290150798007,PR
2026-06-30,0.7639822124432043,PR
2026-06-30,4.030854456641682,PR
2026-06-30,0.0,PR
2026-06-30,1.0196093184570514,PR
2026-06-30,17.203932263864623,PR
2026-06-30,0.0,PR
2026-06-30,17.15739424061547,PR
2026-06-30,3.5707745369005166,PR
2026-06-30,0.0,PR
2026-06-30,20.76683403352854,PR
2026-06-30,4.7095897652443846,PR
2026-06-30,13.607563468771225,PR
2026-06-30,0.0,PR
2026-06-30,0.0,PR
2026-06-30,0.0,PR
2026-06-30,2.2606181560699588,PR
2026-06-30,5.864285848612638,PR
2026-06-30,0.0,PR
2026-06-30,5.118194711970907,PR
2026-06-30,9.299926384381287,PR
2026-06-30,0.0,PR
2026-06-30,46.76699448920494,PR
2026-06-30,8.809637267763657,PR
2026-06-30,0.0,PR
2026-06-30,5.486492905379347,PR
2026-06-30,0.0,PR
2026-06-30,0.0,PR
2026-06-30,8.151098600598973,PR
2026-06-30,4.185971810930382,PR
2026-06-30,2.420874779614941,PR
2026-06-30,0.0,PR
2026-06-30,0.0,PR
2026-06-30,6.953271679604754,PR
2026-06-30,0.0,PR
2026-06-30,35.43452271271943,PR
2026-06-30,14.511100673111102,PR
2026-06-30,0.0,PR
2026-06-30,0.0,PR
2026-06-30,9.302352967041283,PR
2026-06-30,0.0,PR
2026-06-30,0.0,PR
2026-06-30,0.0,PR
2026-06-30,0.0,PR
2026-06-30,3.9874114822748967,PR
2026-06-30,0.0,PR
2026-06-30,24.505847397316284,PR
2026-06-30,0.0,PR
2026-06-30,0.0,PR
2026-06-30,37.96161345482912,PR
2026-06-30,21.658610403637244,PR
2026-06-30,0.0,PR
2026-06-30,8.896076273545503,PR
2026-06-30,0.0,PR
2026-06-30,0.0,PR
2026-06-30,0.0,PR
2026-06-30,36.4681167265987,PR
2026-06-30,9.771312682403114,PR
2026-06-30,0.0,PR
2026-06-30,0.0,PR
2026-06-30,100.0,PR
2026-06-30,15.124236621055646,PR
2026-06-30,8.880114870877705,PR
2026-06-30,0.0,PR
2026-06-30,13.9293993171251,PR
2026-06-30,18.110648736634534,PR
2026-06-30,0.0,PR
2026-06-30,0.0,PR
2026-06-30,5.717373772943795,PR
2026-06-30,0.0,PR
2026-06-30,0.0,PR
2026-06-30,0.0,PR
2026-06-30,9.764477911010175,PR
2026-06-30,0.0,PR
2026-06-30,100.0,PR
2026-06-30,9.395492269213417,PR
2026-06-30,0.0,PR
2026-06-30,0.0,PR
2026-06-30,7.680304983576121,PR
2026-06-30,4.689369860902568,PR
2026-06-30,0.0,PR
2026-06-30,100.0,PR
2026-06-30,7.051680310207751,PR
2026-06-30,0.0,PR
2026-06-30,0.0,PR
2026-06-30,22.87744592197393,PR
2026-06-30,6.719367952289207,PR
2026-06-30,0.0,PR
2026-06-30,0.0,PR
2026-06-30,0.0,PR
2026-06-30,5.6303331763792706,PR
2026-06-30,0.0,PR
2026-06-30,5.915680296947859,PR
2026-06-30,24.08276873571242,PR
2026-06-30,0.0,PR
2026-06-30,0.0,PR
2026-06-30,6.153340051990873,PR
2026-06-30,5.071498839494333,PR
2026-06-30,2.5913942176195572,PR
2026-06-30,0.0,PR
2026-06-30,0.0,PR
2026-06-30,10.443346118591167,PR
2026-06-30,0.0,PR
2026-06-30,0.0,PR
2026-06-30,37.529066376844185,PR
2026-06-30,5.814449520249564,PR
2026-06-30,0.0,PR
2026-06-30,0.0,PR
2026-06-30,0.0,PR
2026-06-30,7.627534581553945,PR
2026-06-30,10.32115798091049,PR
2026-06-30,0.0,PR
2026-06-30,0.0,PR
2026-06-30,0.0,PR
2026-06-30,100.0,PR
2026-06-30,1.8550326192661342,PR
2026-06-30,100.0,PR
2026-06-30,2.9732239629919546,PR
2026-06-30,0.0,PR
2026-06-30,0.0,PR
2026-06-30,4.665252856512431,PR
2026-06-30,7.4105867518752895,PR
2026-06-30,0.0,PR
2026-06-30,7.6831700686123785,PR
2026-06-30,0.0,PR
2026-06-30,0.0,PR
2026-06-30,0.0,PR
2026-06-30,7.692052736917486,PR
2026-06-30,8.241306004742102,PR
2026-06-30,0.0,PR
2026-06-30,3.9588289574541795,PR
2026-06-30,0.0,PR
2026-06-30,0.0,PR
2026-06-30,1.3661678328463585,PR
2026-06-30,3.6321788556987604,PR
2026-06-30,0.0,PR
2026-06-30,3.1349125301768366,PR
2026-06-30,13.019301706553147,PR
2026-06-30,34.08757882036182,PR
2026-06-30,0.0,PR
2026-06-30,0.0,PR
2026-06-30,0.0,PR
2026-06-30,0.0,PR
2026-06-30,0.0,PR
2026-06-30,0.0,PR
2026-06-30,0.0,PR
2026-06-30,0.0,PR
2026-06-30,0.0,PR
2026-06-30,0.0,PR
2026-06-30,0.0,PR
2026-06-30,0.0,PR
2026-06-30,0.0,PR
2026-06-30,2.9548600648259953,PR
2026-06-30,14.473570861013169,PR
2026-06-30,0.0,PR
2026-06-30,0.0,PR
2026-06-30,3.3041938733815437,PR
2026-06-30,3.6307103377266023,PR
2026-06-30,0.41071622656404067,PR
2026-06-30,0.0,PR
2026-06-30,3.893489092136411,PR
2026-06-30,0.8281886931441622,PR
2026-06-30,0.0,PR
2026-06-30,0.29202567637776333,PR
2026-06-30,0.0,PR
2026-06-30,1.7378203148848341,PR
2026-06-30,0.8652889105062841,PR
2026-06-30,7.629330805853258,PR
2026-06-30,0.0,PR
2026-06-30,14.003091831227435,PR
2026-06-30,0.0,PR
2026-06-30,0.0,PR
2026-06-30,0.0,PR
2026-06-30,0.0,PR
2026-06-30,6.417491412748946,PR
2026-06-30,29.915575281418487,PR
2026-06-30,8.61489110251826,PR
2026-06-30,4.374687104014453,PR
2026-06-30,0.0,PR
2026-06-30,8.866466521302229,PR
2026-06-30,0.0,PR
2026-06-30,11.335180870178364,PR
2026-06-30,10.48459382623057,PR
2026-06-30,57.80926081002728,PR
2026-06-30,20.769869447324485,PR
2026-06-30,0.0,PR
2026-06-30,0.0,PR
2026-06-30,1.8510838237918077,PR
2026-06-30,0.0,PR
2026-06-30,0.0,PR
2026-06-30,3.896829151667023,PR
2026-06-30,0.0,PR
2026-06-30,4.55975939327227,PR
2026-06-30,2.433901880537474,PR
2026-06-30,0.0,PR
2026-06-30,0.7397235144185933,PR
2026-06-30,3.204702932110509,PR
2026-06-30,4.369733921387704,PR
2026-06-30,5.721749982244312,PR
2026-06-30,0.0,PR
2026-06-30,4.850245955394888,PR
2026-06-30,1.03455294152075,PR
2026-06-30,4.400553541188444,PR
2026-06-30,0.0,PR
2026-06-30,1.7929581710283713,PR
2026-06-30,0.0,PR
2026-06-30,2.8551706954483493,PR
2026-06-30,11.095269687533715,PR
2026-06-30,13.141164022034262,PR
2026-06-30,4.5397001923793345,PR
2026-06-30,0.0,PR
2026-06-30,0.0,PR
2026-06-30,0.0,PR
2026-06-30,0.0,PR
2026-06-30,0.0,PR
2026-06-30,0.18234067387087208,PR
2026-06-30,0.0,PR
2026-06-30,0.0,PR
2026-06-30,1.6235533282471963,PR
2026-06-30,0.0,PR
2026-06-30,16.60428768659524,PR
2026-06-30,0.0,PR
2026-06-30,2.4225942533274156,PR
2026-06-30,2.6460512315010516,PR
2026-06-30,0.0,PR
2026-06-30,0.0,PR
2026-06-30,1.3499885165640886,PR
2026-06-30,2.352033048273627,PR
2026-06-30,2.8421231630900787,PR
2026-06-30,15.279250857958157,PR
2026-06-30,2.7919468845964213,PR
2026-06-30,8.74113380436597,PR
2026-06-30,4.694706715475201,PR
2026-06-30,0.0,PR
2026-06-30,4.357597451686127,PR
2026-06-30,2.375922718130285,PR
2026-06-30,0.0,PR
2026-06-30,2.8397518663852486,PR
2026-06-30,0.0,PR
2026-06-30,15.860792389071346,PR
2026-06-30,2.5244556790345962,PR
2026-06-30,2.7255918458889328,PR
2026-06-30,3.525562053360541,PR
2026-06-30,0.0,PR
2026-06-30,2.1602624438759492,PR
2026-06-30,1.4003809548216581,PR
2026-06-30,2.7783787325056353,PR
2026-06-30,8.68516543711693,PR
2026-06-30,2.648389855523909,PR
2026-06-30,0.0,PR
2026-06-30,6.441726686727993,PR
2026-06-30,0.0,PR
2026-06-30,0.0,PR
2026-06-30,0.0,PR
2026-06-30,0.0,PR
2026-06-30,0.0,PR
2026-06-30,0.0,PR
2026-06-30,0.0,PR
2026-06-30,0.0,PR
2026-06-30,0.0,PR
2026-06-30,0.0,PR
2026-06-30,0.0,PR
2026-06-30,0.0,PR
2026-06-30,0.0,PR
2026-06-30,0.0,PR
2026-06-30,0.0,PR
2026-06-30,5.946366906220682,PR
2026-06-30,0.0,PR
2026-06-30,0.0,PR
2026-06-30,0.0,PR
2026-06-30,0.0,PR
2026-06-30,0.0,PR
2026-06-30,100.0,PR
2026-06-30,0.0,PR
2026-06-30,3.351774868434961,PR
2026-06-30,0.0,PR
2026-06-30,5.455434515653686,PR
2026-06-30,0.0,PR
2026-06-30,1.7608593299763138,PR
2026-06-30,5.6227626347023625,PR
2026-06-30,0.0,PR
2026-06-30,0.436413886389282,PR
2026-06-30,0.0,PR
2026-06-30,3.844173669621153,PR
2026-06-30,12.190610448651046,PR
2026-06-30,0.9932027693494438,PR
2026-06-30,2.81703454877083,PR
2026-06-30,5.3441050015859775,PR
2026-06-30,1.7383113495729314,PR
2026-06-30,7.581439528635345,PR
2026-06-30,5.254630453858257,PR
2026-06-30,2.4887155359806648,PR
2026-06-30,1.9179556874964712,PR
2026-06-30,0.0,PR
2026-06-30,4.78106638203802,PR
2026-06-30,3.91003272725217,PR
2026-06-30,0.0,PR
2026-06-30,0.6427450279459748,PR
2026-06-30,8.625176351726347,PR
2026-06-30,0.0,PR
2026-06-30,4.392384985441815,PR
2026-06-30,0.7313872569660129,PR
2026-06-30,2.984630056788442,PR
2026-06-30,6.2391379501041095,PR
2026-06-30,1.8241601308558402,PR
2026-06-30,0.0,PR
2026-06-30,5.702938602047243,PR
2026-06-30,0.0,PR
2026-06-30,3.86758796400083,PR
2026-06-30,0.0,PR
2026-06-30,4.117774870767685,PR
2026-06-30,0.0,PR
2026-06-30,0.0,PR
2026-06-30,0.0,PR
2026-06-30,0.0,PR
2026-06-30,0.0,PR
2026-06-30,0.0,PR
2026-06-30,0.0,PR
2026-06-30,0.0,PR
2026-06-30,0.0,PR
2026-06-30,0.0,PR
2026-06-30,0.0,PR
2026-06-30,0.0,PR
2026-06-30,5.188532729222715,PR
2026-06-30,3.418589247353406,PR
2026-06-30,6.203842773884247,PR
2026-06-30,0.0,PR
2026-06-30,2.0100154891287145,PR
2026-06-30,0.0,PR
2026-06-30,2.7366343166887375,PR
2026-06-30,0.0,PR
2026-06-30,2.888584268536499,PR
2026-06-30,0.0,PR
2026-06-30,3.564808605440521,PR
2026-06-30,2.0479904536583273,PR
2026-06-30,0.0,PR
2026-06-30,1.465659483781229,PR
2026-06-30,0.0,PR
2026-06-30,4.068302892084415,PR
2026-06-30,0.7164387002488982,PR
2026-06-30,10.865576106250758,PR
2026-06-30,0.0,PR
2026-06-30,3.1106372048722037,PR
2026-06-30,0.0,PR
2026-06-30,0.0,PR
2026-06-30,4.284799898059714,PR
2026-06-30,0.0,PR
2026-06-30,5.307051577103822,PR
2026-06-30,5.275113071438449,PR
2026-06-30,2.7014085964637715,PR
2026-06-30,1.5786521773909254,PR
2026-06-30,3.7468655165993576,PR
2026-06-30,0.0,PR
2026-06-30,4.843389683167885,PR
2026-06-30,4.984515811901879,PR
2026-06-30,18.063431461528133,PR
2026-06-30,8.202882429434817,PR
2026-06-30,1.6784074855682742,PR
2026-06-30,0.0,PR
2026-06-30,3.9647997731452786,PR
2026-06-30,4.689344942557977,PR
2026-06-30,4.739621424597121,PR
2026-06-30,0.0,PR
2026-06-30,0.0,PR
2026-06-30,3.8906160488667805,PR
2026-06-30,0.0,PR
2026-06-30,0.0,PR
2026-06-30,2.8529039986774323,PR
2026-06-30,0.6142546513788559,PR
2026-06-30,3.2350722737036723,PR
2026-06-30,0.0,PR
2026-06-30,3.5426282107624094,PR
2026-06-30,0.6860426983493357,PR
2026-06-30,3.466897564001998,PR
2026-06-30,0.0,PR
2026-06-30,3.4337627066394143,PR
2026-06-30,0.0,PR
2026-06-30,1.4082384459552502,PR
2026-06-30,2.555120500304866,PR
2026-06-30,4.030778635245745,PR
2026-06-30,4.6382151471408815,PR
2026-06-30,0.0,PR
2026-06-30,2.9133538986600773,PR
2026-06-30,0.0,PR
2026-06-30,3.0451251166730873,PR
2026-06-30,3.385531710081343,PR
2026-06-30,4.774170117549055,PR
2026-06-30,0.0,PR
2026-06-30,7.068313922687361,PR
2026-06-30,0.0,PR
2026-06-30,1.7434657823270558,PR
2026-06-30,0.0,PR
2026-06-30,0.0,PR
2026-06-30,4.418288587383328,PR
2026-06-30,0.0,PR
2026-06-30,0.0,PR
2026-06-30,0.0,PR
2026-06-30,1.655965662037169,PR
2026-06-30,0.0,PR
2026-06-30,5.5153458070779235,PR
2026-06-30,0.8582060363034901,PR
2026-06-30,0.8010989762212941,PR
2026-06-30,29.002195856343093,PR
2026-06-30,0.2667968033590045,PR
2026-06-30,0.0,PR
2026-06-30,3.562851446524008,PR
2026-06-30,0.0,PR
2026-06-30,2.7467136857518057,PR
2026-06-30,0.9423733440207946,PR
2026-06-30,0.0,PR
2026-06-30,1.5179809031717029,PR
2026-06-30,12.129477955722466,PR
2026-06-30,1.1645148691841996,PR
2026-06-30,0.03900243504941866,PR
2026-06-30,2.862491917405866,PR
2026-06-30,0.0,PR
2026-06-30,1.2859667414875926,PR
2026-06-30,0.0,PR
2026-06-30,0.0,PR
2026-06-30,0.0,PR
2026-06-30,0.0,PR
2026-06-30,2.601767702749106,PR
2026-06-30,100.0,PR
2026-06-30,0.0,PR
2026-06-30,33.98153626686659,PR
2026-06-30,6.273239988137172,PR
2026-06-30,0.2272172772658955,PR
2026-06-30,0.0,PR
2026-06-30,0.0,PR
2026-06-30,0.0,PR
2026-06-30,0.0,PR
2026-06-30,0.0,PR
2026-06-30,0.0,PR
2026-06-30,0.0,PR
2026-06-30,0.0,PR
2026-06-30,0.0,PR
2026-06-30,0.0,PR
2026-06-30,0.0,PR
2026-06-30,0.0,PR
2026-06-30,0.0,PR
2026-06-30,0.0,PR
2026-06-30,0.0,PR
2026-06-30,0.0,PR
2026-06-30,11.531612957263707,PR
2026-06-30,14.91117081704707,PR
2026-06-30,0.4592554414043823,PR
2026-06-30,0.0,PR
2026-06-30,0.0,PR
2026-06-30,0.0,PR
2026-06-30,3.2026176376056474,PR
2026-06-30,1.0263128057267878,PR
2026-06-30,19.69273919010236,PR
2026-06-30,4.317507503563508,PR
2026-06-30,4.502341307092475,PR
2026-06-30,1.2747168852551176,PR
2026-06-30,16.483364022839183,PR
2026-06-30,6.026419176565274,PR
2026-06-30,2.255878101555403,PR
2026-06-30,2.6693550259637258,PR
2026-06-30,17.77026611839406,PR
2026-06-30,4.747752845229092,PR
2026-06-30,13.252419838897604,PR
2026-06-30,3.622587753428112,PR
2026-06-30,10.689237714370982,PR
2026-06-30,2.4567369197347237,PR
2026-06-30,9.650189647519063,PR
2026-06-30,1.4872675690716155,PR
2026-06-30,3.592663437203876,PR
2026-06-30,24.435826698507874,PR
2026-06-30,4.558786279330718,PR
2026-06-30,6.074485921542035,PR
2026-06-30,1.942181073192387,PR
2026-06-30,27.398507511937144,PR
2026-06-30,7.421391475171413,PR
2026-06-30,10.60046048374011,PR
2026-06-30,3.871590513565433,PR
2026-06-30,23.26231976398837,PR
2026-06-30,7.117226356169962,PR
2026-06-30,20.704097477891544,PR
2026-06-30,7.681466570260389,PR
2026-06-30,13.884717481359685,PR
2026-06-30,3.8934114848122268,PR
2026-06-30,17.146574014261656,PR
2026-06-30,0.0,PR
2026-06-30,7.165042280852417,PR
2026-06-30,2.8048506359401295,PR
2026-06-30,22.717731002630433,PR
2026-06-30,4.044026391895348,PR
2026-06-30,4.326034249103588,PR
2026-06-30,1.5219402200519827,PR
2026-06-30,26.184822677014857,PR
2026-06-30,5.1465746907399454,PR
2026-06-30,13.687307912241428,PR
2026-06-30,2.9328627706391908,PR
2026-06-30,21.647180358479716,PR
2026-06-30,5.103002050697196,PR
2026-06-30,18.3782298156659,PR
2026-06-30,4.660247615435344,PR
2026-06-30,10.472869569751227,PR
2026-06-30,2.752732693417406,PR
2026-06-30,15.44634783218542,PR
2026-06-30,0.0,PR
2026-06-30,19.827914096350003,PR
2026-06-30,14.854618641649116,PR
2026-06-30,0.23861571411358837,PR
2026-06-30,1.9410704755989674,PR
2026-06-30,34.01464592092417,PR
2026-06-30,2.928803452569505,PR
2026-06-30,0.0,PR
2026-06-30,10.454565829549228,PR
2026-06-30,9.024677758220609,PR
2026-06-30,14.257635782469219,PR
2026-06-30,6.703714357566398,PR
2026-06-30,0.0,PR
2026-06-30,0.6740703160814498,PR
2026-06-30,0.0,PR
2026-06-30,3.1378063802534335,PR
2026-06-30,2.547960673079288,PR
2026-06-30,21.700232750664316,PR
2026-06-30,3.969221970836704,PR
2026-06-30,4.573505687614359,PR
2026-06-30,1.4516589816512175,PR
2026-06-30,20.133142476210065,PR
2026-06-30,6.3016362626070395,PR
2026-06-30,15.098200551355182,PR
2026-06-30,3.4996933659870577,PR
2026-06-30,18.032740745970262,PR
2026-06-30,5.842552846589936,PR
2026-06-30,17.9522902042958,PR
2026-06-30,7.479105093408989,PR
2026-06-30,9.003606105317619,PR
2026-06-30,3.7808496207983837,PR
2026-06-30,12.857018837371816,PR
2026-06-30,0.0,PR
2026-06-30,32.4040202646571,PR
2026-06-30,2.449829055553737,PR
2026-06-30,22.92439817205486,PR
2026-06-30,5.252570136425846,PR
2026-06-30,1.8156334123651485,PR
2026-06-30,2.3934252454093836,PR
2026-06-30,29.700451791663923,PR
2026-06-30,5.948485159904669,PR
2026-06-30,23.84374111471857,PR
2026-06-30,7.95161357648364,PR
2026-06-30,25.27189802945863,PR
2026-06-30,7.709234833370668,PR
2026-06-30,19.903897005454713,PR
2026-06-30,5.393105450265172,PR
2026-06-30,12.787012382179805,PR
2026-06-30,3.7659161637874874,PR
2026-06-30,15.568490687982257,PR
2026-06-30,1.6420451981671649,PR
2026-06-30,10.215185463603493,PR
2026-06-30,28.205063079375837,PR
2026-06-30,7.414752631726943,PR
2026-06-30,3.4885360774174137,PR
2026-06-30,3.605252241760721,PR
2026-06-30,28.36537741987301,PR
2026-06-30,8.290526376144307,PR
2026-06-30,19.715837734027843,PR
2026-06-30,5.321910784046921,PR
2026-06-30,23.955349663991964,PR
2026-06-30,8.447973039040619,PR
2026-06-30,22.192801179377653,PR
2026-06-30,7.987213721509574,PR
2026-06-30,16.43454198907502,PR
2026-06-30,5.995476852792668,PR
2026-06-30,15.602077734292397,PR
2026-06-30,7.081054912229059,PR
2026-06-30,0.12707356766326341,PR
2026-06-30,1.3037368234311004,PR
2026-06-30,20.94775780464885,PR
2026-06-30,3.199634670892846,PR
2026-06-30,1.7015358606307385,PR
2026-06-30,1.4414634660228247,PR
2026-06-30,19.830962636198855,PR
2026-06-30,3.62856281936915,PR
2026-06-30,9.870613975135493,PR
2026-06-30,2.2132594465073376,PR
2026-06-30,22.518248193085658,PR
2026-06-30,4.301262865254071,PR
2026-06-30,14.873384615840468,PR
2026-06-30,4.915914580458083,PR
2026-06-30,12.41114623173678,PR
2026-06-30,2.8216968162148985,PR
2026-06-30,8.063101408464792,PR
2026-06-30,62.03187309622261,PR
2026-06-30,2.467090279094724,PR
2026-06-30,63.05662868335335,PR
2026-06-30,65.56326378250697,PR
2026-06-30,100.0,PR
2026-06-30,0.0,PR
2026-06-30,13.501127089664033,PR
2026-06-30,7.063240461469272,PR
2026-06-30,30.465972832518712,PR
2026-06-30,94.96660988962591,PR
2026-06-30,64.04773705347641,PR
2026-06-30,16.670994622098384,PR
2026-06-30,0.0,PR
2026-06-30,2.0106662725309667,PR
2026-06-30,38.28241064267993,PR
2026-06-30,10.27617100370602,PR
2026-06-30,0.0,PR
2026-06-30,17.04296495948813,PR
2026-06-30,100.0,PR
2026-06-30,0.0,PR
2026-06-30,16.14643076481605,PR
2026-06-30,0.0,PR
2026-06-30,11.857956480136142,PR
2026-06-30,0.0,PR
2026-06-30,0.0,PR
2026-06-30,0.0,PR
2026-06-30,19.458535452575084,PR
2026-06-30,0.0,PR
2026-06-30,5.288223245518881,PR
2026-06-30,25.270469484265252,PR
2026-06-30,2.604296240417036,PR
2026-06-30,1.0343819997032762,PR
2026-06-30,67.5853806650913,PR
2026-06-30,0.0,PR
2026-06-30,1.5724375791544571,PR
2026-06-30,4.12455346723343,PR
2026-06-30,16.324781247082587,PR
2026-06-30,0.0,PR
2026-06-30,0.0,PR
2026-06-30,19.19099250203692,PR
2026-06-30,0.0,PR
2026-06-30,22.748338725068017,PR
2026-06-30,0.0,PR
2026-06-30,0.0,PR
2026-06-30,14.90448650567453,PR
2026-06-30,0.0,PR
2026-06-30,0.0,PR
2026-06-30,25.32083553963757,PR
2026-06-30,0.0,PR
2026-06-30,0.0,PR
2026-06-30,0.0,PR
2026-06-30,61.56379023670298,PR
2026-06-30,0.0,PR
2026-06-30,13.883939165167329,PR
2026-06-30,0.0,PR
2026-06-30,43.70254976770022,PR
2026-06-30,0.0,PR
2026-06-30,0.0,PR
2026-06-30,0.0,PR
2026-06-30,10.084490475454546,PR
2026-06-30,28.863666180476777,PR
2026-06-30,0.0,PR
2026-06-30,8.957830004233278,PR
2026-06-30,13.996165154777968,PR
2026-06-30,0.0,PR
2026-06-30,0.0,PR
2026-06-30,0.0,PR
2026-06-30,0.0,PR
2026-06-30,0.0,PR
2026-06-30,0.0,PR
2026-06-30,0.0,PR
2026-06-30,0.0,PR
2026-06-30,0.0,PR
2026-06-30,0.0,PR
2026-06-30,0.0,PR
2026-06-30,0.0,PR
2026-06-30,0.0,PR
2026-06-30,0.0,PR
2026-06-30,0.0,PR
2026-06-30,0.0,PR
2026-06-30,0.0,PR
2026-06-30,0.0,PR
2026-06-30,0.0,RJ
2026-06-30,0.0,RJ
2026-06-30,0.0,RJ
2026-06-30,0.0,RJ
2026-06-30,0.0,RJ
2026-06-30,7.43214333364795,RJ
2026-06-30,0.0,RJ
2026-06-30,2.0806468259006583,RJ
2026-06-30,1.3671843638675372,RJ
2026-06-30,20.252019071771176,RJ
2026-06-30,0.29501596897085497,RJ
2026-06-30,3.6877046524609964,RJ
2026-06-30,100.0,RJ
2026-06-30,4.768661709392715,RJ
2026-06-30,0.0,RJ
2026-06-30,83.23196914731825,RJ
2026-06-30,14.601169884210325,RJ
2026-06-30,1.9612201868518955,RJ
2026-06-30,0.0,RJ
2026-06-30,3.7241508342575163,RJ
2026-06-30,0.0,RJ
2026-06-30,5.3500644166843925,RJ
2026-06-30,0.0,RJ
2026-06-30,100.0,RJ
2026-06-30,12.095955475156094,RJ
2026-06-30,100.0,RJ
2026-06-30,100.0,RJ
2026-06-30,7.293171614384394,RJ
2026-06-30,0.0,RJ
2026-06-30,0.0,RJ
2026-06-30,0.0,RJ
2026-06-30,10.927977589133038,RJ
2026-06-30,100.0,RJ
2026-06-30,100.0,RJ
2026-06-30,3.8425249711361036,RJ
2026-06-30,0.0,RJ
2026-06-30,0.0,RJ
2026-06-30,100.0,RJ
2026-06-30,7.614811284639727,RJ
2026-06-30,2.513531855760375,RJ
2026-06-30,64.39937300478968,RJ
2026-06-30,0.0,RJ
2026-06-30,0.0,RJ
2026-06-30,100.0,RJ
2026-06-30,29.223919483749512,RJ
2026-06-30,0.0,RJ
2026-06-30,0.0,RJ
2026-06-30,4.389561614097002,RJ
2026-06-30,0.8799545647055722,RJ
2026-06-30,24.676065967404103,RJ
2026-06-30,0.0,RJ
2026-06-30,0.0,RJ
2026-06-30,0.0,RJ
2026-06-30,3.7109616034316115,RJ
2026-06-30,100.0,RJ
2026-06-30,4.130278937194031,RJ
2026-06-30,0.0,RJ
2026-06-30,72.82479869528751,RJ
2026-06-30,20.33810656625383,RJ
2026-06-30,5.249749576020013,RJ
2026-06-30,4.452080777959502,RJ
2026-06-30,7.782146580399524,RJ
2026-06-30,0.0,RJ
2026-06-30,100.0,RJ
2026-06-30,12.713909864384581,RJ
2026-06-30,5.8102975599181965,RJ
2026-06-30,0.0,RJ
2026-06-30,0.0,RJ
2026-06-30,12.047721153746641,RJ
2026-06-30,10.572221437804837,RJ
2026-06-30,0.0,RJ
2026-06-30,0.0,RJ
2026-06-30,0.0,RJ
2026-06-30,0.0,RJ
2026-06-30,7.846366106073939,RJ
2026-06-30,6.0391676590229215,RJ
2026-06-30,55.18904198136233,RJ
2026-06-30,100.0,RJ
2026-06-30,100.0,RJ
2026-06-30,7.8921756093042665,RJ
2026-06-30,0.0,RJ
2026-06-30,1.8235523096517854,RJ
2026-06-30,0.0,RJ
2026-06-30,1.3709600339108912,RJ
2026-06-30,100.0,RJ
2026-06-30,25.353559473453124,RJ
2026-06-30,7.599513732579019,RJ
2026-06-30,4.816955828252529,RJ
2026-06-30,0.0,RJ
2026-06-30,100.0,RJ
2026-06-30,7.376477782414518,RJ
2026-06-30,100.0,RJ
2026-06-30,0.0,RJ
2026-06-30,100.0,RJ
2026-06-30,16.904817762090712,RJ
2026-06-30,6.496224113520396,RJ
2026-06-30,0.0,RJ
2026-06-30,0.0,RJ
2026-06-30,100.0,RJ
2026-06-30,3.64888146144833,RJ
2026-06-30,0.0,RJ
2026-06-30,100.0,RJ
2026-06-30,8.417201732636155,RJ
2026-06-30,0.0,RJ
2026-06-30,100.0,RJ
2026-06-30,12.269843519327667,RJ
2026-06-30,100.0,RJ
2026-06-30,0.0,RJ
2026-06-30,100.0,RJ
2026-06-30,9.024561677078777,RJ
2026-06-30,0.0,RJ
2026-06-30,41.9946175722821,RJ
2026-06-30,10.73419679677218,RJ
2026-06-30,0.0,RJ
2026-06-30,100.0,RJ
2026-06-30,4.798458070408692,RJ
2026-06-30,0.0,RJ
2026-06-30,0.0,RJ
2026-06-30,100.0,RJ
2026-06-30,7.063620145224797,RJ
2026-06-30,8.545087660583826,RJ
2026-06-30,42.04695841233977,RJ
2026-06-30,6.807136439265162,RJ
2026-06-30,0.0,RJ
2026-06-30,0.0,RJ
2026-06-30,6.557281188459736,RJ
2026-06-30,19.357423942039745,RJ
2026-06-30,0.0,RJ
2026-06-30,21.883236860717002,RJ
2026-06-30,0.0,RJ
2026-06-30,0.0,RJ
2026-06-30,0.0,RJ
2026-06-30,21.240353185008086,RJ
2026-06-30,28.37182954023022,RJ
2026-06-30,8.186035747132328,RJ
2026-06-30,0.0,RJ
2026-06-30,8.381645022238272,RJ
2026-06-30,0.0,RJ
2026-06-30,0.0,RJ
2026-06-30,4.248912000077399,RJ
2026-06-30,0.0,RJ
2026-06-30,100.0,RJ
2026-06-30,4.270071431284297,RJ
2026-06-30,0.0,RJ
2026-06-30,0.03379839340991261,RJ
2026-06-30,13.238527430830455,RJ
2026-06-30,0.0,RJ
2026-06-30,14.468535647747128,RJ
2026-06-30,4.119842354619374,RJ
2026-06-30,4.186070743173797,RJ
2026-06-30,0.0,RJ
2026-06-30,0.20375779794395762,RJ
2026-06-30,15.316155153934869,RJ
2026-06-30,100.0,RJ
2026-06-30,15.047318068348304,RJ
2026-06-30,0.0,RJ
2026-06-30,100.0,RJ
2026-06-30,5.15696971385761,RJ
2026-06-30,5.7084432962451706,RJ
2026-06-30,13.704810656722637,RJ
2026-06-30,12.49596109743544,RJ
2026-06-30,0.0,RJ
2026-06-30,100.0,RJ
2026-06-30,11.157688152478952,RJ
2026-06-30,100.0,RJ
2026-06-30,9.127579617821677,RJ
2026-06-30,0.0,RJ
2026-06-30,0.0,RJ
2026-06-30,0.0,RJ
2026-06-30,100.0,RJ
2026-06-30,7.817384431512344,RJ
2026-06-30,12.644290828871597,RJ
2026-06-30,33.58279136570339,RJ
2026-06-30,38.76245643216116,RJ
2026-06-30,0.0,RJ
2026-06-30,8.730093583555494,RJ
2026-06-30,6.3845934024077176,RJ
2026-06-30,25.06825051402727,RJ
2026-06-30,41.069494587960435,RJ
2026-06-30,6.336309434538126,RJ
2026-06-30,3.002892712627045,RJ
2026-06-30,100.0,RJ
2026-06-30,18.217753166728336,RJ
2026-06-30,9.291690445939333,RJ
2026-06-30,7.3864011703543175,RJ
2026-06-30,6.7468049969234185,RJ
2026-06-30,100.0,RJ
2026-06-30,12.073765719312417,RJ
2026-06-30,11.7025285913242,RJ
2026-06-30,0.0,RJ
2026-06-30,12.216389532016262,RJ
2026-06-30,0.0,RJ
2026-06-30,100.0,RJ
2026-06-30,11.222220582069562,RJ
2026-06-30,0.0,RJ
2026-06-30,0.0,RJ
2026-06-30,9.220792506041157,RJ
2026-06-30,10.014593180232973,RJ
2026-06-30,0.9587459000747278,RJ
2026-06-30,0.0,RJ
2026-06-30,99.90904344631159,RJ
2026-06-30,100.0,RJ
2026-06-30,29.0864559239843,RJ
2026-06-30,0.0,RJ
2026-06-30,5.38454300366148,RJ
2026-06-30,0.0,RJ
2026-06-30,100.0,RJ
2026-06-30,1.0762561715211614,RJ
2026-06-30,0.0,RJ
2026-06-30,33.31084979772368,RJ
2026-06-30,99.99399840866359,RJ
2026-06-30,92.04899310421814,RJ
2026-06-30,0.0,RJ
2026-06-30,13.624209874785123,RJ
2026-06-30,0.0,RJ
2026-06-30,60.774184891989805,RJ
2026-06-30,100.0,RJ
2026-06-30,3.1768051790518803,RJ
2026-06-30,87.76042148003576,RJ
2026-06-30,20.08496815766462,RJ
2026-06-30,69.57297897868287,RJ
2026-06-30,100.0,RJ
2026-06-30,6.0637753764628854,RJ
2026-06-30,0.0,RJ
2026-06-30,0.0,RJ
2026-06-30,7.33780978166831,RJ
2026-06-30,0.0,RJ
2026-06-30,8.777573452632064,RJ
2026-06-30,0.0,RJ
2026-06-30,100.0,RJ
2026-06-30,15.965008798272883,RJ
2026-06-30,99.04052901316716,RJ
2026-06-30,11.958731747019852,RJ
2026-06-30,0.0,RJ
2026-06-30,0.0,RJ
2026-06-30,100.0,RJ
2026-06-30,14.601963008259986,RJ
2026-06-30,0.0,RJ
2026-06-30,0.0,RJ
2026-06-30,6.65385086740841,RJ
2026-06-30,0.0,RJ
2026-06-30,100.0,RJ
2026-06-30,10.522749142045674,RJ
2026-06-30,7.348049861936558,RJ
2026-06-30,52.47905547291269,RJ
2026-06-30,100.0,RJ
2026-06-30,8.339173199596424,RJ
2026-06-30,0.0,RJ
2026-06-30,2.319258219689259,RJ
2026-06-30,0.36027390197753606,RJ
2026-06-30,0.0,RJ
2026-06-30,17.234893856048924,RJ
2026-06-30,0.0,RJ
2026-06-30,5.431195486970842,RJ
2026-06-30,4.358151324987928,RJ
2026-06-30,0.0,RJ
2026-06-30,4.210684688361207,RJ
2026-06-30,13.94844616252211,RJ
2026-06-30,0.0,RJ
2026-06-30,3.1013261620796873,RJ
2026-06-30,0.0,RJ
2026-06-30,0.0,RJ
2026-06-30,3.6589422580005246,RJ
2026-06-30,100.0,RJ
2026-06-30,27.811312873968546,RJ
2026-06-30,0.0,RJ
2026-06-30,0.0,RJ
2026-06-30,11.13403835707001,RJ
2026-06-30,100.0,RJ
2026-06-30,9.734605734101136,RJ
2026-06-30,0.0,RJ
2026-06-30,100.0,RJ
2026-06-30,8.761311989850315,RJ
2026-06-30,0.0,RJ
2026-06-30,100.0,RJ
2026-06-30,9.153601246830414,RJ
2026-06-30,0.0,RJ
2026-06-30,63.141615838288786,RJ
2026-06-30,5.593739839750127,RJ
2026-06-30,6.0683666146124695,RJ
2026-06-30,54.53728992158181,RJ
2026-06-30,0.0,RJ
2026-06-30,0.0,RJ
2026-06-30,0.0,RJ
2026-06-30,0.0,RJ
2026-06-30,0.0,RJ
2026-06-30,0.0,RJ
2026-06-30,0.0,RJ
2026-06-30,0.0,RJ
2026-06-30,12.361252038605992,RJ
2026-06-30,20.826639338763762,RJ
2026-06-30,0.0,RJ
2026-06-30,11.072820267915402,RJ
2026-06-30,3.5588664813809325,RJ
2026-06-30,0.0,RJ
2026-06-30,1.9106377661594902,RJ
2026-06-30,3.8784542876357535,RJ
2026-06-30,0.0,RJ
2026-06-30,6.994848529751235,RJ
2026-06-30,0.0,RJ
2026-06-30,0.0,RJ
2026-06-30,0.0,RJ
2026-06-30,2.0298768567484853,RJ
2026-06-30,0.0,RJ
2026-06-30,2.635714842967981,RJ
2026-06-30,5.258404403082241,RJ
2026-06-30,0.0,RJ
2026-06-30,0.0,RJ
2026-06-30,0.0,RJ
2026-06-30,0.0,RJ
2026-06-30,2.3943487499086316,RJ
2026-06-30,3.33441978913728,RJ
2026-06-30,0.0,RJ
2026-06-30,8.461826412195286,RJ
2026-06-30,78.21149854152634,RJ
2026-06-30,1.7577642226696146,RJ
2026-06-30,0.0,RJ
2026-06-30,0.9447636356101333,RJ
2026-06-30,0.0,RJ
2026-06-30,1.1426686043093308,RJ
2026-06-30,0.0,RJ
2026-06-30,0.0,RJ
2026-06-30,0.0,RJ
2026-06-30,0.0,RJ
2026-06-30,0.0,RJ
2026-06-30,3.7396132841104928,RJ
2026-06-30,0.0,RJ
2026-06-30,0.4285155098273764,RJ
2026-06-30,0.0,RJ
2026-06-30,0.0,RJ
2026-06-30,0.0,RJ
2026-06-30,0.0,RJ
2026-06-30,1.1219061269620398,RJ
2026-06-30,0.0,RJ
2026-06-30,18.451695586480053,RJ
2026-06-30,0.0,RJ
2026-06-30,0.0,RJ
2026-06-30,0.0,RJ
2026-06-30,2.0688888623078694,RJ
2026-06-30,2.36490888705102,RJ
2026-06-30,0.0,RJ
2026-06-30,8.729715088936846,RJ
2026-06-30,0.0,RJ
2026-06-30,4.944175771366954,RJ
2026-06-30,0.0,RJ
2026-06-30,4.354147111147125,RJ
2026-06-30,0.0,RJ
2026-06-30,2.2547739370494604,RJ
2026-06-30,0.0,RJ
2026-06-30,1.0235627694138896,RJ
2026-06-30,0.0,RJ
2026-06-30,2.6249823593767427,RJ
2026-06-30,0.0,RJ
2026-06-30,4.502089986130597,RJ
2026-06-30,0.0,RJ
2026-06-30,4.324068629830429,RJ
2026-06-30,0.0,RJ
2026-06-30,0.0,RJ
2026-06-30,0.0,RJ
2026-06-30,0.0,RJ
2026-06-30,25.95930229189673,RJ
2026-06-30,0.0,RJ
2026-06-30,0.0,RJ
2026-06-30,0.0,RJ
2026-06-30,0.0,RJ
2026-06-30,0.0,RJ
2026-06-30,1.6350174924756034,RJ
2026-06-30,1.763492310223046,RJ
2026-06-30,0.0,RJ
2026-06-30,1.6709299147867833,RJ
2026-06-30,0.0,RJ
2026-06-30,0.0,RJ
2026-06-30,9.723071283218342,RJ
2026-06-30,20.207025002300448,RJ
2026-06-30,0.0,RJ
2026-06-30,0.0,RJ
2026-06-30,0.0,RJ
2026-06-30,14.8330356191235,RJ
2026-06-30,0.0,RJ
2026-06-30,7.821145213185254,RJ
2026-06-30,0.0,RJ
2026-06-30,5.670381868261303,RJ
2026-06-30,0.0,RJ
2026-06-30,5.325872341251828,RJ
2026-06-30,7.65243207205357,RJ
2026-06-30,0.0,RJ
2026-06-30,1.202036088780019,RJ
2026-06-30,5.470209500908893,RJ
2026-06-30,0.0,RJ
2026-06-30,1.7977626561522642,RJ
2026-06-30,0.0,RJ
2026-06-30,2.9135639116249505,RJ
2026-06-30,0.0,RJ
2026-06-30,0.0,RJ
2026-06-30,0.0,RJ
2026-06-30,0.0,RJ
2026-06-30,0.0,RJ
2026-06-30,0.0,RJ
2026-06-30,0.0,RJ
2026-06-30,44.2503103751994,RJ
2026-06-30,0.0,RJ
2026-06-30,36.04146443451501,RJ
2026-06-30,0.0,RJ
2026-06-30,0.0,RJ
2026-06-30,0.0,RJ
2026-06-30,1.8872629963636163,RJ
2026-06-30,0.0,RJ
2026-06-30,0.0,RJ
2026-06-30,2.361180232447828,RJ
2026-06-30,0.0,RJ
2026-06-30,0.0,RJ
2026-06-30,0.0,RJ
2026-06-30,7.384118828902296,RJ
2026-06-30,0.0,RJ
2026-06-30,0.0,RJ
2026-06-30,0.0,RJ
2026-06-30,0.0,RJ
2026-06-30,46.79701701534529,RJ
2026-06-30,5.387294505050347,RJ
2026-06-30,0.0,RJ
2026-06-30,0.6946946278742014,RJ
2026-06-30,0.0,RJ
2026-06-30,1.7062050712529717,RJ
2026-06-30,0.0,RJ
2026-06-30,0.695621038322684,RJ
2026-06-30,0.0,RJ
2026-06-30,5.9579646355389935,RJ
2026-06-30,0.0,RJ
2026-06-30,4.261021464139251,RJ
2026-06-30,0.0,RJ
2026-06-30,4.1187445893702215,RJ
2026-06-30,0.0,RJ
2026-06-30,0.0,RJ
2026-06-30,0.0,RJ
2026-06-30,2.694366386151017,RJ
2026-06-30,0.0,RJ
2026-06-30,4.11306275372006,RJ
2026-06-30,5.637206009688645,RJ
2026-06-30,0.0,RJ
2026-06-30,1.7259176544405772,RJ
2026-06-30,0.0,RJ
2026-06-30,4.526317092612182,RJ
2026-06-30,0.0,RJ
2026-06-30,0.8808753726471564,RJ
2026-06-30,46.30435650141263,RJ
2026-06-30,5.317406934758782,RJ
2026-06-30,0.0,RJ
2026-06-30,0.0,RJ
2026-06-30,0.4164234059716603,RJ
2026-06-30,0.0,RJ
2026-06-30,0.0,RJ
2026-06-30,2.596464422748373,RJ
2026-06-30,0.0,RJ
2026-06-30,0.0,RJ
2026-06-30,59.02627960667377,RJ
2026-06-30,0.0,RJ
2026-06-30,0.0,RJ
2026-06-30,0.0,RJ
2026-06-30,0.0,RJ
2026-06-30,1.0711622464461243,RJ
2026-06-30,0.0,RJ
2026-06-30,1.2812246706410457,RJ
2026-06-30,0.0,RJ
2026-06-30,8.068598871748687,RJ
2026-06-30,65.86473617950472,RJ
2026-06-30,4.045597005367442,RJ
2026-06-30,0.0,RJ
2026-06-30,1.969580738326311,RJ
2026-06-30,0.0,RJ
2026-06-30,3.393682887602792,RJ
2026-06-30,1.6869901354958958,RJ
2026-06-30,0.0,RJ
2026-06-30,2.400921183943836,RJ
2026-06-30,1.2071606533456123,RJ
2026-06-30,28.008146016415225,RJ
2026-06-30,9.025130082378178,RJ
2026-06-30,8.384145651904067,RJ
2026-06-30,3.3372259331886056,RJ
2026-06-30,23.58583264071151,RJ
2026-06-30,14.234671784105782,RJ
2026-06-30,0.8384565718339706,RJ
2026-06-30,2.237562606045334,RJ
2026-06-30,21.232025328019084,RJ
2026-06-30,9.778467444040183,RJ
2026-06-30,13.625839208665177,RJ
2026-06-30,7.861576514878026,RJ
2026-06-30,10.562687757556285,RJ
2026-06-30,4.515204809738031,RJ
2026-06-30,0.0,RJ
2026-06-30,8.702500986917649,RJ
2026-06-30,5.325583642477756,RJ
2026-06-30,25.530009861231058,RJ
2026-06-30,8.865254547465566,RJ
2026-06-30,9.799762109976383,RJ
2026-06-30,3.5947877546588893,RJ
2026-06-30,25.967640126066847,RJ
2026-06-30,14.776647314365535,RJ
2026-06-30,10.74227827785774,RJ
2026-06-30,7.999708938378649,RJ
2026-06-30,19.705238985965927,RJ
2026-06-30,13.699790947283102,RJ
2026-06-30,12.837062672157915,RJ
2026-06-30,10.746798950233037,RJ
2026-06-30,12.46129125743957,RJ
2026-06-30,6.462645859779488,RJ
2026-06-30,0.0,RJ
2026-06-30,0.20814533149349262,RJ
2026-06-30,2.2486525262571897,RJ
2026-06-30,27.600161983142208,RJ
2026-06-30,11.20556524843229,RJ
2026-06-30,9.236084014102431,RJ
2026-06-30,2.466594651160108,RJ
2026-06-30,22.926107607868413,RJ
2026-06-30,13.718236479421014,RJ
2026-06-30,3.3304052812774225,RJ
2026-06-30,3.0329574311451446,RJ
2026-06-30,18.71987037596164,RJ
2026-06-30,13.005970636273844,RJ
2026-06-30,13.819637747380876,RJ
2026-06-30,9.64745693022561,RJ
2026-06-30,9.106069599154916,RJ
2026-06-30,5.262683699544761,RJ
2026-06-30,0.0,RJ
2026-06-30,0.0,RJ
2026-06-30,14.862517401931076,RJ
2026-06-30,26.63811314960654,RJ
2026-06-30,13.808621052165442,RJ
2026-06-30,0.0,RJ
2026-06-30,13.441658498793558,RJ
2026-06-30,10.969108474362752,RJ
2026-06-30,0.0,RJ
2026-06-30,2.88088964747275,RJ
2026-06-30,12.434247300158866,RJ
2026-06-30,19.39565592200602,RJ
2026-06-30,0.6115880363571154,RJ
2026-06-30,7.10578931547059,RJ
2026-06-30,0.0,RJ
2026-06-30,0.0,RJ
2026-06-30,4.548163519124083,RJ
2026-06-30,3.3541435455691735,RJ
2026-06-30,15.315486548085616,RJ
2026-06-30,8.490705597826262,RJ
2026-06-30,8.52489886221184,RJ
2026-06-30,1.5649673503654482,RJ
2026-06-30,21.461209987826642,RJ
2026-06-30,11.894102331167533,RJ
2026-06-30,4.7818430017486495,RJ
2026-06-30,5.675535107645223,RJ
2026-06-30,21.330602412291057,RJ
2026-06-30,10.935526027545192,RJ
2026-06-30,9.120163013108035,RJ
2026-06-30,10.077538640184443,RJ
2026-06-30,23.983277808925315,RJ
2026-06-30,5.585444594976885,RJ
2026-06-30,0.0,RJ
2026-06-30,0.0,RJ
2026-06-30,0.0,RJ
2026-06-30,26.741753004104563,RJ
2026-06-30,13.777402859181176,RJ
2026-06-30,7.987170370292916,RJ
2026-06-30,4.478292346744704,RJ
2026-06-30,25.088362993075876,RJ
2026-06-30,15.395955424703958,RJ
2026-06-30,7.447953531474086,RJ
2026-06-30,7.941565554110011,RJ
2026-06-30,20.069286548013597,RJ
2026-06-30,15.015973031614338,RJ
2026-06-30,15.820602126107527,RJ
2026-06-30,9.194194724504595,RJ
2026-06-30,13.290175170726629,RJ
2026-06-30,6.528548445178769,RJ
2026-06-30,0.0,RJ
2026-06-30,0.0,RJ
2026-06-30,3.9425689208452708,RJ
2026-06-30,34.10939016364692,RJ
2026-06-30,18.590377637129166,RJ
2026-06-30,11.322987417315963,RJ
2026-06-30,10.540393491581957,RJ
2026-06-30,30.30441370546974,RJ
2026-06-30,19.44198867959301,RJ
2026-06-30,8.68419092047349,RJ
2026-06-30,5.994318460204834,RJ
2026-06-30,24.822111578885362,RJ
2026-06-30,16.0330503759557,RJ
2026-06-30,18.23748273976431,RJ
2026-06-30,13.283765349710308,RJ
2026-06-30,11.655744403299353,RJ
2026-06-30,8.777674590770195,RJ
2026-06-30,16.301422463931804,RJ
2026-06-30,4.542413701681716,RJ
2026-06-30,1.7075635227800656,RJ
2026-06-30,24.861835272780926,RJ
2026-06-30,9.544683236576915,RJ
2026-06-30,7.609995487300518,RJ
2026-06-30,1.8070505548149947,RJ
2026-06-30,23.56784526843829,RJ
2026-06-30,12.714434759484941,RJ
2026-06-30,6.385157980553966,RJ
2026-06-30,2.3530634859553876,RJ
2026-06-30,19.25515781676125,RJ
2026-06-30,9.078027970444733,RJ
2026-06-30,10.983543380987895,RJ
2026-06-30,7.23856913024217,RJ
2026-06-30,9.454259307068538,RJ
2026-06-30,5.219856176378989,RJ
2026-06-30,0.0,RJ
2026-06-30,17.428906703890263,RJ
2026-06-30,0.0,RJ
2026-06-30,4.6932721610011825,RJ
2026-06-30,0.0,RJ
2026-06-30,2.511723730065083,RJ
2026-06-30,0.0,RJ
2026-06-30,100.0,RJ
2026-06-30,11.05274576625309,RJ
2026-06-30,52.134582661017646,RJ
2026-06-30,23.491974858516297,RJ
2026-06-30,35.84024515833072,RJ
2026-06-30,0.0,RJ
2026-06-30,10.835106108486864,RJ
2026-06-30,0.0,RJ
2026-06-30,17.224206140714006,RJ
2026-06-30,0.0,RJ
2026-06-30,100.0,RJ
2026-06-30,12.62701646992551,RJ
2026-06-30,0.0,RJ
2026-06-30,0.0,RJ
2026-06-30,11.402044140035809,RJ
2026-06-30,0.0,RJ
2026-06-30,10.607011884621835,RJ
2026-06-30,0.0,RJ
2026-06-30,22.725062459497895,RJ
2026-06-30,0.0,RJ
2026-06-30,100.0,RJ
2026-06-30,20.888898574496057,RJ
2026-06-30,0.0,RJ
2026-06-30,7.532176022301468,RJ
2026-06-30,4.9101474447392475,RJ
2026-06-30,1.6790501520241734,RJ
2026-06-30,0.0,RJ
2026-06-30,3.6088341497678185,RJ
2026-06-30,0.0,RJ
2026-06-30,9.267763900708804,RJ
2026-06-30,0.0,RJ
2026-06-30,38.17179839193245,RJ
2026-06-30,70.13560037220284,RJ
2026-06-30,5.4689269612822065,RJ
2026-06-30,100.0,RJ
2026-06-30,0.0,RJ
2026-06-30,34.55167757838381,RJ
2026-06-30,21.385114125416024,RJ
2026-06-30,7.578095841652672,RJ
2026-06-30,0.0,RJ
2026-06-30,8.613906619092445,RJ
2026-06-30,100.0,RJ
2026-06-30,0.0,RJ
2026-06-30,22.051283197531756,RJ
2026-06-30,13.615169699360699,RJ
2026-06-30,0.0,RJ
2026-06-30,16.10106208799308,RJ
2026-06-30,0.0,RJ
2026-06-30,10.075055058781137,RJ
2026-06-30,4.42281288313922,RJ
2026-06-30,20.85297792140687,RJ
2026-06-30,31.50771143647147,RJ
2026-06-30,100.0,RJ
2026-06-30,0.0,RJ
2026-06-30,20.76470464866707,RJ
2026-06-30,0.0,RJ
2026-06-30,21.68934639380001,RJ
2026-06-30,0.0,RJ
2026-06-30,3.585320689972364,RJ
2026-06-30,0.0,RJ
2026-06-30,45.11389451748794,RJ
2026-06-30,0.0,RJ
2026-06-30,7.516868107851077,RJ
2026-06-30,0.0,RJ
2026-06-30,19.515742759215808,RJ
2026-06-30,100.0,RJ
2026-06-30,18.819069451078942,RJ
2026-06-30,0.0,RJ
2026-06-30,0.0,RJ
2026-06-30,0.0,RJ
2026-06-30,0.0,RJ
2026-06-30,0.0,RJ
2026-06-30,100.0,RJ
2026-06-30,0.0,RJ
2026-06-30,0.0,RJ
2026-06-30,0.0,RJ
2026-06-30,0.0,RJ
2026-06-30,0.0,RJ
2026-06-30,0.0,RJ
2026-06-30,0.0,RJ
2026-06-30,0.0,RJ
2026-06-30,0.0,RJ
2026-06-30,0.0,RJ
2026-06-30,0.0,RJ
2026-06-30,0.0,RJ
2026-06-30,0.0,RJ
2026-06-30,0.0,RJ
2026-06-30,0.0,RJ
2026-06-30,0.0,RJ
2026-06-30,0.0,RJ
2026-06-30,0.0,RJ
2026-06-30,0.0,RJ
2026-06-30,0.0,RJ
2026-06-30,0.0,RJ
2026-06-30,8.693752061430695,RN
2026-06-30,1.3541466669913858,RN
2026-06-30,10.450303136182827,RN
2026-06-30,12.212410639210008,RN
2026-06-30,66.71687416731992,RN
2026-06-30,1.2936589309730933,RN
2026-06-30,3.962758933139839,RN
2026-06-30,7.5823965041917765,RN
2026-06-30,3.400880475652198,RN
2026-06-30,1.8578411715081518,RN
2026-06-30,6.6573097985664145,RN
2026-06-30,8.423321163304024,RN
2026-06-30,0.0,RN
2026-06-30,6.80535216716551,RN
2026-06-30,5.268961703152745,RN
2026-06-30,0.0,RN
2026-06-30,7.928243680750592,RN
2026-06-30,3.011397557854483,RN
2026-06-30,0.0,RN
2026-06-30,27.490812011727257,RN
2026-06-30,7.359239365588675,RN
2026-06-30,4.93442476079677,RN
2026-06-30,1.0591811237534345,RN
2026-06-30,19.479896451225027,RN
2026-06-30,13.078115156892942,RN
2026-06-30,0.0,RN
2026-06-30,11.274737774187418,RN
2026-06-30,12.738042568964847,RN
2026-06-30,100.0,RN
2026-06-30,12.637191510802312,RN
2026-06-30,5.302112910975136,RN
2026-06-30,7.0329542719406435,RN
2026-06-30,0.0,RN
2026-06-30,10.832800397060542,RN
2026-06-30,0.0,RN
2026-06-30,7.276371623613976,RN
2026-06-30,6.443691601099581,RN
2026-06-30,9.94619411549961,RN
2026-06-30,4.6058405374954665,RN
2026-06-30,2.414360677155351,RN
2026-06-30,17.57899458557699,RN
2026-06-30,7.1483514559607,RN
2026-06-30,1.5191920555655531,RN
2026-06-30,5.1500789129795,RN
2026-06-30,16.50187057101912,RN
2026-06-30,0.0,RN
2026-06-30,3.4653663798786547,RN
2026-06-30,5.083416518701718,RN
2026-06-30,100.0,RN
2026-06-30,10.33549129148548,RN
2026-06-30,100.0,RN
2026-06-30,13.11140593177081,RN
2026-06-30,2.707884040448623,RN
2026-06-30,6.1362955668741375,RN
2026-06-30,6.061336147688463,RN
2026-06-30,3.6365238500056623,RN
2026-06-30,3.605450865559736,RN
2026-06-30,5.784413476999156,RN
2026-06-30,2.9839571068061383,RN
2026-06-30,4.860218693433746,RN
2026-06-30,21.218955997195312,RN
2026-06-30,0.0,RN
2026-06-30,0.0,RN
2026-06-30,0.0,RN
2026-06-30,45.1519811534,RN
2026-06-30,5.50857258523366,RN
2026-06-30,0.0,RN
2026-06-30,0.0,RN
2026-06-30,19.335140420375748,RN
2026-06-30,85.8769860396421,RN
2026-06-30,4.246043347400506,RN
2026-06-30,0.0,RN
2026-06-30,0.0,RN
2026-06-30,2.044023747737221,RN
2026-06-30,0.0,RN
2026-06-30,3.468677845082309,RN
2026-06-30,7.8537434134146045,RN
2026-06-30,15.752494651332263,RN
2026-06-30,100.0,RN
2026-06-30,3.368251119341867,RN
2026-06-30,5.872565826661582,RN
2026-06-30,0.0,RN
2026-06-30,12.125839111407412,RN
2026-06-30,9.601846191592378,RN
2026-06-30,6.083160284437497,RN
2026-06-30,5.509947500484383,RN
2026-06-30,10.762920377203685,RN
2026-06-30,10.64527535821175,RN
2026-06-30,6.488886342232137,RN
2026-06-30,0.0,RN
2026-06-30,14.62780125824777,RN
2026-06-30,3.5134661966622414,RN
2026-06-30,8.528868721629005,RN
2026-06-30,3.2546792878253754,RN
2026-06-30,0.0,RN
2026-06-30,3.783246494850159,RN
2026-06-30,13.910992940885079,RN
2026-06-30,24.71231011786321,RN
2026-06-30,10.339794070801739,RN
2026-06-30,8.27334031545585,RN
2026-06-30,12.64363861195658,RN
2026-06-30,0.0,RN
2026-06-30,2.4489610288474077,RN
2026-06-30,3.797453893540136,RN
2026-06-30,8.834838742668511,RN
2026-06-30,8.00879358804014,RN
2026-06-30,5.463045158952838,RN
2026-06-30,6.960057025665163,RN
2026-06-30,5.798574533941316,RN
2026-06-30,9.538882831162935,RN
2026-06-30,0.0,RN
2026-06-30,100.0,RN
2026-06-30,6.939880348734882,RN
2026-06-30,4.5378316006954975,RN
2026-06-30,0.0,RN
2026-06-30,7.938941087411081,RN
2026-06-30,0.0,RN
2026-06-30,27.302882295514102,RN
2026-06-30,7.623493413288735,RN
2026-06-30,4.610173205755191,RN
2026-06-30,0.0,RN
2026-06-30,10.1111285479243,RN
2026-06-30,13.022741650271044,RN
2026-06-30,15.026054669295203,RN
2026-06-30,3.8321851117407566,RN
2026-06-30,0.0,RN
2026-06-30,8.260947249880317,RN
2026-06-30,9.029572125569283,RN
2026-06-30,8.73106959416307,RN
2026-06-30,6.704425909094771,RN
2026-06-30,100.0,RN
2026-06-30,5.297588172732363,RN
2026-06-30,0.0,RN
2026-06-30,5.249587530539215,RN
2026-06-30,6.277033846122586,RN
2026-06-30,14.33150091737958,RN
2026-06-30,4.914007839114301,RN
2026-06-30,0.7564534386768061,RN
2026-06-30,0.20295346817616128,RN
2026-06-30,6.8268560036211765,RN
2026-06-30,0.0,RN
2026-06-30,0.0,RN
2026-06-30,4.3377791602645805,RN
2026-06-30,8.51718570791614,RN
2026-06-30,100.0,RN
2026-06-30,3.0247331297642037,RN
2026-06-30,2.251999100011199,RN
2026-06-30,100.0,RN
2026-06-30,7.623967816465097,RN
2026-06-30,7.46236965934192,RN
2026-06-30,100.0,RN
2026-06-30,4.662026709660311,RN
2026-06-30,3.9042364644534375,RN
2026-06-30,0.0,RN
2026-06-30,3.7557708064836137,RN
2026-06-30,100.0,RN
2026-06-30,2.5230495896320395,RN
2026-06-30,10.527480555046607,RN
2026-06-30,22.078373570831257,RN
2026-06-30,0.0,RN
2026-06-30,0.0,RN
2026-06-30,0.0,RN
2026-06-30,0.0,RN
2026-06-30,0.0,RN
2026-06-30,0.0,RN
2026-06-30,0.0,RN
2026-06-30,0.0,RN
2026-06-30,0.0,RN
2026-06-30,0.0,RN
2026-06-30,0.0,RN
2026-06-30,0.0,RN
2026-06-30,0.0,RN
2026-06-30,0.0,RN
2026-06-30,0.0,RN
2026-06-30,0.0,RN
2026-06-30,0.0,RN
2026-06-30,0.0,RN
2026-06-30,0.0,RN
2026-06-30,0.0,RN
2026-06-30,0.0,RN
2026-06-30,0.0,RN
2026-06-30,0.0,RN
2026-06-30,12.511780984686613,RN
2026-06-30,0.0,RN
2026-06-30,0.0,RN
2026-06-30,0.0,RN
2026-06-30,0.0,RN
2026-06-30,0.0,RN
2026-06-30,0.0,RN
2026-06-30,0.0,RN
2026-06-30,65.11796498268552,RN
2026-06-30,13.491849330924163,RN
2026-06-30,0.0,RN
2026-06-30,0.0,RN
2026-06-30,0.0,RN
2026-06-30,0.0,RN
2026-06-30,0.0,RN
2026-06-30,0.0,RN
2026-06-30,0.0,RN
2026-06-30,0.0,RN
2026-06-30,1.7761867429095932,RN
2026-06-30,0.0,RN
2026-06-30,0.0,RN
2026-06-30,0.0,RN
2026-06-30,0.0,RN
2026-06-30,0.0,RN
2026-06-30,8.15240586597129,RN
2026-06-30,0.0,RN
2026-06-30,0.0,RN
2026-06-30,0.0,RN
2026-06-30,7.69609089113423,RN
2026-06-30,0.0,RN
2026-06-30,9.024313254072064,RN
2026-06-30,0.0,RN
2026-06-30,4.567304648262596,RN
2026-06-30,0.0,RN
2026-06-30,0.0,RN
2026-06-30,0.0,RN
2026-06-30,0.0,RN
2026-06-30,1.9889090792861022,RN
2026-06-30,0.0,RN
2026-06-30,0.0,RN
2026-06-30,65.87707905498354,RN
2026-06-30,0.0,RN
2026-06-30,0.0,RN
2026-06-30,0.0,RN
2026-06-30,0.0,RN
2026-06-30,100.0,RN
2026-06-30,0.0,RN
2026-06-30,0.0,RN
2026-06-30,0.0,RN
2026-06-30,0.0,RN
2026-06-30,0.0,RN
2026-06-30,0.0,RN
2026-06-30,0.0,RN
2026-06-30,0.0,RN
2026-06-30,0.0,RN
2026-06-30,0.0,RN
2026-06-30,2.845805489877782,RN
2026-06-30,12.041786699825327,RN
2026-06-30,0.0,RN
2026-06-30,0.0,RN
2026-06-30,0.0,RN
2026-06-30,15.740939972373363,RN
2026-06-30,0.0,RN
2026-06-30,22.206397089300083,RN
2026-06-30,2.49966012116435,RN
2026-06-30,9.729696210492769,RN
2026-06-30,0.0,RN
2026-06-30,0.0,RN
2026-06-30,0.0,RN
2026-06-30,0.0,RN
2026-06-30,0.0,RN
2026-06-30,0.0,RN
2026-06-30,0.0,RN
2026-06-30,0.0,RN
2026-06-30,0.0,RN
2026-06-30,0.0,RN
2026-06-30,0.0,RN
2026-06-30,0.0,RN
2026-06-30,0.0,RN
2026-06-30,0.0,RN
2026-06-30,0.0,RN
2026-06-30,0.0,RN
2026-06-30,93.96232281154532,RN
2026-06-30,0.0,RN
2026-06-30,13.983053053806682,RN
2026-06-30,3.1512262912512754,RN
2026-06-30,0.003983702304522317,RN
2026-06-30,0.817465805907042,RN
2026-06-30,18.42714393777888,RN
2026-06-30,9.971179334698018,RN
2026-06-30,0.0,RN
2026-06-30,0.7398089257969028,RN
2026-06-30,3.4469817659794946,RN
2026-06-30,9.47007265797492,RN
2026-06-30,7.516432578090318,RN
2026-06-30,4.305269192704747,RN
2026-06-30,4.072976318952345,RN
2026-06-30,1.990364453196598,RN
2026-06-30,0.0,RN
2026-06-30,3.210400749747767,RN
2026-06-30,14.615748999590695,RN
2026-06-30,4.016205181669031,RN
2026-06-30,5.625125386698379,RN
2026-06-30,0.9097892617795564,RN
2026-06-30,12.71858308304457,RN
2026-06-30,5.182723262326664,RN
2026-06-30,15.813378980558104,RN
2026-06-30,5.674371474348649,RN
2026-06-30,15.911232388210477,RN
2026-06-30,9.049202553577436,RN
2026-06-30,9.869043362865922,RN
2026-06-30,7.078021920008479,RN
2026-06-30,12.078050806570161,RN
2026-06-30,5.056967166942441,RN
2026-06-30,0.0,RN
2026-06-30,3.5032914435178024,RN
2026-06-30,12.29688727512113,RN
2026-06-30,5.380993452147449,RN
2026-06-30,0.6467009280465088,RN
2026-06-30,1.1913186627498837,RN
2026-06-30,6.550484510910379,RN
2026-06-30,4.866818849289905,RN
2026-06-30,0.0,RN
2026-06-30,2.4309960852803583,RN
2026-06-30,5.091880000084989,RN
2026-06-30,2.052698264129353,RN
2026-06-30,7.070911318525379,RN
2026-06-30,4.399331896288998,RN
2026-06-30,8.200706732960606,RN
2026-06-30,1.8040509464277468,RN
2026-06-30,57.6799995638687,RN
2026-06-30,89.10287642957753,RN
2026-06-30,0.0,RN
2026-06-30,2.9132068941824927,RN
2026-06-30,0.0,RN
2026-06-30,9.717274046786178,RN
2026-06-30,77.93990502364065,RN
2026-06-30,0.0,RN
2026-06-30,12.659543760210962,RN
2026-06-30,0.0,RN
2026-06-30,0.0,RN
2026-06-30,0.0,RN
2026-06-30,20.455455002882047,RN
2026-06-30,0.0,RN
2026-06-30,5.9363395957496135,RN
2026-06-30,16.558700286617956,RN
2026-06-30,2.2490475042627027,RN
2026-06-30,10.765442256030262,RN
2026-06-30,1.9372486872706036,RN
2026-06-30,13.573716560204774,RN
2026-06-30,7.859842372439833,RN
2026-06-30,16.81098309442846,RN
2026-06-30,2.154594678812763,RN
2026-06-30,12.877661215307674,RN
2026-06-30,6.090212369958676,RN
2026-06-30,3.15705439102201,RN
2026-06-30,3.4634665956993502,RN
2026-06-30,10.610691584536145,RN
2026-06-30,4.622265315966018,RN
2026-06-30,0.0,RN
2026-06-30,0.0,RN
2026-06-30,0.0,RN
2026-06-30,12.633706981872294,RN
2026-06-30,5.278508046728966,RN
2026-06-30,0.07812589975342041,RN
2026-06-30,0.904500754231655,RN
2026-06-30,8.058463596953272,RN
2026-06-30,8.005172385021956,RN
2026-06-30,39.01512562246871,RN
2026-06-30,1.6907083021750358,RN
2026-06-30,3.902059767973784,RN
2026-06-30,6.668116520880882,RN
2026-06-30,2.3081821414183388,RN
2026-06-30,6.942251912444218,RN
2026-06-30,1.53443215099369,RN
2026-06-30,6.007245712493173,RN
2026-06-30,39.933238981676986,RN
2026-06-30,1.8333821080735544,RN
2026-06-30,27.118351684060745,RN
2026-06-30,7.28115936819862,RN
2026-06-30,7.439330588035966,RN
2026-06-30,2.6883725235633014,RN
2026-06-30,12.805685802766616,RN
2026-06-30,9.364634555309472,RN
2026-06-30,25.383921035828212,RN
2026-06-30,7.473921192830449,RN
2026-06-30,12.360778522866731,RN
2026-06-30,8.596557743516808,RN
2026-06-30,9.782343221049748,RN
2026-06-30,6.967544815214397,RN
2026-06-30,10.07668931200119,RN
2026-06-30,5.758645515969014,RN
2026-06-30,10.556387197777577,RN
2026-06-30,5.430917858187647,RN
2026-06-30,0.20539353028772483,RN
2026-06-30,12.037707562633118,RN
2026-06-30,2.3790105556226715,RN
2026-06-30,3.3775798972108544,RN
2026-06-30,0.6354655334761842,RN
2026-06-30,12.389830439674993,RN
2026-06-30,5.751143186486476,RN
2026-06-30,0.5183482356840661,RN
2026-06-30,3.1866220705177506,RN
2026-06-30,14.8118858717867,RN
2026-06-30,5.1028843793505905,RN
2026-06-30,3.715474600014626,RN
2026-06-30,4.035807159279242,RN
2026-06-30,9.161973969096026,RN
2026-06-30,3.1014462390810458,RN
2026-06-30,0.0,RN
2026-06-30,14.75382601691502,RN
2026-06-30,10.678395368725816,RN
2026-06-30,86.4117638254647,RN
2026-06-30,28.17264070457445,RN
2026-06-30,51.358253098978366,RN
2026-06-30,36.343638094812455,RN
2026-06-30,72.86352796534693,RN
2026-06-30,15.93768781303601,RN
2026-06-30,0.0,RN
2026-06-30,0.0,RN
2026-06-30,44.50397030419128,RN
2026-06-30,18.241007764482116,RN
2026-06-30,21.58838144899272,RN
2026-06-30,16.598416156492792,RN
2026-06-30,0.0,RN
2026-06-30,0.0,RN
2026-06-30,0.0,RN
2026-06-30,0.0,RN
2026-06-30,47.83442875159471,RN
2026-06-30,12.833323906666315,RN
2026-06-30,7.402558403170199,RN
2026-06-30,0.0,RN
2026-06-30,0.8371303760977101,RN
2026-06-30,23.05707916948431,RN
2026-06-30,0.0,RN
2026-06-30,0.0,RN
2026-06-30,20.54324156957944,RN
2026-06-30,0.0,RN
2026-06-30,24.58767659193464,RN
2026-06-30,0.0,RN
2026-06-30,70.21782821542666,RN
2026-06-30,0.36435266621533124,RN
2026-06-30,51.65808031612558,RN
2026-06-30,28.648038780393755,RN
2026-06-30,0.0,RN
2026-06-30,46.32508891319823,RN
2026-06-30,8.086717748841252,RN
2026-06-30,34.42325552764648,RN
2026-06-30,100.0,RN
2026-06-30,4.3088589540026305,RN
2026-06-30,0.0,RN
2026-06-30,0.0,RN
2026-06-30,15.890879722753876,RN
2026-06-30,20.800548063584472,RN
2026-06-30,13.230673653361713,RN
2026-06-30,0.0,RN
2026-06-30,0.0,RN
2026-06-30,0.0,RN
2026-06-30,0.0,RN
2026-06-30,0.0,RN
2026-06-30,0.0,RN
2026-06-30,0.0,RN
2026-06-30,0.0,RN
2026-06-30,0.0,RO
2026-06-30,0.0,RO
2026-06-30,0.0,RO
2026-06-30,0.0,RO
2026-06-30,0.0,RO
2026-06-30,6.213065039164691,RO
2026-06-30,3.2827087355531464,RO
2026-06-30,15.55132506754008,RO
2026-06-30,0.0,RO
2026-06-30,0.0,RO
2026-06-30,0.0,RO
2026-06-30,4.296621963667113,RO
2026-06-30,0.0,RO
2026-06-30,0.7877016312967977,RO
2026-06-30,5.6256153465773355,RO
2026-06-30,0.0,RO
2026-06-30,4.642777397400076,RO
2026-06-30,2.2630678665458386,RO
2026-06-30,0.0,RO
2026-06-30,12.907134858780637,RO
2026-06-30,4.673225056342608,RO
2026-06-30,0.0,RO
2026-06-30,0.6221856661168534,RO
2026-06-30,4.506400871143542,RO
2026-06-30,0.0,RO
2026-06-30,0.0,RO
2026-06-30,3.9142722428697816,RO
2026-06-30,3.4923596898388003,RO
2026-06-30,0.0,RO
2026-06-30,41.88144898808348,RO
2026-06-30,0.0,RO
2026-06-30,63.606242402824066,RO
2026-06-30,42.90392850771306,RO
2026-06-30,0.0,RO
2026-06-30,7.390017025443363,RO
2026-06-30,0.0,RO
2026-06-30,0.0,RO
2026-06-30,90.37769753774857,RO
2026-06-30,19.11894251982044,RO
2026-06-30,0.0,RO
2026-06-30,21.29222470381848,RO
2026-06-30,3.3428543584398334,RO
2026-06-30,10.171662639101633,RO
2026-06-30,0.0,RO
2026-06-30,0.0,RO
2026-06-30,9.359450756766506,RO
2026-06-30,100.0,RO
2026-06-30,12.731478766991247,RO
2026-06-30,0.0,RO
2026-06-30,0.0,RO
2026-06-30,13.529046166302278,RO
2026-06-30,0.0,RO
2026-06-30,4.643265317900562,RO
2026-06-30,0.0,RO
2026-06-30,6.729751689716802,RO
2026-06-30,0.0,RO
2026-06-30,8.493918777819841,RO
2026-06-30,0.0,RO
2026-06-30,0.0,RO
2026-06-30,16.613661601496275,RO
2026-06-30,7.449483308721357,RO
2026-06-30,0.0,RO
2026-06-30,0.0,RO
2026-06-30,0.9612215092720015,RO
2026-06-30,0.0,RO
2026-06-30,4.533111850994241,RO
2026-06-30,0.0,RO
2026-06-30,0.0,RO
2026-06-30,0.0,RO
2026-06-30,24.70486916666261,RO
2026-06-30,0.533016184245859,RO
2026-06-30,3.2017396718613123,RO
2026-06-30,0.0,RO
2026-06-30,21.34280378342653,RO
2026-06-30,16.735416863368137,RO
2026-06-30,0.0,RO
2026-06-30,0.0,RO
2026-06-30,85.14507116343619,RO
2026-06-30,5.4659789913065095,RO
2026-06-30,0.0,RO
2026-06-30,0.0,RO
2026-06-30,4.743783850385615,RO
2026-06-30,0.0,RO
2026-06-30,10.2767491629113,RO
2026-06-30,0.0,RO
2026-06-30,0.0,RO
2026-06-30,11.856808572541754,RO
2026-06-30,0.0,RO
2026-06-30,3.6282075773625175,RO
2026-06-30,0.0,RO
2026-06-30,0.0,RO
2026-06-30,8.569082697279013,RO
2026-06-30,6.980157732274439,RO
2026-06-30,0.0,RO
2026-06-30,0.0,RO
2026-06-30,9.125707073068112,RO
2026-06-30,2.109843570078521,RO
2026-06-30,3.3510232853460957,RO
2026-06-30,0.0,RO
2026-06-30,0.0,RO
2026-06-30,7.640777559054307,RO
2026-06-30,2.5606907966454306,RO
2026-06-30,0.8934682244381869,RO
2026-06-30,42.120754341395674,RO
2026-06-30,0.0,RO
2026-06-30,0.0,RO
2026-06-30,40.48449975468383,RO
2026-06-30,0.0,RO
2026-06-30,63.9468393765758,RO
2026-06-30,0.0,RO
2026-06-30,20.523410025018627,RO
2026-06-30,9.594474784395,RO
2026-06-30,0.0,RO
2026-06-30,0.6027100308691778,RO
2026-06-30,0.0,RO
2026-06-30,0.0,RO
2026-06-30,0.0,RO
2026-06-30,0.0,RO
2026-06-30,0.0,RO
2026-06-30,15.787307825204447,RO
2026-06-30,32.63648646564083,RO
2026-06-30,0.0,RO
2026-06-30,4.160118290492563,RO
2026-06-30,0.0,RO
2026-06-30,39.26079399549715,RO
2026-06-30,0.0,RO
2026-06-30,21.610397547752722,RO
2026-06-30,0.0,RO
2026-06-30,0.0,RO
2026-06-30,1.2503872528011832,RO
2026-06-30,0.0,RO
2026-06-30,0.0,RO
2026-06-30,0.0,RO
2026-06-30,0.0,RO
2026-06-30,2.042544201936105,RO
2026-06-30,12.355961772004573,RO
2026-06-30,0.0,RO
2026-06-30,2.5016685374510814,RO
2026-06-30,100.0,RO
2026-06-30,27.198279450565078,RO
2026-06-30,0.0,RO
2026-06-30,3.015386082793597,RO
2026-06-30,0.0,RO
2026-06-30,0.0,RO
2026-06-30,3.2713060698076877,RO
2026-06-30,11.45194323399386,RO
2026-06-30,0.0,RO
2026-06-30,0.0,RO
2026-06-30,6.2365155647383475,RO
2026-06-30,0.0,RO
2026-06-30,0.0,RO
2026-06-30,0.0,RO
2026-06-30,4.274922770869987,RO
2026-06-30,0.0,RO
2026-06-30,45.03833852503678,RO
2026-06-30,14.733877264762107,RO
2026-06-30,5.79042311702096,RO
2026-06-30,11.789240696628791,RO
2026-06-30,0.3807583655350495,RO
2026-06-30,0.0,RO
2026-06-30,0.0,RO
2026-06-30,0.0,RO
2026-06-30,0.4803576313589317,RO
2026-06-30,32.489466927920226,RO
2026-06-30,15.761591413974127,RO
2026-06-30,0.0,RO
2026-06-30,2.320602366734702,RO
2026-06-30,0.0,RO
2026-06-30,44.81169675398027,RO
2026-06-30,1.035045574752801,RO
2026-06-30,12.008160349386593,RO
2026-06-30,0.0,RO
2026-06-30,0.0,RO
2026-06-30,3.4911173557639548,RO
2026-06-30,0.0,RO
2026-06-30,0.0,RO
2026-06-30,1.3663971463570157,RO
2026-06-30,6.143436629096874,RO
2026-06-30,0.0,RO
2026-06-30,6.598950543118456,RO
2026-06-30,14.627681903838278,RO
2026-06-30,5.694999756375575,RO
2026-06-30,0.0,RO
2026-06-30,0.0,RO
2026-06-30,6.988192780107634,RO
2026-06-30,4.508735399920463,RO
2026-06-30,0.0,RO
2026-06-30,100.0,RO
2026-06-30,0.0,RO
2026-06-30,0.0,RO
2026-06-30,12.942140451302567,RO
2026-06-30,22.70567460059138,RO
2026-06-30,0.0,RO
2026-06-30,0.0,RO
2026-06-30,16.297175372207136,RO
2026-06-30,0.0,RO
2026-06-30,0.0,RO
2026-06-30,19.086757295704146,RO
2026-06-30,23.407066793217194,RO
2026-06-30,0.0,RO
2026-06-30,1.4985165883754976,RO
2026-06-30,35.54280162794569,RO
2026-06-30,0.0,RO
2026-06-30,9.611589066588904,RO
2026-06-30,0.0,RO
2026-06-30,15.298940031603886,RO
2026-06-30,3.44864561907983,RO
2026-06-30,11.95776710066819,RO
2026-06-30,0.0,RO
2026-06-30,0.0,RO
2026-06-30,5.216884599033091,RO
2026-06-30,1.5269268452769371,RO
2026-06-30,0.0,RO
2026-06-30,6.074421602120079,RO
2026-06-30,0.0,RO
2026-06-30,8.746497756628488,RO
2026-06-30,5.006590782158452,RO
2026-06-30,8.61885707780495,RO
2026-06-30,0.0,RO
2026-06-30,4.25464701264942,RO
2026-06-30,7.20114443012396,RO
2026-06-30,5.871889335693129,RO
2026-06-30,0.0,RO
2026-06-30,0.0,RO
2026-06-30,0.6435244971867315,RO
2026-06-30,0.5596327130467983,RO
2026-06-30,0.0,RO
2026-06-30,0.0,RO
2026-06-30,4.82494180543633,RO
2026-06-30,1.5073584266330284,RO
2026-06-30,7.597552087075599,RO
2026-06-30,0.0,RO
2026-06-30,9.647398181609852,RO
2026-06-30,4.536802870862216,RO
2026-06-30,0.0,RO
2026-06-30,0.0,RO
2026-06-30,1.104602581608937,RO
2026-06-30,0.0,RO
2026-06-30,47.637161930123945,RO
2026-06-30,10.793687974575677,RO
2026-06-30,0.0,RO
2026-06-30,0.0,RO
2026-06-30,0.0,RO
2026-06-30,3.7927996516751534,RO
2026-06-30,0.0,RO
2026-06-30,7.369991573668801,RO
2026-06-30,10.041205226924175,RO
2026-06-30,0.0,RO
2026-06-30,0.0,RO
2026-06-30,6.217755026242585,RO
2026-06-30,0.0,RO
2026-06-30,1.5750125726583586,RO
2026-06-30,0.0,RO
2026-06-30,0.0,RO
2026-06-30,4.155101956766418,RO
2026-06-30,5.679510056819214,RO
2026-06-30,0.0,RO
2026-06-30,70.47589554682916,RO
2026-06-30,100.0,RO
2026-06-30,8.867777989492563,RO
2026-06-30,3.791755771926246,RO
2026-06-30,0.0,RO
2026-06-30,0.0,RO
2026-06-30,3.3740674579577794,RO
2026-06-30,2.574687322494512,RO
2026-06-30,9.81252727217745,RO
2026-06-30,49.8948511284735,RO
2026-06-30,0.0,RO
2026-06-30,0.0,RO
2026-06-30,0.0,RO
2026-06-30,0.0,RO
2026-06-30,0.0,RO
2026-06-30,0.0,RO
2026-06-30,0.0,RO
2026-06-30,0.0,RO
2026-06-30,0.0,RO
2026-06-30,0.0,RO
2026-06-30,0.0,RO
2026-06-30,0.0,RO
2026-06-30,0.0,RO
2026-06-30,0.0,RO
2026-06-30,0.0,RO
2026-06-30,0.0,RO
2026-06-30,0.0,RO
2026-06-30,0.0,RO
2026-06-30,0.0,RO
2026-06-30,0.0,RO
2026-06-30,0.0,RO
2026-06-30,0.0,RO
2026-06-30,0.0,RO
2026-06-30,0.0,RO
2026-06-30,0.0,RO
2026-06-30,0.0,RO
2026-06-30,7.183658590779678,RO
2026-06-30,0.0,RO
2026-06-30,8.061234967107914,RO
2026-06-30,8.399258597879822,RO
2026-06-30,0.0,RO
2026-06-30,0.8659634305239226,RO
2026-06-30,0.0,RO
2026-06-30,1.5969194067024077,RO
2026-06-30,4.954839707019862,RO
2026-06-30,0.0,RO
2026-06-30,7.434594231219904,RO
2026-06-30,0.0,RO
2026-06-30,3.0558070104422015,RO
2026-06-30,0.0,RO
2026-06-30,5.522480049966769,RO
2026-06-30,0.0,RO
2026-06-30,3.0208374824470243,RO
2026-06-30,2.8414235546666267,RO
2026-06-30,4.435409201718456,RO
2026-06-30,3.6231664231097658,RO
2026-06-30,0.0,RO
2026-06-30,0.37358512265503396,RO
2026-06-30,5.8422739429441,RO
2026-06-30,2.6159410751753818,RO
2026-06-30,0.0,RO
2026-06-30,4.640280548759479,RO
2026-06-30,0.0,RO
2026-06-30,28.971964990150074,RO
2026-06-30,9.893659994944494,RO
2026-06-30,0.0,RO
2026-06-30,7.203496801712916,RO
2026-06-30,0.0,RO
2026-06-30,0.0,RO
2026-06-30,0.0,RO
2026-06-30,13.457450307364796,RO
2026-06-30,0.0,RO
2026-06-30,3.653168182473782,RO
2026-06-30,0.0,RO
2026-06-30,1.0226456712271097,RO
2026-06-30,2.5273288489411008,RO
2026-06-30,9.58034883969722,RO
2026-06-30,0.0,RO
2026-06-30,0.0,RO
2026-06-30,2.3449594221725216,RO
2026-06-30,0.0,RO
2026-06-30,2.8048707725480835,RO
2026-06-30,0.0,RO
2026-06-30,6.15794915688061,RO
2026-06-30,3.090051276222968,RO
2026-06-30,1.9192256374977006,RO
2026-06-30,0.0,RO
2026-06-30,1.1149955977943538,RO
2026-06-30,4.65571546658926,RO
2026-06-30,3.250749344447277,RO
2026-06-30,0.5860054583448049,RO
2026-06-30,2.7338011734034176,RO
2026-06-30,0.0,RO
2026-06-30,0.0,RO
2026-06-30,0.0,RO
2026-06-30,0.0,RO
2026-06-30,0.0,RO
2026-06-30,0.0,RO
2026-06-30,0.0,RO
2026-06-30,0.0,RO
2026-06-30,0.0,RO
2026-06-30,0.0,RO
2026-06-30,36.59754282335247,RO
2026-06-30,3.8925842907339665,RO
2026-06-30,0.0,RO
2026-06-30,8.999484197009647,RO
2026-06-30,0.0,RO
2026-06-30,0.0,RO
2026-06-30,9.181264890389047,RO
2026-06-30,5.904991498382473,RO
2026-06-30,0.0,RO
2026-06-30,10.256958147848943,RO
2026-06-30,25.519883467383774,RO
2026-06-30,6.386983888919007,RO
2026-06-30,6.670809409789761,RO
2026-06-30,0.0,RO
2026-06-30,6.740190786251679,RO
2026-06-30,0.0,RO
2026-06-30,0.9367142800172827,RO
2026-06-30,0.0,RO
2026-06-30,7.845647738633918,RO
2026-06-30,17.462668818137914,RO
2026-06-30,1.0148374648609986,RO
2026-06-30,0.0,RO
2026-06-30,4.042658799492842,RO
2026-06-30,26.370030163696832,RO
2026-06-30,0.920090778790206,RO
2026-06-30,5.281932659309771,RO
2026-06-30,2.096770208492048,RO
2026-06-30,76.98813123818537,RO
2026-06-30,0.0,RO
2026-06-30,0.0,RO
2026-06-30,0.0,RO
2026-06-30,4.37493743734076,RO
2026-06-30,0.0,RO
2026-06-30,0.0,RO
2026-06-30,0.0,RO
2026-06-30,0.0,RO
2026-06-30,0.0,RO
2026-06-30,35.47135256758056,RO
2026-06-30,1.4826281929646654,RO
2026-06-30,0.0,RO
2026-06-30,0.0,RO
2026-06-30,2.895541148926049,RO
2026-06-30,36.22634946189871,RO
2026-06-30,0.0,RO
2026-06-30,0.0,RO
2026-06-30,2.197450912906018,RO
2026-06-30,0.0,RO
2026-06-30,13.342194456000803,RO
2026-06-30,0.9579424588418959,RO
2026-06-30,1.801387690138961,RO
2026-06-30,0.0,RO
2026-06-30,10.66798630846241,RO
2026-06-30,0.0,RO
2026-06-30,0.0,RO
2026-06-30,31.268219646406276,RO
2026-06-30,0.0,RO
2026-06-30,0.0,RO
2026-06-30,0.0,RO
2026-06-30,4.073651020198214,RO
2026-06-30,9.705078425939224,RO
2026-06-30,7.899922480512367,RO
2026-06-30,0.0,RO
2026-06-30,1.2372583346729324,RO
2026-06-30,0.0,RO
2026-06-30,2.556097665738359,RO
2026-06-30,36.12521996587304,RO
2026-06-30,2.0706718043111985,RO
2026-06-30,0.0,RO
2026-06-30,0.9021825615064089,RO
2026-06-30,6.343539341711287,RO
2026-06-30,25.14515483165396,RO
2026-06-30,1.6306351175993268,RO
2026-06-30,5.311959037824159,RO
2026-06-30,0.0,RO
2026-06-30,4.419856582471144,RO
2026-06-30,8.985846570203835,RO
2026-06-30,5.530166391906991,RO
2026-06-30,1.708375611352374,RO
2026-06-30,2.5995486984343694,RO
2026-06-30,0.0,RO
2026-06-30,5.832520590821577,RO
2026-06-30,1.2603801742277856,RO
2026-06-30,4.315574481631119,RO
2026-06-30,0.0,RO
2026-06-30,3.232934202318806,RO
2026-06-30,0.8875355774237622,RO
2026-06-30,2.9379664010612117,RO
2026-06-30,0.18974196653816405,RO
2026-06-30,4.550777664519981,RO
2026-06-30,0.0,RO
2026-06-30,0.0,RO
2026-06-30,0.0,RO
2026-06-30,3.381796221163328,RO
2026-06-30,0.0,RO
2026-06-30,10.804060244398508,RO
2026-06-30,0.0,RO
2026-06-30,0.0,RO
2026-06-30,0.0,RO
2026-06-30,0.0,RO
2026-06-30,3.174417484290314,RO
2026-06-30,18.45635647910435,RO
2026-06-30,0.0,RO
2026-06-30,0.0,RO
2026-06-30,0.0,RO
2026-06-30,0.0,RO
2026-06-30,2.3237369645178254,RO
2026-06-30,12.061266760877261,RO
2026-06-30,0.0,RO
2026-06-30,14.625057838954492,RO
2026-06-30,0.38550951731693756,RO
2026-06-30,0.0,RO
2026-06-30,0.0,RO
2026-06-30,0.400110550307613,RO
2026-06-30,0.0,RO
2026-06-30,0.0,RO
2026-06-30,1.1356107266923863,RO
2026-06-30,1.9344563092659794,RO
2026-06-30,0.0,RO
2026-06-30,1.46609933868596,RO
2026-06-30,10.530089654403744,RO
2026-06-30,4.90214069379487,RO
2026-06-30,11.69304622823277,RO
2026-06-30,8.063396557653098,RO
2026-06-30,3.134506473532332,RO
2026-06-30,1.5738880206799282,RO
2026-06-30,7.418320516667058,RO
2026-06-30,2.983518698926093,RO
2026-06-30,2.048030610102319,RO
2026-06-30,23.666316399620378,RO
2026-06-30,5.837775002478548,RO
2026-06-30,3.038302980273424,RO
2026-06-30,2.3541619652123758,RO
2026-06-30,3.067986910986983,RO
2026-06-30,2.2856451817387624,RO
2026-06-30,0.0,RO
2026-06-30,0.0,RO
2026-06-30,1.3807488626689794,RO
2026-06-30,19.022995342669912,RO
2026-06-30,5.506317265766809,RO
2026-06-30,5.437762384893645,RO
2026-06-30,2.329976731295632,RO
2026-06-30,11.627418535206193,RO
2026-06-30,9.26191010764546,RO
2026-06-30,0.0,RO
2026-06-30,7.169634750667213,RO
2026-06-30,6.6944205524456795,RO
2026-06-30,7.000931393419902,RO
2026-06-30,7.957968608300242,RO
2026-06-30,6.841112179530397,RO
2026-06-30,0.47536609796198753,RO
2026-06-30,2.0600755069694077,RO
2026-06-30,0.0,RO
2026-06-30,0.0,RO
2026-06-30,1.1040727445223004,RO
2026-06-30,18.579639379184286,RO
2026-06-30,1.990668983174459,RO
2026-06-30,4.5826354531481535,RO
2026-06-30,1.982915575456254,RO
2026-06-30,10.913205742697263,RO
2026-06-30,3.733738616628362,RO
2026-06-30,0.0,RO
2026-06-30,3.5697336731139804,RO
2026-06-30,6.701501927497812,RO
2026-06-30,3.662292643988037,RO
2026-06-30,4.458261565491112,RO
2026-06-30,4.018344647807267,RO
2026-06-30,0.0,RO
2026-06-30,2.980179918361519,RO
2026-06-30,100.0,RO
2026-06-30,0.0,RO
2026-06-30,69.79398707679668,RO
2026-06-30,0.0,RO
2026-06-30,100.0,RO
2026-06-30,0.0,RO
2026-06-30,0.0,RO
2026-06-30,0.0,RO
2026-06-30,56.110647392072124,RO
2026-06-30,0.0,RO
2026-06-30,0.0,RO
2026-06-30,0.0,RO
2026-06-30,19.597864700120937,RO
2026-06-30,13.694915928548443,RO
2026-06-30,1.7499769224242627,RO
2026-06-30,1.4817642346097848,RO
2026-06-30,17.944870249737615,RO
2026-06-30,6.3223343292856615,RO
2026-06-30,88.16744707067724,RO
2026-06-30,4.065874967953213,RO
2026-06-30,11.934756656026666,RO
2026-06-30,3.8625767467610643,RO
2026-06-30,2.2705412891320447,RO
2026-06-30,5.933991794461205,RO
2026-06-30,0.0,RO
2026-06-30,4.126748044996301,RO
2026-06-30,0.0,RO
2026-06-30,0.0,RO
2026-06-30,15.371354400303868,RO
2026-06-30,3.5916335693218135,RO
2026-06-30,2.187312252733006,RO
2026-06-30,2.870205474247376,RO
2026-06-30,12.03775503242985,RO
2026-06-30,5.838848233698344,RO
2026-06-30,0.0,RO
2026-06-30,0.0,RO
2026-06-30,15.79947109471469,RO
2026-06-30,7.891845793381893,RO
2026-06-30,1.4268312333781263,RO
2026-06-30,6.159399988518466,RO
2026-06-30,0.0,RO
2026-06-30,4.037524619209842,RO
2026-06-30,0.0,RO
2026-06-30,2.7983668091733027,RO
2026-06-30,28.344616802948668,RO
2026-06-30,9.268215826952243,RO
2026-06-30,12.31317022139337,RO
2026-06-30,2.95991626777658,RO
2026-06-30,24.78389199922894,RO
2026-06-30,7.359609955088492,RO
2026-06-30,2.066734260576556,RO
2026-06-30,1.7474732720236013,RO
2026-06-30,20.135901075439538,RO
2026-06-30,8.234624518661036,RO
2026-06-30,8.230182069841948,RO
2026-06-30,5.499497418368478,RO
2026-06-30,3.2967632402291454,RO
2026-06-30,3.5829715941369433,RO
2026-06-30,26.034372196075367,RO
2026-06-30,0.0,RO
2026-06-30,0.0,RO
2026-06-30,19.709721725441316,RO
2026-06-30,2.031128838601639,RO
2026-06-30,4.977467201951693,RO
2026-06-30,1.0746016865754096,RO
2026-06-30,12.693016369466648,RO
2026-06-30,4.426469016926983,RO
2026-06-30,3.645014533827901,RO
2026-06-30,0.702289648532558,RO
2026-06-30,10.356779087867949,RO
2026-06-30,3.212473747236788,RO
2026-06-30,4.854391832650572,RO
2026-06-30,3.350245762501299,RO
2026-06-30,2.653217735469602,RO
2026-06-30,1.5325959891511551,RO
2026-06-30,0.0,RO
2026-06-30,0.0,RO
2026-06-30,3.3500337838711483,RO
2026-06-30,82.45665952676211,RO
2026-06-30,0.0,RO
2026-06-30,0.0,RO
2026-06-30,3.3888687617019757,RO
2026-06-30,4.0749060549562595,RO
2026-06-30,81.57124611239155,RO
2026-06-30,0.0,RO
2026-06-30,0.0,RO
2026-06-30,17.36559040419909,RO
2026-06-30,15.24607049713389,RO
2026-06-30,6.9695769794325475,RO
2026-06-30,25.513201393852754,RO
2026-06-30,0.0,RO
2026-06-30,46.87139992153099,RO
2026-06-30,14.97799292258781,RO
2026-06-30,4.372561418676169,RO
2026-06-30,13.107788456220511,RO
2026-06-30,0.0,RO
2026-06-30,0.0,RO
2026-06-30,100.0,RO
2026-06-30,0.0,RO
2026-06-30,0.0,RO
2026-06-30,8.521702257707146,RO
2026-06-30,53.118703149785475,RO
2026-06-30,21.811077202243485,RO
2026-06-30,0.0,RO
2026-06-30,0.0,RO
2026-06-30,37.74172213474369,RO
2026-06-30,13.76335659511232,RO
2026-06-30,12.368383454015333,RO
2026-06-30,0.0,RO
2026-06-30,53.33377548990097,RO
2026-06-30,0.8544704669431878,RO
2026-06-30,0.0,RO
2026-06-30,0.0,RO
2026-06-30,5.313893678727697,RO
2026-06-30,18.81579919092125,RO
2026-06-30,0.0,RO
2026-06-30,0.0,RO
2026-06-30,0.0,RO
2026-06-30,0.0,RO
2026-06-30,0.0,RO
2026-06-30,0.0,RO
2026-06-30,0.0,RO
2026-06-30,0.0,RO
2026-06-30,0.0,RO
2026-06-30,0.0,RO
2026-06-30,0.0,RR
2026-06-30,22.782136053359828,RR
2026-06-30,7.306383854526084,RR
2026-06-30,16.541719742504196,RR
2026-06-30,0.0,RR
2026-06-30,23.173789161901066,RR
2026-06-30,25.053729337419178,RR
2026-06-30,0.0,RR
2026-06-30,5.937167930195781,RR
2026-06-30,0.011362891925563782,RR
2026-06-30,11.901241428202503,RR
2026-06-30,0.0,RR
2026-06-30,7.859932284157455,RR
2026-06-30,5.359641720479382,RR
2026-06-30,2.042799153180081,RR
2026-06-30,0.0,RR
2026-06-30,0.0,RR
2026-06-30,0.0,RR
2026-06-30,0.0,RR
2026-06-30,5.692746732404271,RR
2026-06-30,0.0,RR
2026-06-30,3.718646145573136,RR
2026-06-30,4.953914965311557,RR
2026-06-30,19.385063018898524,RR
2026-06-30,84.50543887612643,RR
2026-06-30,1.1111654893900933,RR
2026-06-30,0.0,RR
2026-06-30,20.846404612670018,RR
2026-06-30,9.517984702705744,RR
2026-06-30,0.0,RR
2026-06-30,0.0,RR
2026-06-30,0.0,RR
2026-06-30,2.152532347620852,RR
2026-06-30,0.0,RR
2026-06-30,10.75359566865508,RR
2026-06-30,0.0,RR
2026-06-30,0.0,RR
2026-06-30,7.278108086989815,RR
2026-06-30,9.001363460488161,RR
2026-06-30,6.137704072519827,RR
2026-06-30,0.0,RR
2026-06-30,42.10193574744919,RR
2026-06-30,0.0,RR
2026-06-30,2.0689100241288463,RR
2026-06-30,0.0,RR
2026-06-30,0.0,RR
2026-06-30,18.90224773143847,RR
2026-06-30,0.0,RR
2026-06-30,4.627063992991092,RR
2026-06-30,15.06091507557224,RR
2026-06-30,0.0,RR
2026-06-30,0.0,RR
2026-06-30,16.656016708238404,RR
2026-06-30,3.9545729705639494,RR
2026-06-30,0.22175591370703188,RR
2026-06-30,6.760293132676591,RR
2026-06-30,5.510997626451624,RR
2026-06-30,7.818561633754724,RR
2026-06-30,0.0,RR
2026-06-30,3.3062406749515363,RR
2026-06-30,5.353578046214446,RR
2026-06-30,0.0,RR
2026-06-30,50.62116343719181,RR
2026-06-30,0.0,RR
2026-06-30,0.0,RR
2026-06-30,21.23898924901629,RR
2026-06-30,0.0,RR
2026-06-30,37.3122502256667,RR
2026-06-30,5.568910260026564,RR
2026-06-30,0.0,RR
2026-06-30,16.560594803775697,RR
2026-06-30,0.0,RR
2026-06-30,0.11639491475088336,RR
2026-06-30,7.8836590457819895,RR
2026-06-30,0.0,RR
2026-06-30,25.0394399396271,RR
2026-06-30,0.0,RR
2026-06-30,10.609992454775643,RR
2026-06-30,15.633800843071697,RR
2026-06-30,0.0,RR
2026-06-30,10.510215969179997,RR
2026-06-30,4.568696905440169,RR
2026-06-30,0.0,RR
2026-06-30,6.493970702292643,RR
2026-06-30,0.19749851381808758,RR
2026-06-30,6.372892242827246,RR
2026-06-30,0.0,RR
2026-06-30,23.98053997509107,RR
2026-06-30,5.9378421160487544,RR
2026-06-30,2.0278265694243487,RR
2026-06-30,8.564757691971055,RR
2026-06-30,0.0,RR
2026-06-30,0.0,RR
2026-06-30,8.101581655101931,RR
2026-06-30,0.0,RR
2026-06-30,0.0,RR
2026-06-30,24.795209680478926,RR
2026-06-30,0.0,RR
2026-06-30,0.0,RR
2026-06-30,4.465551343838701,RR
2026-06-30,0.0,RR
2026-06-30,7.9147200174589525,RR
2026-06-30,0.0,RR
2026-06-30,3.0954605512284328,RR
2026-06-30,0.0,RR
2026-06-30,4.7051540060522115,RR
2026-06-30,10.799577060406328,RR
2026-06-30,0.0,RR
2026-06-30,21.22992730798004,RR
2026-06-30,3.3134983531343085,RR
2026-06-30,14.183248654633434,RR
2026-06-30,27.03639288964691,RR
2026-06-30,24.261589831518336,RR
2026-06-30,10.986694539111584,RR
2026-06-30,0.0,RR
2026-06-30,0.0,RR
2026-06-30,9.665951741450145,RR
2026-06-30,100.0,RR
2026-06-30,14.016919154127297,RR
2026-06-30,0.0,RR
2026-06-30,0.0,RR
2026-06-30,6.556532900074595,RR
2026-06-30,5.242791149371138,RR
2026-06-30,10.385559421902089,RR
2026-06-30,11.68621491341314,RR
2026-06-30,0.0,RR
2026-06-30,3.7323553198830477,RR
2026-06-30,7.337284917035467,RR
2026-06-30,0.0,RR
2026-06-30,0.0,RR
2026-06-30,11.103034926780255,RR
2026-06-30,0.0,RR
2026-06-30,4.4617754923174715,RR
2026-06-30,0.0,RR
2026-06-30,35.90659550543041,RR
2026-06-30,0.0,RR
2026-06-30,0.0,RR
2026-06-30,6.011355176170985,RR
2026-06-30,1.6391481807499133,RR
2026-06-30,1.2098668593250077,RR
2026-06-30,13.164874373221508,RR
2026-06-30,0.0,RR
2026-06-30,0.0,RR
2026-06-30,8.816577045245735,RR
2026-06-30,9.98106510538754,RR
2026-06-30,14.644423469121282,RR
2026-06-30,0.0,RR
2026-06-30,2.150186865753133,RR
2026-06-30,1.9834165182364707,RR
2026-06-30,3.6507447583526704,RR
2026-06-30,6.819251050087137,RR
2026-06-30,5.240349493434733,RR
2026-06-30,6.517332639750764,RR
2026-06-30,2.797714688946434,RR
2026-06-30,100.0,RR
2026-06-30,4.029018510493623,RR
2026-06-30,2.443721885177373,RR
2026-06-30,0.0,RR
2026-06-30,0.0,RR
2026-06-30,0.0,RR
2026-06-30,0.0,RR
2026-06-30,0.0,RR
2026-06-30,100.0,RR
2026-06-30,0.0,RR
2026-06-30,0.0,RR
2026-06-30,0.0,RR
2026-06-30,0.0,RR
2026-06-30,0.0,RR
2026-06-30,0.0,RR
2026-06-30,15.311166451023473,RR
2026-06-30,19.571289492310058,RR
2026-06-30,0.0,RR
2026-06-30,0.0,RR
2026-06-30,0.0,RR
2026-06-30,0.0,RR
2026-06-30,0.0,RR
2026-06-30,0.0,RR
2026-06-30,0.0,RR
2026-06-30,0.0,RR
2026-06-30,0.0,RR
2026-06-30,0.0,RR
2026-06-30,0.0,RR
2026-06-30,0.0,RR
2026-06-30,0.0,RR
2026-06-30,0.0,RR
2026-06-30,0.0,RR
2026-06-30,0.0,RR
2026-06-30,0.0,RR
2026-06-30,0.0,RR
2026-06-30,0.0,RR
2026-06-30,0.0,RR
2026-06-30,0.0,RR
2026-06-30,22.445849742009308,RR
2026-06-30,0.0,RR
2026-06-30,17.38478364578465,RR
2026-06-30,0.0,RR
2026-06-30,0.0,RR
2026-06-30,0.0,RR
2026-06-30,0.0,RR
2026-06-30,0.0,RR
2026-06-30,0.0,RR
2026-06-30,0.0,RR
2026-06-30,30.0257390502211,RR
2026-06-30,0.0,RR
2026-06-30,0.0,RR
2026-06-30,0.0,RR
2026-06-30,0.0,RR
2026-06-30,0.0,RR
2026-06-30,0.0,RR
2026-06-30,0.0,RR
2026-06-30,0.0,RR
2026-06-30,0.0,RR
2026-06-30,0.0,RR
2026-06-30,0.0,RR
2026-06-30,0.0,RR
2026-06-30,2.639689464154944,RR
2026-06-30,7.210724489580975,RR
2026-06-30,0.0,RR
2026-06-30,61.03972439466423,RR
2026-06-30,18.884236077438803,RR
2026-06-30,9.954770172496202,RR
2026-06-30,0.0,RR
2026-06-30,0.0,RR
2026-06-30,0.0,RR
2026-06-30,0.0,RR
2026-06-30,0.0,RR
2026-06-30,0.0,RR
2026-06-30,0.0,RR
2026-06-30,2.658837924369249,RR
2026-06-30,7.841603561117166,RR
2026-06-30,78.11959131886877,RR
2026-06-30,2.0636235976166706,RR
2026-06-30,0.0,RR
2026-06-30,0.0,RR
2026-06-30,0.0,RR
2026-06-30,0.0,RR
2026-06-30,0.0,RR
2026-06-30,0.0,RR
2026-06-30,0.0,RR
2026-06-30,0.0,RR
2026-06-30,0.0,RR
2026-06-30,0.0,RR
2026-06-30,0.0,RR
2026-06-30,0.0,RR
2026-06-30,0.0,RR
2026-06-30,0.0,RR
2026-06-30,0.0,RR
2026-06-30,0.0,RR
2026-06-30,0.0,RR
2026-06-30,0.0,RR
2026-06-30,0.0,RR
2026-06-30,11.981487850993233,RR
2026-06-30,40.703013704558686,RR
2026-06-30,1.6508066608264749,RR
2026-06-30,0.0,RR
2026-06-30,7.3860405174529715,RR
2026-06-30,6.059662878163153,RR
2026-06-30,0.0,RR
2026-06-30,14.782155507227019,RR
2026-06-30,2.2931758236313695,RR
2026-06-30,44.22327363972127,RR
2026-06-30,2.0986061323759375,RR
2026-06-30,0.0,RR
2026-06-30,0.0,RR
2026-06-30,3.5729209043833214,RR
2026-06-30,6.136283761123493,RR
2026-06-30,24.655014921100847,RR
2026-06-30,1.8883704937670787,RR
2026-06-30,0.48660279632207193,RR
2026-06-30,1.764194453510714,RR
2026-06-30,32.21337134698084,RR
2026-06-30,5.734899748465544,RR
2026-06-30,0.0,RR
2026-06-30,0.5212021995227082,RR
2026-06-30,21.196278805650998,RR
2026-06-30,6.837380197730569,RR
2026-06-30,0.0,RR
2026-06-30,2.3384949141796345,RR
2026-06-30,4.449657913550381,RR
2026-06-30,1.728577153492406,RR
2026-06-30,22.360583649810113,RR
2026-06-30,0.0,RR
2026-06-30,21.368403806135664,RR
2026-06-30,2.1623705130067656,RR
2026-06-30,2.9736057471034356,RR
2026-06-30,4.710049893100369,RR
2026-06-30,17.341506321430412,RR
2026-06-30,4.955245462914734,RR
2026-06-30,0.0,RR
2026-06-30,0.0,RR
2026-06-30,8.76256532185718,RR
2026-06-30,9.610900154183112,RR
2026-06-30,2.8782870636556668,RR
2026-06-30,4.399233252888567,RR
2026-06-30,0.0,RR
2026-06-30,2.0450961141149535,RR
2026-06-30,0.0,RR
2026-06-30,0.0,RR
2026-06-30,0.0,RR
2026-06-30,0.0,RR
2026-06-30,0.0,RR
2026-06-30,0.0,RR
2026-06-30,3.7588146078835036,RR
2026-06-30,0.0,RR
2026-06-30,0.0,RR
2026-06-30,0.0,RR
2026-06-30,0.0,RR
2026-06-30,7.987463119372222,RR
2026-06-30,0.7912687774320982,RR
2026-06-30,9.781311099269477,RR
2026-06-30,0.24474962350442797,RR
2026-06-30,7.7453171221620085,RR
2026-06-30,6.935169792523058,RR
2026-06-30,3.2793315263182325,RR
2026-06-30,10.003665761666488,RR
2026-06-30,7.827732970549116,RR
2026-06-30,11.313961663890328,RR
2026-06-30,0.08128990589686584,RR
2026-06-30,11.14625979268824,RR
2026-06-30,0.0,RR
2026-06-30,4.700141528605114,RR
2026-06-30,0.0,RR
2026-06-30,6.046228968607881,RR
2026-06-30,0.0,RR
2026-06-30,0.0,RR
2026-06-30,12.114894971245642,RR
2026-06-30,5.521783034781678,RR
2026-06-30,4.089424192932281,RR
2026-06-30,0.0,RR
2026-06-30,0.0,RR
2026-06-30,30.46638864620414,RR
2026-06-30,0.0,RR
2026-06-30,18.711475921386164,RR
2026-06-30,4.674198777393708,RR
2026-06-30,0.0,RR
2026-06-30,0.0,RR
2026-06-30,10.338136991827005,RR
2026-06-30,11.995678763879702,RR
2026-06-30,31.696728218245486,RR
2026-06-30,10.514321764370624,RR
2026-06-30,8.667245045265432,RR
2026-06-30,3.4768433138643813,RR
2026-06-30,30.918143092963568,RR
2026-06-30,7.392845947635303,RR
2026-06-30,41.87674110734482,RR
2026-06-30,8.397069891322614,RR
2026-06-30,21.04407454787599,RR
2026-06-30,6.635699228640296,RR
2026-06-30,12.027243446738817,RR
2026-06-30,5.614003557498977,RR
2026-06-30,8.475630133943582,RR
2026-06-30,5.645058528745562,RR
2026-06-30,33.404083625039085,RR
2026-06-30,42.29790609952229,RR
2026-06-30,0.0,RR
2026-06-30,10.600363640526915,RR
2026-06-30,4.069251057781501,RR
2026-06-30,4.66331789565819,RR
2026-06-30,3.7276214532791325,RR
2026-06-30,11.034077026130625,RR
2026-06-30,7.248476134695442,RR
2026-06-30,3.6833261783653213,RR
2026-06-30,3.6025732757607676,RR
2026-06-30,24.34415560630064,RR
2026-06-30,3.8612767340235505,RR
2026-06-30,3.225114842203316,RR
2026-06-30,2.2516666100304734,RR
2026-06-30,4.1575093836121475,RR
2026-06-30,2.1808752381607244,RR
2026-06-30,0.0,RR
2026-06-30,0.0,RR
2026-06-30,0.0,RR
2026-06-30,24.98473548388463,RR
2026-06-30,100.0,RR
2026-06-30,0.0,RR
2026-06-30,0.0,RR
2026-06-30,100.0,RR
2026-06-30,13.2129909470727,RR
2026-06-30,31.609583253715883,RR
2026-06-30,79.19231210802123,RR
2026-06-30,0.0,RR
2026-06-30,0.0,RR
2026-06-30,24.058492542144343,RR
2026-06-30,85.39847042660168,RR
2026-06-30,2.3432087632755296,RR
2026-06-30,61.515906240616104,RR
2026-06-30,0.0,RR
2026-06-30,0.0,RR
2026-06-30,0.0,RR
2026-06-30,0.0,RR
2026-06-30,2.7997193283919835,RR
2026-06-30,0.0,RR
2026-06-30,0.0,RR
2026-06-30,28.46636626200559,RR
2026-06-30,14.51637366753385,RR
2026-06-30,61.766741858740595,RR
2026-06-30,0.0,RR
2026-06-30,49.92732168131701,RR
2026-06-30,0.0,RR
2026-06-30,0.0,RR
2026-06-30,43.64055413949486,RR
2026-06-30,15.243267929347013,RR
2026-06-30,4.882869519248218,RR
2026-06-30,11.038665253735697,RR
2026-06-30,30.74388054338569,RR
2026-06-30,21.93222403621253,RR
2026-06-30,0.0,RR
2026-06-30,0.0,RR
2026-06-30,0.0,RR
2026-06-30,0.0,RR
2026-06-30,0.0,RR
2026-06-30,0.0,RR
2026-06-30,0.0,RR
2026-06-30,0.0,RR
2026-06-30,0.0,RR
2026-06-30,0.0,RS
2026-06-30,0.0,RS
2026-06-30,0.0,RS
2026-06-30,0.0,RS
2026-06-30,7.521928500076201,RS
2026-06-30,7.707692685194985,RS
2026-06-30,0.0,RS
2026-06-30,0.8738825933308609,RS
2026-06-30,0.0,RS
2026-06-30,15.442272539834988,RS
2026-06-30,42.462231949056246,RS
2026-06-30,0.7367691310937858,RS
2026-06-30,0.5777578926445182,RS
2026-06-30,0.0,RS
2026-06-30,7.350757443758738,RS
2026-06-30,100.0,RS
2026-06-30,2.934961996455111,RS
2026-06-30,0.0,RS
2026-06-30,49.62231572422475,RS
2026-06-30,13.977495104830343,RS
2026-06-30,0.0,RS
2026-06-30,0.0,RS
2026-06-30,1.1413564143447967,RS
2026-06-30,18.183869070449546,RS
2026-06-30,4.115010932100762,RS
2026-06-30,0.0,RS
2026-06-30,0.592196588898288,RS
2026-06-30,100.0,RS
2026-06-30,7.7069994893303075,RS
2026-06-30,10.977852483350508,RS
2026-06-30,0.0,RS
2026-06-30,2.777389056748128,RS
2026-06-30,100.0,RS
2026-06-30,9.531916951157566,RS
2026-06-30,0.0,RS
2026-06-30,6.509559700050294,RS
2026-06-30,0.0,RS
2026-06-30,4.411368837646486,RS
2026-06-30,10.224209814031008,RS
2026-06-30,0.0,RS
2026-06-30,5.11735254933398,RS
2026-06-30,15.025712820794515,RS
2026-06-30,31.200322227116477,RS
2026-06-30,0.0,RS
2026-06-30,0.0,RS
2026-06-30,0.0,RS
2026-06-30,2.6819528402005113,RS
2026-06-30,100.0,RS
2026-06-30,33.08935537472794,RS
2026-06-30,0.0,RS
2026-06-30,0.0,RS
2026-06-30,100.0,RS
2026-06-30,4.884110102725724,RS
2026-06-30,0.0,RS
2026-06-30,4.649934254710504,RS
2026-06-30,8.693318993913103,RS
2026-06-30,0.0,RS
2026-06-30,0.0,RS
2026-06-30,27.29322387900062,RS
2026-06-30,0.0,RS
2026-06-30,0.0,RS
2026-06-30,12.49980258728402,RS
2026-06-30,0.9297997455838385,RS
2026-06-30,0.0,RS
2026-06-30,0.0,RS
2026-06-30,0.0,RS
2026-06-30,30.089161436722804,RS
2026-06-30,5.282687844317083,RS
2026-06-30,0.0,RS
2026-06-30,0.0,RS
2026-06-30,0.0,RS
2026-06-30,19.81116153566564,RS
2026-06-30,0.0,RS
2026-06-30,0.0,RS
2026-06-30,2.358258002116732,RS
2026-06-30,16.057101974860025,RS
2026-06-30,0.0,RS
2026-06-30,0.0,RS
2026-06-30,0.0,RS
2026-06-30,15.924030148846807,RS
2026-06-30,3.956151353617942,RS
2026-06-30,0.0,RS
2026-06-30,6.347428649443356,RS
2026-06-30,11.585590608119876,RS
2026-06-30,0.0,RS
2026-06-30,0.0,RS
2026-06-30,0.0,RS
2026-06-30,0.0,RS
2026-06-30,12.722869961918315,RS
2026-06-30,0.0,RS
2026-06-30,0.0,RS
2026-06-30,11.682667688263555,RS
2026-06-30,100.0,RS
2026-06-30,7.85378378150796,RS
2026-06-30,0.0,RS
2026-06-30,0.0,RS
2026-06-30,7.456786198232729,RS
2026-06-30,0.0,RS
2026-06-30,0.0,RS
2026-06-30,6.6230879891285035,RS
2026-06-30,9.975555764024609,RS
2026-06-30,0.0,RS
2026-06-30,0.0,RS
2026-06-30,5.855929649488959,RS
2026-06-30,5.880483913796801,RS
2026-06-30,11.691858139933196,RS
2026-06-30,0.0,RS
2026-06-30,0.0,RS
2026-06-30,1.0917346808852544,RS
2026-06-30,3.6137724558794986,RS
2026-06-30,0.0,RS
2026-06-30,0.0,RS
2026-06-30,4.789937741585506,RS
2026-06-30,0.0,RS
2026-06-30,0.0,RS
2026-06-30,4.322348096286184,RS
2026-06-30,0.0,RS
2026-06-30,0.0,RS
2026-06-30,21.37729107846601,RS
2026-06-30,0.0,RS
2026-06-30,0.0,RS
2026-06-30,100.0,RS
2026-06-30,1.27945069463784,RS
2026-06-30,3.849623410482449,RS
2026-06-30,0.0,RS
2026-06-30,0.0,RS
2026-06-30,0.0,RS
2026-06-30,6.688986621331264,RS
2026-06-30,100.0,RS
2026-06-30,6.26383394519382,RS
2026-06-30,0.0,RS
2026-06-30,60.92691888234525,RS
2026-06-30,15.615679004818167,RS
2026-06-30,0.0,RS
2026-06-30,1.7453994787808644,RS
2026-06-30,10.087934277363468,RS
2026-06-30,0.0,RS
2026-06-30,0.0,RS
2026-06-30,0.0,RS
2026-06-30,0.0,RS
2026-06-30,4.471133111976583,RS
2026-06-30,0.0,RS
2026-06-30,0.0,RS
2026-06-30,0.0,RS
2026-06-30,5.158506681203439,RS
2026-06-30,100.0,RS
2026-06-30,9.97306549730167,RS
2026-06-30,0.0,RS
2026-06-30,0.0,RS
2026-06-30,100.0,RS
2026-06-30,8.900346658037545,RS
2026-06-30,0.0,RS
2026-06-30,0.0,RS
2026-06-30,2.8093751282531385,RS
2026-06-30,100.0,RS
2026-06-30,9.602285744584202,RS
2026-06-30,0.0,RS
2026-06-30,0.0,RS
2026-06-30,100.0,RS
2026-06-30,5.403911402334633,RS
2026-06-30,0.0,RS
2026-06-30,0.0,RS
2026-06-30,0.0,RS
2026-06-30,3.068082138497427,RS
2026-06-30,4.72836343775586,RS
2026-06-30,0.0,RS
2026-06-30,0.0,RS
2026-06-30,4.054766269159483,RS
2026-06-30,9.574325422692034,RS
2026-06-30,27.284978830907068,RS
2026-06-30,0.0,RS
2026-06-30,7.854653300749405,RS
2026-06-30,0.0,RS
2026-06-30,14.062881329417506,RS
2026-06-30,0.0,RS
2026-06-30,0.0,RS
2026-06-30,0.0,RS
2026-06-30,12.879338493713998,RS
2026-06-30,0.0,RS
2026-06-30,0.0,RS
2026-06-30,0.0,RS
2026-06-30,0.0,RS
2026-06-30,0.0,RS
2026-06-30,0.0,RS
2026-06-30,13.173965392638165,RS
2026-06-30,0.0,RS
2026-06-30,10.479865711700986,RS
2026-06-30,0.0,RS
2026-06-30,0.0,RS
2026-06-30,5.1578397249757755,RS
2026-06-30,0.0,RS
2026-06-30,0.0,RS
2026-06-30,0.0,RS
2026-06-30,0.0,RS
2026-06-30,2.055894243681746,RS
2026-06-30,100.0,RS
2026-06-30,9.436674557647613,RS
2026-06-30,0.0,RS
2026-06-30,0.0,RS
2026-06-30,100.0,RS
2026-06-30,0.0,RS
2026-06-30,4.769412761061897,RS
2026-06-30,0.0,RS
2026-06-30,0.0,RS
2026-06-30,4.99337332995983,RS
2026-06-30,13.835014086900271,RS
2026-06-30,0.0,RS
2026-06-30,0.0,RS
2026-06-30,17.005361242789085,RS
2026-06-30,0.0,RS
2026-06-30,76.35905788995898,RS
2026-06-30,0.6352746624742936,RS
2026-06-30,0.0,RS
2026-06-30,2.776513888507204,RS
2026-06-30,0.0,RS
2026-06-30,0.0,RS
2026-06-30,0.0,RS
2026-06-30,0.0,RS
2026-06-30,6.567427069172887,RS
2026-06-30,8.155178644044991,RS
2026-06-30,0.0,RS
2026-06-30,0.0,RS
2026-06-30,70.18185847538814,RS
2026-06-30,13.90357460096662,RS
2026-06-30,0.0,RS
2026-06-30,5.846834061584947,RS
2026-06-30,100.0,RS
2026-06-30,7.016920815779986,RS
2026-06-30,0.0,RS
2026-06-30,0.0,RS
2026-06-30,0.0,RS
2026-06-30,4.0476444311460344,RS
2026-06-30,0.0,RS
2026-06-30,0.0,RS
2026-06-30,4.750098737793401,RS
2026-06-30,5.1898311005210696,RS
2026-06-30,0.0,RS
2026-06-30,0.0,RS
2026-06-30,13.612712958935175,RS
2026-06-30,0.0,RS
2026-06-30,0.0,RS
2026-06-30,0.0,RS
2026-06-30,4.885619668019834,RS
2026-06-30,100.0,RS
2026-06-30,7.212381213678287,RS
2026-06-30,0.0,RS
2026-06-30,0.0,RS
2026-06-30,7.144052167494924,RS
2026-06-30,0.0,RS
2026-06-30,0.0,RS
2026-06-30,5.898657946155474,RS
2026-06-30,100.0,RS
2026-06-30,17.294763958318395,RS
2026-06-30,0.0,RS
2026-06-30,0.0,RS
2026-06-30,0.0,RS
2026-06-30,5.122154430636259,RS
2026-06-30,10.270426883397233,RS
2026-06-30,23.41218395233938,RS
2026-06-30,0.0,RS
2026-06-30,1.4174901653590983,RS
2026-06-30,2.3944916613255685,RS
2026-06-30,0.0,RS
2026-06-30,4.116781093176696,RS
2026-06-30,22.965004685014414,RS
2026-06-30,1.6717248230601773,RS
2026-06-30,5.683960827691984,RS
2026-06-30,0.0,RS
2026-06-30,0.0,RS
2026-06-30,13.971941571947513,RS
2026-06-30,6.601781230821971,RS
2026-06-30,19.801976421639136,RS
2026-06-30,0.0,RS
2026-06-30,1.3358671693673785,RS
2026-06-30,5.259114397870357,RS
2026-06-30,0.0,RS
2026-06-30,0.0,RS
2026-06-30,7.2953547068299525,RS
2026-06-30,10.728451810870686,RS
2026-06-30,0.0,RS
2026-06-30,13.796264099258254,RS
2026-06-30,0.0,RS
2026-06-30,2.3131902207812867,RS
2026-06-30,9.991509716553308,RS
2026-06-30,7.7019085117131025,RS
2026-06-30,0.0,RS
2026-06-30,100.0,RS
2026-06-30,13.752481834714919,RS
2026-06-30,0.0,RS
2026-06-30,0.0,RS
2026-06-30,6.261694543197331,RS
2026-06-30,9.27343759109074,RS
2026-06-30,0.0,RS
2026-06-30,0.0,RS
2026-06-30,0.0,RS
2026-06-30,8.704054775207066,RS
2026-06-30,24.008106145395402,RS
2026-06-30,0.0,RS
2026-06-30,0.0,RS
2026-06-30,6.563038799278223,RS
2026-06-30,0.0,RS
2026-06-30,3.385626442818045,RS
2026-06-30,100.0,RS
2026-06-30,1.605983843296428,RS
2026-06-30,0.0,RS
2026-06-30,29.991284757102836,RS
2026-06-30,0.0,RS
2026-06-30,50.156412317992505,RS
2026-06-30,1.3283585146216814,RS
2026-06-30,7.283952239350683,RS
2026-06-30,0.0,RS
2026-06-30,0.0,RS
2026-06-30,0.0,RS
2026-06-30,3.9732298127553958,RS
2026-06-30,7.345621338810755,RS
2026-06-30,0.0,RS
2026-06-30,0.0,RS
2026-06-30,0.0,RS
2026-06-30,18.106669674247623,RS
2026-06-30,0.0,RS
2026-06-30,0.0,RS
2026-06-30,2.582227515358763,RS
2026-06-30,100.0,RS
2026-06-30,2.991796309864972,RS
2026-06-30,0.0,RS
2026-06-30,0.0,RS
2026-06-30,6.4821912111222835,RS
2026-06-30,0.0,RS
2026-06-30,0.0,RS
2026-06-30,6.490359149820195,RS
2026-06-30,100.0,RS
2026-06-30,8.249350086747372,RS
2026-06-30,0.0,RS
2026-06-30,0.0,RS
2026-06-30,0.0,RS
2026-06-30,76.6348343335102,RS
2026-06-30,11.432993419098231,RS
2026-06-30,0.0,RS
2026-06-30,0.0,RS
2026-06-30,0.0,RS
2026-06-30,3.2411128858525777,RS
2026-06-30,100.0,RS
2026-06-30,7.476309549835141,RS
2026-06-30,0.0,RS
2026-06-30,0.0,RS
2026-06-30,100.0,RS
2026-06-30,8.357814093586702,RS
2026-06-30,0.0,RS
2026-06-30,0.0,RS
2026-06-30,2.1176346304924487,RS
2026-06-30,100.0,RS
2026-06-30,3.865696059516556,RS
2026-06-30,0.0,RS
2026-06-30,0.0,RS
2026-06-30,6.660421081865967,RS
2026-06-30,20.045477601934873,RS
2026-06-30,13.82547684738524,RS
2026-06-30,0.0,RS
2026-06-30,9.288798305145672,RS
2026-06-30,9.099521646422163,RS
2026-06-30,1.3790345218750348,RS
2026-06-30,13.539699253476162,RS
2026-06-30,18.505495849668364,RS
2026-06-30,10.805302940817704,RS
2026-06-30,0.0,RS
2026-06-30,83.81096087889804,RS
2026-06-30,1.0619414001864254,RS
2026-06-30,2.160264376355231,RS
2026-06-30,0.0,RS
2026-06-30,0.0,RS
2026-06-30,100.0,RS
2026-06-30,9.881428621544442,RS
2026-06-30,100.0,RS
2026-06-30,13.638969670166723,RS
2026-06-30,0.0,RS
2026-06-30,0.0,RS
2026-06-30,6.591041279014634,RS
2026-06-30,100.0,RS
2026-06-30,1.1773009228447755,RS
2026-06-30,0.0,RS
2026-06-30,2.3118070829154336,RS
2026-06-30,3.6106222489013544,RS
2026-06-30,100.0,RS
2026-06-30,12.21851548751602,RS
2026-06-30,8.406418223943565,RS
2026-06-30,0.0,RS
2026-06-30,4.517242134802381,RS
2026-06-30,5.699548828411154,RS
2026-06-30,0.0,RS
2026-06-30,22.763538692864046,RS
2026-06-30,4.976568152959458,RS
2026-06-30,0.0,RS
2026-06-30,0.0,RS
2026-06-30,3.7223825067949807,RS
2026-06-30,100.0,RS
2026-06-30,10.77467952134844,RS
2026-06-30,0.0,RS
2026-06-30,0.0,RS
2026-06-30,3.3406457124284348,RS
2026-06-30,10.359553161328236,RS
2026-06-30,11.059935194542353,RS
2026-06-30,0.0,RS
2026-06-30,1.300932017117582,RS
2026-06-30,3.8978893054065655,RS
2026-06-30,16.067589304643658,RS
2026-06-30,0.9293656304893338,RS
2026-06-30,3.801009780762331,RS
2026-06-30,0.0,RS
2026-06-30,0.16877077754815462,RS
2026-06-30,0.0,RS
2026-06-30,4.198892357760611,RS
2026-06-30,21.37023885586725,RS
2026-06-30,0.0,RS
2026-06-30,12.599984044730059,RS
2026-06-30,2.8243057915725824,RS
2026-06-30,1.3873141074440714,RS
2026-06-30,0.0,RS
2026-06-30,0.7701717666236613,RS
2026-06-30,0.0,RS
2026-06-30,0.93053295246099,RS
2026-06-30,0.0,RS
2026-06-30,2.2506342127399375,RS
2026-06-30,1.5336689257116547,RS
2026-06-30,1.2474489075501127,RS
2026-06-30,0.0,RS
2026-06-30,3.842352910778487,RS
2026-06-30,3.174238820657843,RS
2026-06-30,0.0,RS
2026-06-30,1.3157611963815663,RS
2026-06-30,2.6520934319038045,RS
2026-06-30,1.4294382290795837,RS
2026-06-30,2.163149101497498,RS
2026-06-30,0.0,RS
2026-06-30,11.008384147791562,RS
2026-06-30,0.0,RS
2026-06-30,3.480542551427069,RS
2026-06-30,22.88931183098549,RS
2026-06-30,10.623122346845543,RS
2026-06-30,0.0,RS
2026-06-30,0.0,RS
2026-06-30,0.0,RS
2026-06-30,7.524973506599106,RS
2026-06-30,0.0,RS
2026-06-30,7.641901733089863,RS
2026-06-30,100.0,RS
2026-06-30,8.900758882319797,RS
2026-06-30,2.2900840639897675,RS
2026-06-30,4.614259320104632,RS
2026-06-30,15.578629327749752,RS
2026-06-30,0.0,RS
2026-06-30,4.054871599107704,RS
2026-06-30,0.0,RS
2026-06-30,0.0,RS
2026-06-30,0.0,RS
2026-06-30,3.3243484137278463,RS
2026-06-30,10.588737927025848,RS
2026-06-30,0.0,RS
2026-06-30,4.431924160430424,RS
2026-06-30,37.50291045904623,RS
2026-06-30,4.764852496737011,RS
2026-06-30,0.0,RS
2026-06-30,1.4606378666153426,RS
2026-06-30,0.0,RS
2026-06-30,3.8320123218424533,RS
2026-06-30,2.630794133818966,RS
2026-06-30,2.8464672082981575,RS
2026-06-30,0.0,RS
2026-06-30,4.005957725737008,RS
2026-06-30,5.475277070943978,RS
2026-06-30,0.0,RS
2026-06-30,4.64161069986336,RS
2026-06-30,0.0,RS
2026-06-30,2.0371753544758153,RS
2026-06-30,0.0,RS
2026-06-30,3.9604747167893346,RS
2026-06-30,1.8984492371918027,RS
2026-06-30,2.7522965968799875,RS
2026-06-30,0.0,RS
2026-06-30,1.3590174849900807,RS
2026-06-30,0.0,RS
2026-06-30,4.018925579967789,RS
2026-06-30,1.8952854817054328,RS
2026-06-30,2.6678506883179387,RS
2026-06-30,0.8450240133032719,RS
2026-06-30,5.985454802105437,RS
2026-06-30,0.0,RS
2026-06-30,1.1140486282622137,RS
2026-06-30,0.0,RS
2026-06-30,2.8966218506205523,RS
2026-06-30,13.203284308829344,RS
2026-06-30,0.0,RS
2026-06-30,4.193810441124695,RS
2026-06-30,1.6716004901564305,RS
2026-06-30,2.2137566404298155,RS
2026-06-30,0.0,RS
2026-06-30,2.6529005517742914,RS
2026-06-30,20.8612877617274,RS
2026-06-30,5.238761130126194,RS
2026-06-30,3.4277582608893464,RS
2026-06-30,4.556317489106825,RS
2026-06-30,0.0,RS
2026-06-30,2.172849410406911,RS
2026-06-30,2.2904304511798705,RS
2026-06-30,4.002256857469208,RS
2026-06-30,0.0,RS
2026-06-30,1.1902451395926197,RS
2026-06-30,4.145559444210734,RS
2026-06-30,0.0,RS
2026-06-30,9.736263694165883,RS
2026-06-30,0.0,RS
2026-06-30,3.712559874364421,RS
2026-06-30,0.0,RS
2026-06-30,0.5836653435213099,RS
2026-06-30,2.3388490350386486,RS
2026-06-30,0.0,RS
2026-06-30,3.8290495013093784,RS
2026-06-30,0.0,RS
2026-06-30,3.4785985646819153,RS
2026-06-30,5.132381894524127,RS
2026-06-30,2.4431939233938778,RS
2026-06-30,0.0,RS
2026-06-30,3.9256672124763985,RS
2026-06-30,0.0,RS
2026-06-30,2.6024796449995344,RS
2026-06-30,3.9157246953411606,RS
2026-06-30,1.7567134911524271,RS
2026-06-30,1.5576797952872752,RS
2026-06-30,0.0,RS
2026-06-30,1.8987275093154703,RS
2026-06-30,1.7998309670704422,RS
2026-06-30,2.0442369057531824,RS
2026-06-30,0.7446023304957391,RS
2026-06-30,0.0,RS
2026-06-30,1.482217541634582,RS
2026-06-30,0.0,RS
2026-06-30,2.7831595670823472,RS
2026-06-30,0.0,RS
2026-06-30,0.0,RS
2026-06-30,0.0,RS
2026-06-30,0.0,RS
2026-06-30,20.329885819183524,RS
2026-06-30,0.0,RS
2026-06-30,0.0,RS
2026-06-30,0.0,RS
2026-06-30,0.0,RS
2026-06-30,0.0,RS
2026-06-30,0.0,RS
2026-06-30,0.0,RS
2026-06-30,0.0,RS
2026-06-30,0.0,RS
2026-06-30,0.0,RS
2026-06-30,0.0,RS
2026-06-30,0.0,RS
2026-06-30,0.0,RS
2026-06-30,0.0,RS
2026-06-30,0.0,RS
2026-06-30,0.0,RS
2026-06-30,0.0,RS
2026-06-30,0.0,RS
2026-06-30,0.0,RS
2026-06-30,1.5601252369257061,RS
2026-06-30,0.0,RS
2026-06-30,2.151095020915779,RS
2026-06-30,6.965744515044059,RS
2026-06-30,1.8258965081811924,RS
2026-06-30,5.848161857699356,RS
2026-06-30,3.1775397836099963,RS
2026-06-30,9.958359775463425,RS
2026-06-30,5.330125068420287,RS
2026-06-30,17.472858637667812,RS
2026-06-30,24.021288277293362,RS
2026-06-30,12.391055860904295,RS
2026-06-30,12.77199243100639,RS
2026-06-30,4.182813703140011,RS
2026-06-30,0.0,RS
2026-06-30,5.71968337448202,RS
2026-06-30,0.0,RS
2026-06-30,3.9558241181160274,RS
2026-06-30,0.0,RS
2026-06-30,2.8459753261890532,RS
2026-06-30,0.0,RS
2026-06-30,4.143976329309072,RS
2026-06-30,0.0,RS
2026-06-30,1.3565855072159083,RS
2026-06-30,3.4883505205709433,RS
2026-06-30,0.0,RS
2026-06-30,3.353945605861002,RS
2026-06-30,3.184241665726687,RS
2026-06-30,5.094394871134726,RS
2026-06-30,0.0,RS
2026-06-30,0.0,RS
2026-06-30,5.870015700897567,RS
2026-06-30,0.0,RS
2026-06-30,6.466593167859626,RS
2026-06-30,0.0,RS
2026-06-30,3.5822335030804258,RS
2026-06-30,2.279496511316872,RS
2026-06-30,3.095943916097591,RS
2026-06-30,0.0,RS
2026-06-30,3.84287125157397,RS
2026-06-30,0.0,RS
2026-06-30,3.831260199187478,RS
2026-06-30,12.48169629454413,RS
2026-06-30,4.5030099282133005,RS
2026-06-30,1.5873619219966562,RS
2026-06-30,5.488653599774458,RS
2026-06-30,3.4859823416801357,RS
2026-06-30,5.405633603536735,RS
2026-06-30,0.0,RS
2026-06-30,27.93278482030391,RS
2026-06-30,0.0,RS
2026-06-30,0.0,RS
2026-06-30,3.2170175095799123,RS
2026-06-30,0.46627233918033045,RS
2026-06-30,2.8658656063328998,RS
2026-06-30,3.5299499829376906,RS
2026-06-30,50.00871994974256,RS
2026-06-30,2.293538352792412,RS
2026-06-30,8.50973700077783,RS
2026-06-30,0.0,RS
2026-06-30,4.420230866450502,RS
2026-06-30,35.820316539148,RS
2026-06-30,8.271663240686353,RS
2026-06-30,0.0,RS
2026-06-30,0.0,RS
2026-06-30,6.613128270885252,RS
2026-06-30,0.0,RS
2026-06-30,7.39737871184486,RS
2026-06-30,8.032506455080576,RS
2026-06-30,5.92238568618405,RS
2026-06-30,15.852558032263259,RS
2026-06-30,4.680424900459587,RS
2026-06-30,4.4815779191212695,RS
2026-06-30,4.921128227046177,RS
2026-06-30,0.0,RS
2026-06-30,4.160542847245301,RS
2026-06-30,2.2119343117569636,RS
2026-06-30,0.0,RS
2026-06-30,8.501796437933494,RS
2026-06-30,0.39086516359850504,RS
2026-06-30,5.522167406392043,RS
2026-06-30,0.0,RS
2026-06-30,0.0,RS
2026-06-30,0.0,RS
2026-06-30,6.7805242209285685,RS
2026-06-30,0.0,RS
2026-06-30,6.45989882212745,RS
2026-06-30,0.0,RS
2026-06-30,5.084299897143827,RS
2026-06-30,3.3380388420397,RS
2026-06-30,2.606914661110667,RS
2026-06-30,2.828104155626019,RS
2026-06-30,0.0,RS
2026-06-30,3.9203005993847304,RS
2026-06-30,7.184187817247345,RS
2026-06-30,3.3212768151123924,RS
2026-06-30,1.1136256317760547,RS
2026-06-30,1.0923332305225812,RS
2026-06-30,0.0,RS
2026-06-30,6.913612318027969,RS
2026-06-30,0.0,RS
2026-06-30,3.653029401980075,RS
2026-06-30,0.0,RS
2026-06-30,4.8313485476835485,RS
2026-06-30,5.928957731550468,RS
2026-06-30,4.612940685479887,RS
2026-06-30,0.0,RS
2026-06-30,1.8133319381457944,RS
2026-06-30,0.0,RS
2026-06-30,3.117507588325131,RS
2026-06-30,10.67074959834148,RS
2026-06-30,3.4496908898386414,RS
2026-06-30,5.152501759248587,RS
2026-06-30,0.0,RS
2026-06-30,4.5873299945328245,RS
2026-06-30,1.9369020013213987,RS
2026-06-30,3.718896977689795,RS
2026-06-30,4.645209581672444,RS
2026-06-30,0.0,RS
2026-06-30,3.8401341531186706,RS
2026-06-30,3.259784561252182,RS
2026-06-30,3.0419498370048412,RS
2026-06-30,2.1204897664871836,RS
2026-06-30,0.0,RS
2026-06-30,6.542201638266924,RS
2026-06-30,4.583372747053,RS
2026-06-30,3.7197760316837427,RS
2026-06-30,0.41933668013163566,RS
2026-06-30,0.0,RS
2026-06-30,3.1930495252846267,RS
2026-06-30,0.0,RS
2026-06-30,2.071944051213624,RS
2026-06-30,0.0,RS
2026-06-30,0.2770774180303166,RS
2026-06-30,0.0,RS
2026-06-30,2.082578279864395,RS
2026-06-30,7.807863229033392,RS
2026-06-30,2.75409014773113,RS
2026-06-30,22.918704663877683,RS
2026-06-30,0.9929463234327569,RS
2026-06-30,3.351613821935188,RS
2026-06-30,0.0,RS
2026-06-30,1.4738961590748267,RS
2026-06-30,0.0,RS
2026-06-30,0.0,RS
2026-06-30,2.838751239053128,RS
2026-06-30,3.1131845309524246,RS
2026-06-30,0.0,RS
2026-06-30,1.5921492088531348,RS
2026-06-30,0.0,RS
2026-06-30,0.39156385356308887,RS
2026-06-30,0.0,RS
2026-06-30,2.406462352858314,RS
2026-06-30,0.0,RS
2026-06-30,1.0649890671101259,RS
2026-06-30,6.2120202422647814,RS
2026-06-30,0.0,RS
2026-06-30,3.078200438026642,RS
2026-06-30,4.115421476815773,RS
2026-06-30,2.183845051151697,RS
2026-06-30,2.354715261194628,RS
2026-06-30,0.0,RS
2026-06-30,1.6208431140219173,RS
2026-06-30,3.0436805854445956,RS
2026-06-30,1.8604119436421616,RS
2026-06-30,1.3327221484309184,RS
2026-06-30,0.0,RS
2026-06-30,1.8448463165881797,RS
2026-06-30,0.012657791799224053,RS
2026-06-30,2.01145747491242,RS
2026-06-30,0.47538212493546483,RS
2026-06-30,2.3064504462076565,RS
2026-06-30,0.0,RS
2026-06-30,0.2605106920275602,RS
2026-06-30,5.151552387452474,RS
2026-06-30,1.5275604247589394,RS
2026-06-30,10.605954775944532,RS
2026-06-30,6.46176647907062,RS
2026-06-30,2.068383126469591,RS
2026-06-30,4.866082364674234,RS
2026-06-30,10.53438671711953,RS
2026-06-30,8.572620524256417,RS
2026-06-30,4.49165642573963,RS
2026-06-30,2.8671842395507934,RS
2026-06-30,11.89243565937557,RS
2026-06-30,8.921220593645257,RS
2026-06-30,11.231716633789802,RS
2026-06-30,5.065079734517923,RS
2026-06-30,11.375854490459636,RS
2026-06-30,3.4666141537939463,RS
2026-06-30,9.366667227368689,RS
2026-06-30,0.0,RS
2026-06-30,2.662022849120709,RS
2026-06-30,6.53967219302974,RS
2026-06-30,23.4851247506988,RS
2026-06-30,4.825130046744248,RS
2026-06-30,4.171662729171128,RS
2026-06-30,3.0727880278400304,RS
2026-06-30,20.852786370236974,RS
2026-06-30,8.099687306761995,RS
2026-06-30,4.313536259966278,RS
2026-06-30,5.007478231695838,RS
2026-06-30,18.572450263431662,RS
2026-06-30,9.6992983546248,RS
2026-06-30,19.35366518075331,RS
2026-06-30,9.513503810294303,RS
2026-06-30,19.510439079346785,RS
2026-06-30,5.437509907251072,RS
2026-06-30,16.91575326968171,RS
2026-06-30,10.0600298171503,RS
2026-06-30,5.55455359762772,RS
2026-06-30,18.07623414740312,RS
2026-06-30,4.59628328800179,RS
2026-06-30,3.765304268167742,RS
2026-06-30,2.8783464420135854,RS
2026-06-30,18.895734629774687,RS
2026-06-30,7.788322708310676,RS
2026-06-30,7.855791892390053,RS
2026-06-30,4.5113108921470255,RS
2026-06-30,16.69704326090301,RS
2026-06-30,7.11976929867739,RS
2026-06-30,15.030349514802,RS
2026-06-30,5.787959284440479,RS
2026-06-30,10.53421036990495,RS
2026-06-30,4.0001636565592555,RS
2026-06-30,16.270615862712106,RS
2026-06-30,0.0,RS
2026-06-30,0.0,RS
2026-06-30,0.0,RS
2026-06-30,12.007890656755773,RS
2026-06-30,6.033959662553242,RS
2026-06-30,0.0,RS
2026-06-30,4.281450616381897,RS
2026-06-30,15.547723668784716,RS
2026-06-30,10.956125002884075,RS
2026-06-30,0.0,RS
2026-06-30,0.0,RS
2026-06-30,12.624836499888472,RS
2026-06-30,10.780361239703817,RS
2026-06-30,23.636244925370004,RS
2026-06-30,18.855007544637235,RS
2026-06-30,0.0,RS
2026-06-30,11.182944580833794,RS
2026-06-30,13.594773257532534,RS
2026-06-30,6.0277633245118105,RS
2026-06-30,5.441160895848415,RS
2026-06-30,15.72000239673748,RS
2026-06-30,5.259173335796803,RS
2026-06-30,5.324561500086464,RS
2026-06-30,1.6234809516784294,RS
2026-06-30,16.842633378527193,RS
2026-06-30,7.994277987963587,RS
2026-06-30,4.4861303760128965,RS
2026-06-30,3.8019279971464384,RS
2026-06-30,15.86176054969653,RS
2026-06-30,7.978183287779431,RS
2026-06-30,15.00462968827741,RS
2026-06-30,7.779720981332154,RS
2026-06-30,15.182263173770528,RS
2026-06-30,4.1808189526841355,RS
2026-06-30,12.982068017254408,RS
2026-06-30,13.419856409511455,RS
2026-06-30,5.728802891046858,RS
2026-06-30,21.8085126034049,RS
2026-06-30,4.739191331240419,RS
2026-06-30,5.011780140141662,RS
2026-06-30,4.272332480008738,RS
2026-06-30,21.222845529108376,RS
2026-06-30,9.9088734296204,RS
2026-06-30,20.445291302716743,RS
2026-06-30,5.9205581672477,RS
2026-06-30,22.850137403432296,RS
2026-06-30,7.918548603901768,RS
2026-06-30,20.88319818252737,RS
2026-06-30,8.982934684154133,RS
2026-06-30,14.492272321693092,RS
2026-06-30,5.354072773523717,RS
2026-06-30,19.630942634212794,RS
2026-06-30,0.0,RS
2026-06-30,15.106266241197172,RS
2026-06-30,8.074346262450282,RS
2026-06-30,21.90793654206085,RS
2026-06-30,10.186227236688064,RS
2026-06-30,4.518712420203862,RS
2026-06-30,6.645804944492611,RS
2026-06-30,20.114298145817756,RS
2026-06-30,11.056087669737327,RS
2026-06-30,9.533820420651876,RS
2026-06-30,6.887128678765245,RS
2026-06-30,17.10340576731047,RS
2026-06-30,10.888484670563903,RS
2026-06-30,20.515987128758365,RS
2026-06-30,9.936888894669229,RS
2026-06-30,17.30861304038178,RS
2026-06-30,7.624645698942982,RS
2026-06-30,14.322532685553169,RS
2026-06-30,100.0,RS
2026-06-30,6.134866146712883,RS
2026-06-30,2.1853796983269866,RS
2026-06-30,12.521904871222942,RS
2026-06-30,3.2263138206982136,RS
2026-06-30,4.763653035807201,RS
2026-06-30,1.9079356368219094,RS
2026-06-30,13.249153279826794,RS
2026-06-30,6.506054568271674,RS
2026-06-30,5.443586078860502,RS
2026-06-30,2.057633975221098,RS
2026-06-30,15.045417974001598,RS
2026-06-30,7.2582327463454135,RS
2026-06-30,13.29130988653855,RS
2026-06-30,4.754622435331483,RS
2026-06-30,11.02346709707058,RS
2026-06-30,2.752885833825709,RS
2026-06-30,12.660291979013785,RS
2026-06-30,26.94166809402424,RS
2026-06-30,5.912126318087932,RS
2026-06-30,43.274704182984486,RS
2026-06-30,4.607868855624991,RS
2026-06-30,0.0,RS
2026-06-30,26.95325389158455,RS
2026-06-30,14.494096553175186,RS
2026-06-30,0.0,RS
2026-06-30,56.25864319005211,RS
2026-06-30,17.48566709084754,RS
2026-06-30,100.0,RS
2026-06-30,13.763407386834437,RS
2026-06-30,90.18531552860455,RS
2026-06-30,0.0,RS
2026-06-30,4.0441421423969235,RS
2026-06-30,0.0,RS
2026-06-30,51.63538664840264,RS
2026-06-30,23.66456402213345,RS
2026-06-30,0.0,RS
2026-06-30,23.169437419146558,RS
2026-06-30,0.0,RS
2026-06-30,10.632427843803056,RS
2026-06-30,0.0,RS
2026-06-30,0.0,RS
2026-06-30,36.18963419153173,RS
2026-06-30,7.182103156269457,RS
2026-06-30,0.0,RS
2026-06-30,4.26968450134074,RS
2026-06-30,0.0,RS
2026-06-30,15.887959896654335,RS
2026-06-30,10.831234444794301,RS
2026-06-30,0.0,RS
2026-06-30,11.878253649536132,RS
2026-06-30,0.0,RS
2026-06-30,100.0,RS
2026-06-30,28.033020666353508,RS
2026-06-30,2.1420350361853213,RS
2026-06-30,0.0,RS
2026-06-30,54.159538246028774,RS
2026-06-30,14.70785186999535,RS
2026-06-30,0.0,RS
2026-06-30,7.335775397505693,RS
2026-06-30,0.0,RS
2026-06-30,0.0,RS
2026-06-30,10.524557187786927,RS
2026-06-30,0.0,RS
2026-06-30,32.309089741150224,RS
2026-06-30,0.0,RS
2026-06-30,0.0,RS
2026-06-30,20.778118196797475,RS
2026-06-30,0.0,RS
2026-06-30,29.14383172145002,RS
2026-06-30,0.0,RS
2026-06-30,14.258175044878973,RS
2026-06-30,0.0,RS
2026-06-30,100.0,RS
2026-06-30,49.789457329883604,RS
2026-06-30,35.05877289119926,RS
2026-06-30,32.51227323300063,RS
2026-06-30,0.0,RS
2026-06-30,0.0,RS
2026-06-30,3.5201972985663708,RS
2026-06-30,0.0,RS
2026-06-30,13.613142042468848,RS
2026-06-30,12.686966212400613,RS
2026-06-30,17.92837328978249,RS
2026-06-30,31.57541112005719,RS
2026-06-30,0.0,RS
2026-06-30,0.0,RS
2026-06-30,0.0,RS
2026-06-30,0.0,RS
2026-06-30,0.0,RS
2026-06-30,0.0,RS
2026-06-30,0.0,RS
2026-06-30,0.0,RS
2026-06-30,0.0,RS
2026-06-30,0.0,RS
2026-06-30,0.0,RS
2026-06-30,0.0,RS
2026-06-30,0.0,RS
2026-06-30,0.0,RS
2026-06-30,0.0,RS
2026-06-30,0.0,RS
2026-06-30,0.0,RS
2026-06-30,0.0,RS
2026-06-30,0.0,RS
2026-06-30,0.0,SC
2026-06-30,100.0,SC
2026-06-30,0.0,SC
2026-06-30,0.7169828625816337,SC
2026-06-30,4.698977354694816,SC
2026-06-30,5.910431954103544,SC
2026-06-30,3.298262002801283,SC
2026-06-30,0.0,SC
2026-06-30,10.856163360087153,SC
2026-06-30,74.86568482662695,SC
2026-06-30,2.644639695750285,SC
2026-06-30,0.0,SC
2026-06-30,0.0,SC
2026-06-30,6.708034622900824,SC
2026-06-30,0.0,SC
2026-06-30,9.668943790703608,SC
2026-06-30,0.0,SC
2026-06-30,16.44216165631344,SC
2026-06-30,2.970914937777746,SC
2026-06-30,0.0,SC
2026-06-30,2.654315941026491,SC
2026-06-30,8.289003351231935,SC
2026-06-30,0.0,SC
2026-06-30,0.0,SC
2026-06-30,0.0,SC
2026-06-30,3.6478193879883305,SC
2026-06-30,0.0,SC
2026-06-30,5.295479283733326,SC
2026-06-30,0.0,SC
2026-06-30,0.0,SC
2026-06-30,0.0,SC
2026-06-30,11.248196377068579,SC
2026-06-30,0.0,SC
2026-06-30,4.293307720158526,SC
2026-06-30,1.8158277234790916,SC
2026-06-30,17.875560672429064,SC
2026-06-30,10.563784404879424,SC
2026-06-30,0.0,SC
2026-06-30,1.17944240254677,SC
2026-06-30,2.466912368391629,SC
2026-06-30,0.0,SC
2026-06-30,0.0,SC
2026-06-30,0.0,SC
2026-06-30,2.2505061739915613,SC
2026-06-30,0.0,SC
2026-06-30,0.5201336407549254,SC
2026-06-30,19.15920326799134,SC
2026-06-30,0.0,SC
2026-06-30,4.6383382015772066,SC
2026-06-30,0.0,SC
2026-06-30,3.1922100370995534,SC
2026-06-30,0.0,SC
2026-06-30,0.0,SC
2026-06-30,0.0,SC
2026-06-30,0.0,SC
2026-06-30,1.7239463912043402,SC
2026-06-30,7.903344747533361,SC
2026-06-30,17.66285564150526,SC
2026-06-30,0.0,SC
2026-06-30,12.64430070262303,SC
2026-06-30,0.0,SC
2026-06-30,0.0,SC
2026-06-30,7.817356645252306,SC
2026-06-30,0.0,SC
2026-06-30,0.0,SC
2026-06-30,4.598616765203463,SC
2026-06-30,0.0,SC
2026-06-30,0.0,SC
2026-06-30,5.708554405554458,SC
2026-06-30,0.0,SC
2026-06-30,100.0,SC
2026-06-30,11.35923726558432,SC
2026-06-30,0.0,SC
2026-06-30,0.0,SC
2026-06-30,0.0,SC
2026-06-30,13.960459174304471,SC
2026-06-30,0.0,SC
2026-06-30,0.0,SC
2026-06-30,7.001271129702946,SC
2026-06-30,0.0,SC
2026-06-30,8.593356236337097,SC
2026-06-30,0.0,SC
2026-06-30,0.0,SC
2026-06-30,16.61760392307199,SC
2026-06-30,0.0,SC
2026-06-30,0.0,SC
2026-06-30,5.2237244670762255,SC
2026-06-30,13.443830292914132,SC
2026-06-30,0.0,SC
2026-06-30,55.653119948922914,SC
2026-06-30,0.0,SC
2026-06-30,0.0,SC
2026-06-30,0.0,SC
2026-06-30,9.840790344047692,SC
2026-06-30,0.0,SC
2026-06-30,0.0,SC
2026-06-30,0.0,SC
2026-06-30,5.463635117033513,SC
2026-06-30,0.0,SC
2026-06-30,0.0,SC
2026-06-30,5.97062071692781,SC
2026-06-30,7.298140012396378,SC
2026-06-30,0.0,SC
2026-06-30,19.441363855470357,SC
2026-06-30,0.0,SC
2026-06-30,0.0,SC
2026-06-30,31.542448755378967,SC
2026-06-30,3.968408552783736,SC
2026-06-30,0.0,SC
2026-06-30,0.0,SC
2026-06-30,0.0,SC
2026-06-30,0.0,SC
2026-06-30,17.904301377206018,SC
2026-06-30,9.118143291329593,SC
2026-06-30,0.0,SC
2026-06-30,0.0,SC
2026-06-30,0.0,SC
2026-06-30,20.847957532077345,SC
2026-06-30,13.883579062764692,SC
2026-06-30,0.0,SC
2026-06-30,0.0,SC
2026-06-30,0.0,SC
2026-06-30,0.0,SC
2026-06-30,2.7476918609551984,SC
2026-06-30,0.0,SC
2026-06-30,3.767000558743927,SC
2026-06-30,0.0,SC
2026-06-30,0.0,SC
2026-06-30,0.0,SC
2026-06-30,0.1828319417805656,SC
2026-06-30,7.161283474310237,SC
2026-06-30,0.0,SC
2026-06-30,0.0,SC
2026-06-30,0.0,SC
2026-06-30,8.012357772924082,SC
2026-06-30,0.0,SC
2026-06-30,0.0,SC
2026-06-30,0.0,SC
2026-06-30,0.0,SC
2026-06-30,4.105413439575238,SC
2026-06-30,0.0,SC
2026-06-30,0.0,SC
2026-06-30,0.0,SC
2026-06-30,100.0,SC
2026-06-30,4.877371310613487,SC
2026-06-30,0.0,SC
2026-06-30,0.0,SC
2026-06-30,0.0,SC
2026-06-30,4.09560862423372,SC
2026-06-30,100.0,SC
2026-06-30,4.018280233850966,SC
2026-06-30,0.0,SC
2026-06-30,0.0,SC
2026-06-30,4.08107751601891,SC
2026-06-30,0.0,SC
2026-06-30,1.9584298301776544,SC
2026-06-30,26.608832327129505,SC
2026-06-30,0.0,SC
2026-06-30,0.0,SC
2026-06-30,17.25763435780855,SC
2026-06-30,29.77982611602877,SC
2026-06-30,0.0,SC
2026-06-30,0.0,SC
2026-06-30,14.038825648849205,SC
2026-06-30,0.0,SC
2026-06-30,0.0,SC
2026-06-30,0.0,SC
2026-06-30,4.122785526587185,SC
2026-06-30,6.735748639667094,SC
2026-06-30,3.5813519395919533,SC
2026-06-30,0.0,SC
2026-06-30,1.4068188382619524,SC
2026-06-30,0.0,SC
2026-06-30,0.0,SC
2026-06-30,0.0,SC
2026-06-30,0.0,SC
2026-06-30,7.895156352360061,SC
2026-06-30,0.0,SC
2026-06-30,0.3770158405894812,SC
2026-06-30,0.0,SC
2026-06-30,3.1471071583670684,SC
2026-06-30,0.0,SC
2026-06-30,0.0,SC
2026-06-30,0.0,SC
2026-06-30,0.0,SC
2026-06-30,0.0,SC
2026-06-30,8.49236257048402,SC
2026-06-30,0.0,SC
2026-06-30,0.0,SC
2026-06-30,6.450807163261568,SC
2026-06-30,2.7246241586569666,SC
2026-06-30,0.0,SC
2026-06-30,0.0,SC
2026-06-30,0.0,SC
2026-06-30,1.817788733696411,SC
2026-06-30,16.962059259674128,SC
2026-06-30,0.0,SC
2026-06-30,0.0,SC
2026-06-30,0.0,SC
2026-06-30,12.777851818134486,SC
2026-06-30,0.0,SC
2026-06-30,0.0,SC
2026-06-30,0.0,SC
2026-06-30,2.434603286095025,SC
2026-06-30,2.784692017083668,SC
2026-06-30,0.0,SC
2026-06-30,0.0,SC
2026-06-30,3.8365685504893645,SC
2026-06-30,10.344882682628107,SC
2026-06-30,0.0,SC
2026-06-30,0.0,SC
2026-06-30,5.909409776557384,SC
2026-06-30,0.0,SC
2026-06-30,11.931435761517726,SC
2026-06-30,0.0,SC
2026-06-30,0.0,SC
2026-06-30,0.0,SC
2026-06-30,100.0,SC
2026-06-30,2.568525731956917,SC
2026-06-30,0.0,SC
2026-06-30,6.588582464346312,SC
2026-06-30,0.0,SC
2026-06-30,0.0,SC
2026-06-30,1.580544524381161,SC
2026-06-30,5.85809171892656,SC
2026-06-30,0.0,SC
2026-06-30,0.0,SC
2026-06-30,0.0,SC
2026-06-30,5.021793641787561,SC
2026-06-30,5.471900503914688,SC
2026-06-30,44.151427508059754,SC
2026-06-30,14.342625913090659,SC
2026-06-30,2.2018718090374856,SC
2026-06-30,0.0,SC
2026-06-30,0.0,SC
2026-06-30,17.135379559472202,SC
2026-06-30,0.0,SC
2026-06-30,4.984296132428124,SC
2026-06-30,0.0,SC
2026-06-30,0.0,SC
2026-06-30,0.0,SC
2026-06-30,0.0,SC
2026-06-30,2.7489308296571178,SC
2026-06-30,14.170429747782235,SC
2026-06-30,0.0,SC
2026-06-30,0.0,SC
2026-06-30,4.569781232126327,SC
2026-06-30,78.49737540398422,SC
2026-06-30,20.22516770556395,SC
2026-06-30,11.471560719774585,SC
2026-06-30,0.0,SC
2026-06-30,0.0,SC
2026-06-30,0.0,SC
2026-06-30,11.088960306247218,SC
2026-06-30,6.233173253886379,SC
2026-06-30,0.0,SC
2026-06-30,0.0,SC
2026-06-30,1.525569698381499,SC
2026-06-30,0.0,SC
2026-06-30,5.468815059797446,SC
2026-06-30,20.64809363915153,SC
2026-06-30,14.427180191025816,SC
2026-06-30,0.0,SC
2026-06-30,8.52695328011484,SC
2026-06-30,0.0,SC
2026-06-30,1.1016382830206846,SC
2026-06-30,23.699390200180144,SC
2026-06-30,0.0,SC
2026-06-30,0.0,SC
2026-06-30,100.0,SC
2026-06-30,7.6752733311293575,SC
2026-06-30,0.0,SC
2026-06-30,0.0,SC
2026-06-30,10.363798360384862,SC
2026-06-30,13.706359997172605,SC
2026-06-30,0.0,SC
2026-06-30,27.022811582150364,SC
2026-06-30,0.0,SC
2026-06-30,0.0,SC
2026-06-30,3.608419845559553,SC
2026-06-30,8.573891157862043,SC
2026-06-30,0.0,SC
2026-06-30,0.0,SC
2026-06-30,19.53362757560378,SC
2026-06-30,0.0,SC
2026-06-30,6.25592094922109,SC
2026-06-30,13.532754092483948,SC
2026-06-30,0.0,SC
2026-06-30,0.0,SC
2026-06-30,15.96589351867902,SC
2026-06-30,0.0,SC
2026-06-30,4.890809232952696,SC
2026-06-30,0.0,SC
2026-06-30,1.9075848292193716,SC
2026-06-30,6.987203801721245,SC
2026-06-30,0.0,SC
2026-06-30,5.589031926486037,SC
2026-06-30,0.0,SC
2026-06-30,52.7580340348935,SC
2026-06-30,0.0,SC
2026-06-30,0.1832960392408616,SC
2026-06-30,13.337632927844584,SC
2026-06-30,10.874180897966532,SC
2026-06-30,0.0,SC
2026-06-30,0.0,SC
2026-06-30,0.0,SC
2026-06-30,1.2488453578821275,SC
2026-06-30,6.081302624505403,SC
2026-06-30,7.473034169913855,SC
2026-06-30,0.0,SC
2026-06-30,0.0,SC
2026-06-30,0.0,SC
2026-06-30,0.0,SC
2026-06-30,7.231569137601427,SC
2026-06-30,0.0,SC
2026-06-30,5.909777876773919,SC
2026-06-30,7.709813956098155,SC
2026-06-30,21.148512488577595,SC
2026-06-30,0.0,SC
2026-06-30,0.0,SC
2026-06-30,0.0,SC
2026-06-30,2.1463799274385926,SC
2026-06-30,0.0,SC
2026-06-30,5.528315567710274,SC
2026-06-30,0.0,SC
2026-06-30,9.268121715383385,SC
2026-06-30,0.0,SC
2026-06-30,9.210642786757283,SC
2026-06-30,0.0,SC
2026-06-30,49.73315971803237,SC
2026-06-30,1.9433114469757016,SC
2026-06-30,0.0,SC
2026-06-30,0.0,SC
2026-06-30,4.912105470714711,SC
2026-06-30,0.0,SC
2026-06-30,0.0,SC
2026-06-30,8.859703396818123,SC
2026-06-30,0.0,SC
2026-06-30,0.0,SC
2026-06-30,0.0,SC
2026-06-30,3.9503532856217967,SC
2026-06-30,0.0,SC
2026-06-30,0.0,SC
2026-06-30,3.01337174187976,SC
2026-06-30,0.0,SC
2026-06-30,0.0,SC
2026-06-30,0.0,SC
2026-06-30,5.220013257107719,SC
2026-06-30,7.648040197555353,SC
2026-06-30,0.0,SC
2026-06-30,0.0,SC
2026-06-30,0.0,SC
2026-06-30,3.1786290645881383,SC
2026-06-30,0.0,SC
2026-06-30,4.4966224822234375,SC
2026-06-30,0.0,SC
2026-06-30,0.0,SC
2026-06-30,0.0,SC
2026-06-30,5.492729929304777,SC
2026-06-30,0.0,SC
2026-06-30,0.0,SC
2026-06-30,3.8610027244652025,SC
2026-06-30,0.7381781716000798,SC
2026-06-30,10.30359817729806,SC
2026-06-30,4.6466374869195235,SC
2026-06-30,0.0,SC
2026-06-30,0.0,SC
2026-06-30,0.3544180702061651,SC
2026-06-30,0.0,SC
2026-06-30,0.0,SC
2026-06-30,2.6964916498180993,SC
2026-06-30,0.0,SC
2026-06-30,0.0,SC
2026-06-30,5.114093663264053,SC
2026-06-30,0.0,SC
2026-06-30,0.0,SC
2026-06-30,0.0,SC
2026-06-30,0.0,SC
2026-06-30,0.9540866534074945,SC
2026-06-30,3.9300686912321035,SC
2026-06-30,0.0,SC
2026-06-30,1.6606501268211953,SC
2026-06-30,0.0,SC
2026-06-30,0.3335674667896534,SC
2026-06-30,0.9290839755315456,SC
2026-06-30,100.0,SC
2026-06-30,0.0,SC
2026-06-30,1.400017626485179,SC
2026-06-30,0.0,SC
2026-06-30,1.0357196523451364,SC
2026-06-30,0.0,SC
2026-06-30,0.0,SC
2026-06-30,0.0,SC
2026-06-30,2.4599041241877364,SC
2026-06-30,0.0,SC
2026-06-30,0.9985104251028186,SC
2026-06-30,1.1965307560547973,SC
2026-06-30,2.61155560385682,SC
2026-06-30,0.0,SC
2026-06-30,0.9364541253743901,SC
2026-06-30,0.0,SC
2026-06-30,0.0,SC
2026-06-30,4.289225831852239,SC
2026-06-30,47.86614727640176,SC
2026-06-30,3.9048764540410152,SC
2026-06-30,0.0,SC
2026-06-30,1.6192195651719608,SC
2026-06-30,0.0,SC
2026-06-30,0.5228743835507867,SC
2026-06-30,0.0,SC
2026-06-30,3.218416197700692,SC
2026-06-30,0.0,SC
2026-06-30,0.0,SC
2026-06-30,0.0,SC
2026-06-30,2.4231517095330886,SC
2026-06-30,0.0,SC
2026-06-30,16.58890056919377,SC
2026-06-30,0.0,SC
2026-06-30,7.980752982629779,SC
2026-06-30,0.0,SC
2026-06-30,9.719930900103199,SC
2026-06-30,0.0,SC
2026-06-30,3.343766935185335,SC
2026-06-30,0.0,SC
2026-06-30,2.0018901887893814,SC
2026-06-30,0.0,SC
2026-06-30,1.886504128375329,SC
2026-06-30,4.5012098671769225,SC
2026-06-30,13.292946086935181,SC
2026-06-30,0.0,SC
2026-06-30,5.037683825237244,SC
2026-06-30,0.0,SC
2026-06-30,10.3749720549378,SC
2026-06-30,0.0,SC
2026-06-30,6.452988359148133,SC
2026-06-30,0.0,SC
2026-06-30,3.6025820479427333,SC
2026-06-30,0.0,SC
2026-06-30,18.826296977465528,SC
2026-06-30,1.2879279798913608,SC
2026-06-30,0.0,SC
2026-06-30,2.8622203637260557,SC
2026-06-30,25.784915170862416,SC
2026-06-30,19.30087040409581,SC
2026-06-30,0.0,SC
2026-06-30,0.891112996770614,SC
2026-06-30,0.0,SC
2026-06-30,0.0,SC
2026-06-30,2.4190499756628245,SC
2026-06-30,0.0,SC
2026-06-30,1.8088459047130547,SC
2026-06-30,0.0,SC
2026-06-30,0.0,SC
2026-06-30,6.132968462718462,SC
2026-06-30,0.0,SC
2026-06-30,0.0,SC
2026-06-30,5.600929353031628,SC
2026-06-30,7.412117394564199,SC
2026-06-30,0.0,SC
2026-06-30,2.2015808705399706,SC
2026-06-30,0.0,SC
2026-06-30,2.8591196829060137,SC
2026-06-30,5.107082706699417,SC
2026-06-30,0.0,SC
2026-06-30,4.47622943084874,SC
2026-06-30,4.163057456711968,SC
2026-06-30,0.0,SC
2026-06-30,5.222488351192651,SC
2026-06-30,0.0,SC
2026-06-30,0.7466327761754247,SC
2026-06-30,2.3565515885419366,SC
2026-06-30,16.56622403384417,SC
2026-06-30,2.7896744414534624,SC
2026-06-30,0.0,SC
2026-06-30,4.493378260624297,SC
2026-06-30,0.0,SC
2026-06-30,0.0,SC
2026-06-30,1.592153429002201,SC
2026-06-30,7.6204356240091435,SC
2026-06-30,2.49663859938598,SC
2026-06-30,1.8523218609519017,SC
2026-06-30,0.0,SC
2026-06-30,1.687017031341272,SC
2026-06-30,0.0,SC
2026-06-30,0.0,SC
2026-06-30,1.7970143432869834,SC
2026-06-30,1.3600211524142143,SC
2026-06-30,0.0,SC
2026-06-30,2.8487113887447166,SC
2026-06-30,3.1875170851196324,SC
2026-06-30,2.260728158333777,SC
2026-06-30,0.0,SC
2026-06-30,5.783326718795251,SC
2026-06-30,0.39030842905976537,SC
2026-06-30,0.0,SC
2026-06-30,0.0,SC
2026-06-30,0.0,SC
2026-06-30,14.589395169061268,SC
2026-06-30,0.0,SC
2026-06-30,0.0,SC
2026-06-30,7.681120105755832,SC
2026-06-30,0.0,SC
2026-06-30,0.0,SC
2026-06-30,0.0,SC
2026-06-30,19.87960596147789,SC
2026-06-30,0.0,SC
2026-06-30,0.0,SC
2026-06-30,0.0,SC
2026-06-30,0.0,SC
2026-06-30,0.0,SC
2026-06-30,0.0,SC
2026-06-30,0.0,SC
2026-06-30,0.0,SC
2026-06-30,4.444163333834267,SC
2026-06-30,0.0,SC
2026-06-30,1.750875458830862,SC
2026-06-30,4.741374429658053,SC
2026-06-30,2.567838926001237,SC
2026-06-30,0.0,SC
2026-06-30,1.4325389384789924,SC
2026-06-30,0.0,SC
2026-06-30,2.083040387722671,SC
2026-06-30,63.92875069943423,SC
2026-06-30,3.0557609724599586,SC
2026-06-30,7.433190704418674,SC
2026-06-30,31.256063260935402,SC
2026-06-30,25.639527219163128,SC
2026-06-30,8.541650737069082,SC
2026-06-30,0.0,SC
2026-06-30,1.99625787546285,SC
2026-06-30,0.0,SC
2026-06-30,2.156823975279532,SC
2026-06-30,4.7916259542651565,SC
2026-06-30,3.452617637042333,SC
2026-06-30,3.4419302665739844,SC
2026-06-30,0.0,SC
2026-06-30,1.593571806092865,SC
2026-06-30,0.04274648838817592,SC
2026-06-30,2.383234266964246,SC
2026-06-30,0.8065400231393303,SC
2026-06-30,0.0,SC
2026-06-30,4.503419205454882,SC
2026-06-30,0.0,SC
2026-06-30,2.9820139973946365,SC
2026-06-30,0.9400285273871101,SC
2026-06-30,0.0,SC
2026-06-30,2.9474073262195057,SC
2026-06-30,0.0,SC
2026-06-30,3.0003357455641213,SC
2026-06-30,3.1886865642715096,SC
2026-06-30,0.0,SC
2026-06-30,2.131104068202046,SC
2026-06-30,0.0,SC
2026-06-30,2.258069108178138,SC
2026-06-30,0.0,SC
2026-06-30,26.281345836986297,SC
2026-06-30,0.0,SC
2026-06-30,0.0,SC
2026-06-30,0.0,SC
2026-06-30,0.0,SC
2026-06-30,0.0,SC
2026-06-30,1.3307609376579272,SC
2026-06-30,0.0,SC
2026-06-30,3.360331124138396,SC
2026-06-30,19.735101539330994,SC
2026-06-30,0.0,SC
2026-06-30,7.074409588324702,SC
2026-06-30,0.0,SC
2026-06-30,0.0,SC
2026-06-30,3.266074604558891,SC
2026-06-30,0.0,SC
2026-06-30,9.63053258023667,SC
2026-06-30,0.0,SC
2026-06-30,1.1899747066470996,SC
2026-06-30,0.0,SC
2026-06-30,5.841892618677285,SC
2026-06-30,0.0,SC
2026-06-30,3.54777442238498,SC
2026-06-30,0.0,SC
2026-06-30,3.8717176320105566,SC
2026-06-30,9.246279787933066,SC
2026-06-30,0.0,SC
2026-06-30,5.851832073556997,SC
2026-06-30,0.0,SC
2026-06-30,0.0,SC
2026-06-30,4.512938792161178,SC
2026-06-30,8.095162659139431,SC
2026-06-30,1.6574104474204705,SC
2026-06-30,0.0,SC
2026-06-30,2.7353470042616905,SC
2026-06-30,0.0,SC
2026-06-30,0.0,SC
2026-06-30,0.0,SC
2026-06-30,0.0,SC
2026-06-30,3.6287565286990646,SC
2026-06-30,0.0,SC
2026-06-30,0.0,SC
2026-06-30,5.1538247895905025,SC
2026-06-30,0.0,SC
2026-06-30,0.34324882026546205,SC
2026-06-30,2.86894894335913,SC
2026-06-30,11.017499107086673,SC
2026-06-30,0.0,SC
2026-06-30,4.397370111814411,SC
2026-06-30,0.0,SC
2026-06-30,6.8539135076239655,SC
2026-06-30,0.0,SC
2026-06-30,7.21148230090599,SC
2026-06-30,0.0,SC
2026-06-30,13.312847645551217,SC
2026-06-30,3.924085126819094,SC
2026-06-30,0.0,SC
2026-06-30,9.680939522916233,SC
2026-06-30,4.5911294448440065,SC
2026-06-30,3.638464653295444,SC
2026-06-30,0.0,SC
2026-06-30,7.209139492341614,SC
2026-06-30,0.0,SC
2026-06-30,7.341228044114886,SC
2026-06-30,0.0,SC
2026-06-30,0.0,SC
2026-06-30,3.4278902495369605,SC
2026-06-30,0.0,SC
2026-06-30,3.3774523184524985,SC
2026-06-30,4.393535193134576,SC
2026-06-30,0.0,SC
2026-06-30,3.6731160806471266,SC
2026-06-30,1.6728449612811533,SC
2026-06-30,0.0,SC
2026-06-30,4.4151509609864314,SC
2026-06-30,2.0945089824913126,SC
2026-06-30,0.0,SC
2026-06-30,3.863823792973922,SC
2026-06-30,4.062840627165698,SC
2026-06-30,3.2076097024495445,SC
2026-06-30,1.1896286144951302,SC
2026-06-30,0.0,SC
2026-06-30,3.959024322591173,SC
2026-06-30,3.2274922561729107,SC
2026-06-30,3.7633233888810436,SC
2026-06-30,18.3966218418991,SC
2026-06-30,4.7355057040391095,SC
2026-06-30,0.0,SC
2026-06-30,9.621467300728824,SC
2026-06-30,14.838255574047968,SC
2026-06-30,0.0,SC
2026-06-30,2.760440217264998,SC
2026-06-30,0.6132905128274347,SC
2026-06-30,0.0,SC
2026-06-30,0.0,SC
2026-06-30,0.0,SC
2026-06-30,0.0,SC
2026-06-30,6.754431536771517,SC
2026-06-30,0.0,SC
2026-06-30,0.0,SC
2026-06-30,5.932417352250539,SC
2026-06-30,4.411942543700397,SC
2026-06-30,0.0,SC
2026-06-30,3.2841109740806007,SC
2026-06-30,0.0,SC
2026-06-30,3.7357807338461035,SC
2026-06-30,0.0,SC
2026-06-30,0.0,SC
2026-06-30,3.3924236917513277,SC
2026-06-30,0.0,SC
2026-06-30,1.6467897148069583,SC
2026-06-30,3.8475631885572272,SC
2026-06-30,0.0,SC
2026-06-30,0.7982670468911004,SC
2026-06-30,0.0,SC
2026-06-30,2.1099386217845835,SC
2026-06-30,5.226265639627702,SC
2026-06-30,0.0,SC
2026-06-30,0.0,SC
2026-06-30,2.168466168537593,SC
2026-06-30,0.0,SC
2026-06-30,1.0171067703477212,SC
2026-06-30,5.7300417849659455,SC
2026-06-30,0.0,SC
2026-06-30,1.0612963972003187,SC
2026-06-30,0.0,SC
2026-06-30,0.7017367184899376,SC
2026-06-30,0.0,SC
2026-06-30,7.033402498447155,SC
2026-06-30,0.0,SC
2026-06-30,0.0,SC
2026-06-30,0.0,SC
2026-06-30,0.0,SC
2026-06-30,0.0,SC
2026-06-30,12.175315635132682,SC
2026-06-30,6.609591977527683,SC
2026-06-30,1.2723718860214444,SC
2026-06-30,3.26163471149082,SC
2026-06-30,9.953797733355492,SC
2026-06-30,6.346622317381291,SC
2026-06-30,0.26280525051984954,SC
2026-06-30,0.8678388352270403,SC
2026-06-30,10.24440975571055,SC
2026-06-30,6.5052339059618935,SC
2026-06-30,9.558710373771925,SC
2026-06-30,5.586284509632526,SC
2026-06-30,6.158130323318548,SC
2026-06-30,3.311902604694561,SC
2026-06-30,9.093995153433143,SC
2026-06-30,0.39383172267988015,SC
2026-06-30,2.105184766252593,SC
2026-06-30,21.375605072877292,SC
2026-06-30,8.146108390897016,SC
2026-06-30,5.157004082750919,SC
2026-06-30,2.148877170080337,SC
2026-06-30,23.267580310772754,SC
2026-06-30,6.990445257948953,SC
2026-06-30,15.65462907796741,SC
2026-06-30,3.6629076713513067,SC
2026-06-30,21.0240751524578,SC
2026-06-30,9.161998409932652,SC
2026-06-30,13.941395634763895,SC
2026-06-30,7.521952837644902,SC
2026-06-30,11.049837347567653,SC
2026-06-30,3.443449760891343,SC
2026-06-30,11.755473911108396,SC
2026-06-30,0.0,SC
2026-06-30,15.068336853846235,SC
2026-06-30,4.780580627979911,SC
2026-06-30,16.393059660393074,SC
2026-06-30,4.697597111228695,SC
2026-06-30,2.832644765317301,SC
2026-06-30,2.0880461383592603,SC
2026-06-30,16.970957222678464,SC
2026-06-30,6.474718326295398,SC
2026-06-30,4.5538776785258,SC
2026-06-30,3.7820378158202175,SC
2026-06-30,14.612946164835494,SC
2026-06-30,6.215837715342373,SC
2026-06-30,11.92607994587929,SC
2026-06-30,5.367227736846548,SC
2026-06-30,7.6072580963276435,SC
2026-06-30,3.580471073524262,SC
2026-06-30,14.978073806621058,SC
2026-06-30,0.0,SC
2026-06-30,0.0,SC
2026-06-30,0.0,SC
2026-06-30,7.075796090575164,SC
2026-06-30,1.6368953136742475,SC
2026-06-30,0.0,SC
2026-06-30,0.0,SC
2026-06-30,12.542821117697395,SC
2026-06-30,6.84262527708704,SC
2026-06-30,0.0,SC
2026-06-30,10.543804676086571,SC
2026-06-30,13.461562704036442,SC
2026-06-30,15.091973624664456,SC
2026-06-30,6.715434841387145,SC
2026-06-30,27.171797742609012,SC
2026-06-30,7.405336096913416,SC
2026-06-30,4.05592350135304,SC
2026-06-30,1.5257861662323873,SC
2026-06-30,1.364422560820618,SC
2026-06-30,12.037701437894665,SC
2026-06-30,4.256443047010608,SC
2026-06-30,2.505365437576702,SC
2026-06-30,1.7617790207219048,SC
2026-06-30,12.30340772522201,SC
2026-06-30,5.993992292040823,SC
2026-06-30,2.0578989022009537,SC
2026-06-30,2.415373189091962,SC
2026-06-30,16.005445305545717,SC
2026-06-30,4.73367018142076,SC
2026-06-30,11.305690138435635,SC
2026-06-30,5.646432018313014,SC
2026-06-30,10.345607834513272,SC
2026-06-30,3.209448985691616,SC
2026-06-30,10.611755062153803,SC
2026-06-30,9.627847795915109,SC
2026-06-30,4.925186159643848,SC
2026-06-30,22.312459594441336,SC
2026-06-30,5.044155294141671,SC
2026-06-30,3.0461277386796715,SC
2026-06-30,2.6793684755690856,SC
2026-06-30,19.453483837159624,SC
2026-06-30,7.953513519743538,SC
2026-06-30,19.904874022593447,SC
2026-06-30,5.113534872484272,SC
2026-06-30,14.63157228330633,SC
2026-06-30,5.470184982876439,SC
2026-06-30,16.138576512108347,SC
2026-06-30,5.759799213493177,SC
2026-06-30,12.107743462059982,SC
2026-06-30,5.080652637996235,SC
2026-06-30,24.398496127715962,SC
2026-06-30,10.275896780842421,SC
2026-06-30,5.392615255730492,SC
2026-06-30,24.559909448269654,SC
2026-06-30,7.5832129424686325,SC
2026-06-30,2.7829626695987275,SC
2026-06-30,4.830450890976589,SC
2026-06-30,21.988103333241916,SC
2026-06-30,8.937186883389089,SC
2026-06-30,20.524481839345643,SC
2026-06-30,5.531933038295856,SC
2026-06-30,17.516084393972687,SC
2026-06-30,8.47859758358318,SC
2026-06-30,16.22410152462304,SC
2026-06-30,7.769739750942496,SC
2026-06-30,15.613478218827703,SC
2026-06-30,6.718057889200639,SC
2026-06-30,16.22027614354541,SC
2026-06-30,100.0,SC
2026-06-30,0.0,SC
2026-06-30,0.9459846955636361,SC
2026-06-30,18.629051250969358,SC
2026-06-30,4.028181064034471,SC
2026-06-30,2.3540476186370816,SC
2026-06-30,1.4460312041494,SC
2026-06-30,16.547961076363176,SC
2026-06-30,5.663800547085844,SC
2026-06-30,2.1599888941714815,SC
2026-06-30,1.3812419095885469,SC
2026-06-30,13.544903310696894,SC
2026-06-30,4.209210165756938,SC
2026-06-30,12.281040008401574,SC
2026-06-30,5.166534591599057,SC
2026-06-30,6.732876765769465,SC
2026-06-30,2.7917801593282423,SC
2026-06-30,10.609958508509905,SC
2026-06-30,0.0,SC
2026-06-30,0.0,SC
2026-06-30,0.0,SC
2026-06-30,2.089944111951204,SC
2026-06-30,10.260304988679131,SC
2026-06-30,0.0,SC
2026-06-30,9.239565193426955,SC
2026-06-30,75.9945466075911,SC
2026-06-30,0.0,SC
2026-06-30,0.0,SC
2026-06-30,13.60826509737918,SC
2026-06-30,0.0,SC
2026-06-30,6.805402386829367,SC
2026-06-30,5.201719718706888,SC
2026-06-30,0.0,SC
2026-06-30,0.0,SC
2026-06-30,16.075301654519052,SC
2026-06-30,0.0,SC
2026-06-30,0.0,SC
2026-06-30,0.0,SC
2026-06-30,9.389044869417809,SC
2026-06-30,10.80451437048052,SC
2026-06-30,0.0,SC
2026-06-30,11.091516421601538,SC
2026-06-30,0.0,SC
2026-06-30,0.0,SC
2026-06-30,29.442998775715967,SC
2026-06-30,0.0,SC
2026-06-30,0.0,SC
2026-06-30,100.0,SC
2026-06-30,0.0,SC
2026-06-30,20.01402223849248,SC
2026-06-30,0.0,SC
2026-06-30,62.5416777090715,SC
2026-06-30,0.0,SC
2026-06-30,0.0,SC
2026-06-30,4.090188485070209,SC
2026-06-30,0.0,SC
2026-06-30,0.0,SC
2026-06-30,0.0,SC
2026-06-30,3.274014373546902,SC
2026-06-30,10.656238256294625,SC
2026-06-30,0.0,SC
2026-06-30,0.0,SC
2026-06-30,2.4587481076304147,SC
2026-06-30,80.76507479271619,SC
2026-06-30,0.0,SC
2026-06-30,0.0,SC
2026-06-30,0.0,SC
2026-06-30,0.0,SC
2026-06-30,0.0,SC
2026-06-30,10.43622787007646,SC
2026-06-30,36.96263510983865,SC
2026-06-30,3.585424618106461,SC
2026-06-30,100.0,SC
2026-06-30,0.0,SC
2026-06-30,9.550436785673028,SC
2026-06-30,14.137205266957048,SC
2026-06-30,0.0,SC
2026-06-30,15.427290655858325,SC
2026-06-30,0.0,SC
2026-06-30,26.07275094673741,SC
2026-06-30,0.0,SC
2026-06-30,0.0,SC
2026-06-30,0.0,SC
2026-06-30,0.0,SC
2026-06-30,48.627182002408944,SC
2026-06-30,0.0,SC
2026-06-30,0.0,SC
2026-06-30,0.0,SC
2026-06-30,29.724993048252447,SC
2026-06-30,0.0,SC
2026-06-30,17.47342504975989,SC
2026-06-30,0.0,SC
2026-06-30,4.093666590624182,SC
2026-06-30,0.0,SC
2026-06-30,7.605048483513463,SC
2026-06-30,0.0,SC
2026-06-30,0.0,SC
2026-06-30,16.282000778476533,SC
2026-06-30,35.730023593443775,SC
2026-06-30,0.0,SC
2026-06-30,0.0,SC
2026-06-30,0.0,SC
2026-06-30,0.0,SC
2026-06-30,0.0,SC
2026-06-30,0.0,SC
2026-06-30,0.0,SC
2026-06-30,0.0,SC
2026-06-30,0.0,SC
2026-06-30,0.0,SC
2026-06-30,0.0,SC
2026-06-30,0.0,SC
2026-06-30,0.0,SC
2026-06-30,0.0,SC
2026-06-30,0.0,SC
2026-06-30,0.0,SC
2026-06-30,0.0,SC
2026-06-30,0.0,SC
2026-06-30,0.0,SC
2026-06-30,0.0,SC
2026-06-30,0.0,SE
2026-06-30,9.951785045930343,SE
2026-06-30,0.0,SE
2026-06-30,6.28711976938876,SE
2026-06-30,0.0,SE
2026-06-30,0.11798712620878596,SE
2026-06-30,3.015400411856517,SE
2026-06-30,10.428420361160311,SE
2026-06-30,0.0,SE
2026-06-30,0.0,SE
2026-06-30,3.155637559698908,SE
2026-06-30,7.841011926216836,SE
2026-06-30,5.709724951784664,SE
2026-06-30,4.423394252914441,SE
2026-06-30,7.174580559672104,SE
2026-06-30,2.729437575871364,SE
2026-06-30,6.0617357279109685,SE
2026-06-30,1.582010735663331,SE
2026-06-30,40.16370035641141,SE
2026-06-30,0.0,SE
2026-06-30,0.521489882453326,SE
2026-06-30,0.0,SE
2026-06-30,0.0,SE
2026-06-30,100.0,SE
2026-06-30,4.97434217140896,SE
2026-06-30,3.543877443273923,SE
2026-06-30,24.769348683055302,SE
2026-06-30,39.63097641447298,SE
2026-06-30,2.0144616578357604,SE
2026-06-30,13.492232425017004,SE
2026-06-30,0.0,SE
2026-06-30,16.748316203189674,SE
2026-06-30,1.8632458752454075,SE
2026-06-30,4.30365211425185,SE
2026-06-30,0.0,SE
2026-06-30,1.998101567503381,SE
2026-06-30,12.023484627715536,SE
2026-06-30,9.90900481705277,SE
2026-06-30,9.3863753195686,SE
2026-06-30,8.60839728739326,SE
2026-06-30,0.0,SE
2026-06-30,8.622782611176948,SE
2026-06-30,0.0,SE
2026-06-30,5.23071189100094,SE
2026-06-30,11.481207213156102,SE
2026-06-30,44.12574625493094,SE
2026-06-30,3.7435050833540555,SE
2026-06-30,0.6214186481604669,SE
2026-06-30,12.331601211460788,SE
2026-06-30,0.0,SE
2026-06-30,4.23611458250862,SE
2026-06-30,6.415750181017731,SE
2026-06-30,11.974301216541454,SE
2026-06-30,9.540567093054943,SE
2026-06-30,4.619338724795371,SE
2026-06-30,14.39938161433933,SE
2026-06-30,9.785847269747293,SE
2026-06-30,2.9538160550933985,SE
2026-06-30,7.057733759656212,SE
2026-06-30,14.111655824137683,SE
2026-06-30,0.0,SE
2026-06-30,6.310062772210238,SE
2026-06-30,0.0,SE
2026-06-30,0.0,SE
2026-06-30,3.8595958945327795,SE
2026-06-30,0.0,SE
2026-06-30,0.0,SE
2026-06-30,0.0,SE
2026-06-30,0.0,SE
2026-06-30,0.0,SE
2026-06-30,12.890438908235952,SE
2026-06-30,0.0,SE
2026-06-30,0.0,SE
2026-06-30,0.0,SE
2026-06-30,10.096351554696263,SE
2026-06-30,0.0,SE
2026-06-30,0.0,SE
2026-06-30,8.75341928296201,SE
2026-06-30,100.0,SE
2026-06-30,3.0346689411630243,SE
2026-06-30,2.3555126319042383,SE
2026-06-30,7.041532658040918,SE
2026-06-30,0.0,SE
2026-06-30,1.9687636772730908,SE
2026-06-30,5.162335301577742,SE
2026-06-30,13.46012774849836,SE
2026-06-30,3.380345288525911,SE
2026-06-30,0.0,SE
2026-06-30,0.0,SE
2026-06-30,4.325550037658077,SE
2026-06-30,7.437710914814845,SE
2026-06-30,10.054627867578478,SE
2026-06-30,9.036556989227936,SE
2026-06-30,0.0,SE
2026-06-30,0.0,SE
2026-06-30,7.132636019533168,SE
2026-06-30,100.0,SE
2026-06-30,10.554991602022849,SE
2026-06-30,0.0,SE
2026-06-30,100.0,SE
2026-06-30,5.708939297919004,SE
2026-06-30,0.0,SE
2026-06-30,5.052234151460904,SE
2026-06-30,0.7816921554131594,SE
2026-06-30,0.2733048758153361,SE
2026-06-30,4.4850693076855705,SE
2026-06-30,11.455380156187232,SE
2026-06-30,22.006502773318893,SE
2026-06-30,100.0,SE
2026-06-30,0.0,SE
2026-06-30,0.7597414857952081,SE
2026-06-30,12.546256096149241,SE
2026-06-30,7.541911679873768,SE
2026-06-30,6.784062664159831,SE
2026-06-30,15.136079686248433,SE
2026-06-30,12.339169184311448,SE
2026-06-30,0.7044565294380135,SE
2026-06-30,10.343731767061904,SE
2026-06-30,17.87464149891401,SE
2026-06-30,5.927254608681319,SE
2026-06-30,5.88359672685028,SE
2026-06-30,0.0,SE
2026-06-30,0.0,SE
2026-06-30,30.489049069576797,SE
2026-06-30,4.457575872188555,SE
2026-06-30,1.8413291323538041,SE
2026-06-30,27.85009060802542,SE
2026-06-30,1.2838426221479244,SE
2026-06-30,7.981524560928534,SE
2026-06-30,0.0,SE
2026-06-30,0.0,SE
2026-06-30,0.0,SE
2026-06-30,8.687483940390521,SE
2026-06-30,0.0,SE
2026-06-30,0.0,SE
2026-06-30,15.581385161543254,SE
2026-06-30,13.154905994880536,SE
2026-06-30,4.694281190672999,SE
2026-06-30,0.0,SE
2026-06-30,0.0,SE
2026-06-30,100.0,SE
2026-06-30,9.54151136315818,SE
2026-06-30,10.802089625352028,SE
2026-06-30,3.7516055000212973,SE
2026-06-30,10.417301505562063,SE
2026-06-30,5.750355792789554,SE
2026-06-30,0.0,SE
2026-06-30,7.861259638624134,SE
2026-06-30,100.0,SE
2026-06-30,3.837185834389318,SE
2026-06-30,11.426532877351429,SE
2026-06-30,0.8323854487033688,SE
2026-06-30,0.0,SE
2026-06-30,1.5075152426534255,SE
2026-06-30,1.0964503758053765,SE
2026-06-30,6.094892709947413,SE
2026-06-30,0.0,SE
2026-06-30,3.368853255201832,SE
2026-06-30,0.8533462659482353,SE
2026-06-30,11.808758082204376,SE
2026-06-30,1.2562487662002875,SE
2026-06-30,4.665016795170065,SE
2026-06-30,28.29300056983471,SE
2026-06-30,13.731864194723842,SE
2026-06-30,5.205221240061914,SE
2026-06-30,7.599652346201975,SE
2026-06-30,2.4554822678694532,SE
2026-06-30,5.4440101753553165,SE
2026-06-30,0.0,SE
2026-06-30,0.0,SE
2026-06-30,43.720517285780396,SE
2026-06-30,21.136457455411268,SE
2026-06-30,0.0,SE
2026-06-30,0.0,SE
2026-06-30,45.872188586020215,SE
2026-06-30,0.0,SE
2026-06-30,0.0,SE
2026-06-30,0.0,SE
2026-06-30,0.0,SE
2026-06-30,0.0,SE
2026-06-30,25.33019498859046,SE
2026-06-30,0.0,SE
2026-06-30,0.0,SE
2026-06-30,0.0,SE
2026-06-30,82.98887921918457,SE
2026-06-30,0.0,SE
2026-06-30,0.0,SE
2026-06-30,0.0,SE
2026-06-30,2.6671653103224604,SE
2026-06-30,0.0,SE
2026-06-30,0.0,SE
2026-06-30,0.0,SE
2026-06-30,0.0,SE
2026-06-30,19.35013831455015,SE
2026-06-30,0.0,SE
2026-06-30,0.0,SE
2026-06-30,0.0,SE
2026-06-30,0.0,SE
2026-06-30,0.0,SE
2026-06-30,0.0,SE
2026-06-30,15.123507639389885,SE
2026-06-30,0.0,SE
2026-06-30,59.82166621633519,SE
2026-06-30,0.0,SE
2026-06-30,0.0,SE
2026-06-30,0.0,SE
2026-06-30,0.0,SE
2026-06-30,13.361494435539143,SE
2026-06-30,0.0,SE
2026-06-30,0.0,SE
2026-06-30,0.0,SE
2026-06-30,0.0,SE
2026-06-30,0.0,SE
2026-06-30,0.0,SE
2026-06-30,0.0,SE
2026-06-30,0.0,SE
2026-06-30,0.0,SE
2026-06-30,0.0,SE
2026-06-30,0.0,SE
2026-06-30,0.0,SE
2026-06-30,0.0,SE
2026-06-30,0.0,SE
2026-06-30,0.0,SE
2026-06-30,0.0,SE
2026-06-30,0.0,SE
2026-06-30,0.0,SE
2026-06-30,0.0,SE
2026-06-30,0.5744152082478651,SE
2026-06-30,18.499923284320587,SE
2026-06-30,23.988511497609778,SE
2026-06-30,0.0,SE
2026-06-30,0.0,SE
2026-06-30,3.9552846127579198,SE
2026-06-30,7.714831567245762,SE
2026-06-30,0.0,SE
2026-06-30,18.596635384976167,SE
2026-06-30,5.237479545334558,SE
2026-06-30,10.084202569028452,SE
2026-06-30,0.0,SE
2026-06-30,0.0,SE
2026-06-30,0.0,SE
2026-06-30,0.0,SE
2026-06-30,0.0,SE
2026-06-30,0.0,SE
2026-06-30,0.0,SE
2026-06-30,0.0,SE
2026-06-30,0.0,SE
2026-06-30,13.119984388639514,SE
2026-06-30,0.0,SE
2026-06-30,0.0,SE
2026-06-30,0.0,SE
2026-06-30,0.0,SE
2026-06-30,5.03776519624101,SE
2026-06-30,38.846533983186504,SE
2026-06-30,6.631848830988341,SE
2026-06-30,10.441036961620622,SE
2026-06-30,3.5329025219895978,SE
2026-06-30,13.169422399282492,SE
2026-06-30,5.086619330062618,SE
2026-06-30,1.4356746538871688,SE
2026-06-30,5.5867602915301084,SE
2026-06-30,41.762004157934264,SE
2026-06-30,0.26419024868663465,SE
2026-06-30,5.5656150252220575,SE
2026-06-30,4.021887144235493,SE
2026-06-30,3.97647650654906,SE
2026-06-30,3.9482796904939015,SE
2026-06-30,0.0,SE
2026-06-30,2.3146819872504176,SE
2026-06-30,25.712448455813824,SE
2026-06-30,5.1612993036388986,SE
2026-06-30,3.4585162983342563,SE
2026-06-30,1.5275442148956213,SE
2026-06-30,46.69930287231408,SE
2026-06-30,7.428681800570197,SE
2026-06-30,1.133455357258803,SE
2026-06-30,7.156422287243061,SE
2026-06-30,29.727046353271703,SE
2026-06-30,4.601495721026895,SE
2026-06-30,4.669616440837846,SE
2026-06-30,8.308024692232355,SE
2026-06-30,17.634214401794406,SE
2026-06-30,7.126813077121269,SE
2026-06-30,0.0,SE
2026-06-30,4.449735551801565,SE
2026-06-30,32.99044459920873,SE
2026-06-30,5.580087484320797,SE
2026-06-30,2.407062117371599,SE
2026-06-30,1.0712691270747356,SE
2026-06-30,26.145224696937134,SE
2026-06-30,9.16899803329216,SE
2026-06-30,0.0,SE
2026-06-30,4.4812553222282725,SE
2026-06-30,13.159665783992445,SE
2026-06-30,11.233675888647138,SE
2026-06-30,2.645844548207187,SE
2026-06-30,5.5889362690711275,SE
2026-06-30,0.11236459536306515,SE
2026-06-30,2.012873112008952,SE
2026-06-30,46.96713734740063,SE
2026-06-30,0.0,SE
2026-06-30,0.0,SE
2026-06-30,0.0,SE
2026-06-30,0.0,SE
2026-06-30,55.335867796636315,SE
2026-06-30,21.707741688979542,SE
2026-06-30,0.0,SE
2026-06-30,0.0,SE
2026-06-30,0.0,SE
2026-06-30,0.0,SE
2026-06-30,19.06455039568373,SE
2026-06-30,0.6713243667614738,SE
2026-06-30,17.075805510784654,SE
2026-06-30,5.92369238682037,SE
2026-06-30,0.6630853349650544,SE
2026-06-30,1.3809882789264623,SE
2026-06-30,9.764174742788121,SE
2026-06-30,7.149719549216614,SE
2026-06-30,3.230215233729793,SE
2026-06-30,3.611562792044323,SE
2026-06-30,11.458429424352373,SE
2026-06-30,6.513594717981383,SE
2026-06-30,45.39162905927857,SE
2026-06-30,8.213966053011843,SE
2026-06-30,1.150828823015187,SE
2026-06-30,5.4375610873598745,SE
2026-06-30,0.0,SE
2026-06-30,0.9737424891049664,SE
2026-06-30,22.490002775212673,SE
2026-06-30,0.6588643974004392,SE
2026-06-30,1.327272115648817,SE
2026-06-30,1.061545289868937,SE
2026-06-30,17.998784164824276,SE
2026-06-30,18.90723062349787,SE
2026-06-30,0.0,SE
2026-06-30,8.416994168444148,SE
2026-06-30,12.99163983853598,SE
2026-06-30,2.306992837388517,SE
2026-06-30,14.014697052250009,SE
2026-06-30,6.84445947525553,SE
2026-06-30,0.9944666184112848,SE
2026-06-30,9.651981061324358,SE
2026-06-30,51.5211493886277,SE
2026-06-30,3.80895151943206,SE
2026-06-30,38.237075443864796,SE
2026-06-30,10.148033016112414,SE
2026-06-30,4.663235998053341,SE
2026-06-30,2.899759966219892,SE
2026-06-30,23.708693521115322,SE
2026-06-30,11.67815555519528,SE
2026-06-30,36.068274526643165,SE
2026-06-30,8.572579968624579,SE
2026-06-30,22.476746336832992,SE
2026-06-30,8.236227189617203,SE
2026-06-30,12.536301647453227,SE
2026-06-30,8.324000758453645,SE
2026-06-30,17.47018661713944,SE
2026-06-30,8.368207907106711,SE
2026-06-30,4.6439825736572935,SE
2026-06-30,0.0,SE
2026-06-30,2.578778410497532,SE
2026-06-30,21.524420159481096,SE
2026-06-30,1.5040741285130206,SE
2026-06-30,3.6253295271549595,SE
2026-06-30,1.8709995909145343,SE
2026-06-30,14.912981493472838,SE
2026-06-30,12.943729648505517,SE
2026-06-30,18.26336497307919,SE
2026-06-30,6.4699979290121625,SE
2026-06-30,20.45773529201604,SE
2026-06-30,2.423482015255463,SE
2026-06-30,7.2942072883461275,SE
2026-06-30,6.610318814062051,SE
2026-06-30,2.0041636093585407,SE
2026-06-30,3.9309899912653363,SE
2026-06-30,0.0,SE
2026-06-30,68.4276565614562,SE
2026-06-30,5.822415938129562,SE
2026-06-30,100.0,SE
2026-06-30,89.17243814726463,SE
2026-06-30,42.87963174313323,SE
2026-06-30,26.709652486339024,SE
2026-06-30,68.20926169235693,SE
2026-06-30,0.0,SE
2026-06-30,62.671618547512644,SE
2026-06-30,0.0,SE
2026-06-30,14.42620293207848,SE
2026-06-30,20.63964949021157,SE
2026-06-30,0.0,SE
2026-06-30,2.1378881360760866,SE
2026-06-30,0.0,SE
2026-06-30,0.0,SE
2026-06-30,100.0,SE
2026-06-30,10.276704811029994,SE
2026-06-30,8.494696382725389,SE
2026-06-30,26.39433257080578,SE
2026-06-30,0.0,SE
2026-06-30,0.0,SE
2026-06-30,0.0,SE
2026-06-30,8.84705843641636,SE
2026-06-30,0.0,SE
2026-06-30,30.632374599173456,SE
2026-06-30,0.0,SE
2026-06-30,33.9034182164503,SE
2026-06-30,100.0,SE
2026-06-30,0.0,SE
2026-06-30,28.124010939875422,SE
2026-06-30,0.0,SE
2026-06-30,58.929330478555705,SE
2026-06-30,0.6714082451598902,SE
2026-06-30,42.217599407269276,SE
2026-06-30,35.81021048661847,SE
2026-06-30,0.0,SE
2026-06-30,0.0,SE
2026-06-30,0.0,SE
2026-06-30,13.141669506662176,SE
2026-06-30,43.35194896592431,SE
2026-06-30,0.0,SE
2026-06-30,79.4487927217301,SE
2026-06-30,0.0,SE
2026-06-30,0.0,SE
2026-06-30,0.0,SE
2026-06-30,0.0,SE
2026-06-30,0.0,SE
2026-06-30,0.0,SP
2026-06-30,0.0,SP
2026-06-30,0.0,SP
2026-06-30,0.0,SP
2026-06-30,0.0,SP
2026-06-30,0.0,SP
2026-06-30,0.0,SP
2026-06-30,0.0,SP
2026-06-30,0.0,SP
2026-06-30,0.0,SP
2026-06-30,4.256046007542961,SP
2026-06-30,100.0,SP
2026-06-30,5.401050567853045,SP
2026-06-30,2.0702551088890973,SP
2026-06-30,0.0,SP
2026-06-30,100.0,SP
2026-06-30,1.8156162152446094,SP
2026-06-30,0.0,SP
2026-06-30,9.616298049455098,SP
2026-06-30,0.0,SP
2026-06-30,0.0,SP
2026-06-30,5.95959562512488,SP
2026-06-30,3.9811333745299646,SP
2026-06-30,0.0,SP
2026-06-30,0.0,SP
2026-06-30,11.79903573546901,SP
2026-06-30,2.748986743470578,SP
2026-06-30,0.0,SP
2026-06-30,0.0,SP
2026-06-30,9.231988195897166,SP
2026-06-30,0.0,SP
2026-06-30,0.0,SP
2026-06-30,0.0,SP
2026-06-30,100.0,SP
2026-06-30,2.612392909999175,SP
2026-06-30,0.0,SP
2026-06-30,3.447857460202839,SP
2026-06-30,0.0,SP
2026-06-30,39.17271705285901,SP
2026-06-30,100.0,SP
2026-06-30,3.6630967482927845,SP
2026-06-30,0.0,SP
2026-06-30,100.0,SP
2026-06-30,7.495651073672424,SP
2026-06-30,0.0,SP
2026-06-30,0.0,SP
2026-06-30,0.0,SP
2026-06-30,6.331476708902889,SP
2026-06-30,0.0,SP
2026-06-30,11.383218878802785,SP
2026-06-30,4.654859402072066,SP
2026-06-30,35.0367049680487,SP
2026-06-30,0.0,SP
2026-06-30,15.577897347453785,SP
2026-06-30,100.0,SP
2026-06-30,4.1003257646944675,SP
2026-06-30,0.0,SP
2026-06-30,0.0,SP
2026-06-30,100.0,SP
2026-06-30,3.824536625769078,SP
2026-06-30,0.0,SP
2026-06-30,13.559782559189054,SP
2026-06-30,49.796494150894944,SP
2026-06-30,0.0,SP
2026-06-30,0.0,SP
2026-06-30,9.402890308943661,SP
2026-06-30,100.0,SP
2026-06-30,11.599237663280132,SP
2026-06-30,0.0,SP
2026-06-30,0.0,SP
2026-06-30,0.0,SP
2026-06-30,3.3819275399739834,SP
2026-06-30,0.0,SP
2026-06-30,0.0,SP
2026-06-30,5.5112113325552725,SP
2026-06-30,0.0,SP
2026-06-30,18.933610147590414,SP
2026-06-30,0.0,SP
2026-06-30,31.749679940981494,SP
2026-06-30,0.0,SP
2026-06-30,3.8033720890716873,SP
2026-06-30,0.0,SP
2026-06-30,0.0,SP
2026-06-30,18.780376171131596,SP
2026-06-30,100.0,SP
2026-06-30,5.0268381477922475,SP
2026-06-30,0.0,SP
2026-06-30,0.0,SP
2026-06-30,0.0,SP
2026-06-30,1.2430254707280481,SP
2026-06-30,15.515710832129404,SP
2026-06-30,0.0,SP
2026-06-30,0.0,SP
2026-06-30,1.5373608673355146,SP
2026-06-30,100.0,SP
2026-06-30,5.085413392934771,SP
2026-06-30,0.0,SP
2026-06-30,0.0,SP
2026-06-30,100.0,SP
2026-06-30,4.009949337643611,SP
2026-06-30,0.0,SP
2026-06-30,0.0,SP
2026-06-30,0.0,SP
2026-06-30,8.372559767605528,SP
2026-06-30,0.0,SP
2026-06-30,100.0,SP
2026-06-30,10.776057594452555,SP
2026-06-30,0.0,SP
2026-06-30,18.244713401781468,SP
2026-06-30,6.27704562614572,SP
2026-06-30,0.0,SP
2026-06-30,0.0,SP
2026-06-30,3.267312575025865,SP
2026-06-30,6.311032816187883,SP
2026-06-30,0.0,SP
2026-06-30,0.0,SP
2026-06-30,0.0,SP
2026-06-30,2.2397789793340896,SP
2026-06-30,6.335016613678465,SP
2026-06-30,0.0,SP
2026-06-30,0.0,SP
2026-06-30,100.0,SP
2026-06-30,4.4313190262470155,SP
2026-06-30,0.0,SP
2026-06-30,8.585779205923751,SP
2026-06-30,49.806089229242104,SP
2026-06-30,0.0,SP
2026-06-30,0.0,SP
2026-06-30,13.517134291749953,SP
2026-06-30,100.0,SP
2026-06-30,3.697121713335956,SP
2026-06-30,0.0,SP
2026-06-30,0.0,SP
2026-06-30,0.0,SP
2026-06-30,100.0,SP
2026-06-30,2.145067921926128,SP
2026-06-30,0.0,SP
2026-06-30,0.0,SP
2026-06-30,77.63961571139318,SP
2026-06-30,100.0,SP
2026-06-30,3.1039974044592316,SP
2026-06-30,95.47977489430055,SP
2026-06-30,15.419307544210605,SP
2026-06-30,0.0,SP
2026-06-30,5.506825930005641,SP
2026-06-30,17.73656420833444,SP
2026-06-30,3.2210042433679504,SP
2026-06-30,0.0,SP
2026-06-30,0.0,SP
2026-06-30,4.230928204307217,SP
2026-06-30,4.476174880727787,SP
2026-06-30,0.0,SP
2026-06-30,0.0,SP
2026-06-30,0.0,SP
2026-06-30,100.0,SP
2026-06-30,11.933767668936673,SP
2026-06-30,100.0,SP
2026-06-30,0.0,SP
2026-06-30,0.0,SP
2026-06-30,0.1480311100849491,SP
2026-06-30,100.0,SP
2026-06-30,4.866369852271179,SP
2026-06-30,0.0,SP
2026-06-30,0.0,SP
2026-06-30,100.0,SP
2026-06-30,2.471860593522696,SP
2026-06-30,0.0,SP
2026-06-30,0.0,SP
2026-06-30,0.0,SP
2026-06-30,2.729709019999443,SP
2026-06-30,100.0,SP
2026-06-30,6.552420402490168,SP
2026-06-30,0.0,SP
2026-06-30,100.0,SP
2026-06-30,7.234649516705999,SP
2026-06-30,100.0,SP
2026-06-30,0.0,SP
2026-06-30,0.0,SP
2026-06-30,26.515192469815513,SP
2026-06-30,100.0,SP
2026-06-30,6.7202673542029,SP
2026-06-30,0.0,SP
2026-06-30,0.0,SP
2026-06-30,0.0,SP
2026-06-30,0.0,SP
2026-06-30,40.005073147501534,SP
2026-06-30,4.634378068553039,SP
2026-06-30,0.0,SP
2026-06-30,0.0,SP
2026-06-30,0.0,SP
2026-06-30,0.0,SP
2026-06-30,13.645605555948876,SP
2026-06-30,100.0,SP
2026-06-30,5.18255361989252,SP
2026-06-30,0.0,SP
2026-06-30,100.0,SP
2026-06-30,3.452240327780018,SP
2026-06-30,0.0,SP
2026-06-30,5.594522446717946,SP
2026-06-30,19.17497479345556,SP
2026-06-30,0.0,SP
2026-06-30,0.3462888355078031,SP
2026-06-30,0.0,SP
2026-06-30,20.308328569149168,SP
2026-06-30,0.0,SP
2026-06-30,1.0938003051852336,SP
2026-06-30,16.346458245022014,SP
2026-06-30,0.0,SP
2026-06-30,0.0,SP
2026-06-30,2.102405150309666,SP
2026-06-30,13.757039527986606,SP
2026-06-30,8.10020055480786,SP
2026-06-30,0.0,SP
2026-06-30,100.0,SP
2026-06-30,1.0799235724766472,SP
2026-06-30,5.608404969537205,SP
2026-06-30,12.060187342972663,SP
2026-06-30,3.725630190301403,SP
2026-06-30,24.58497294425219,SP
2026-06-30,30.295127711497134,SP
2026-06-30,0.0,SP
2026-06-30,0.0,SP
2026-06-30,0.0,SP
2026-06-30,9.45755169600833,SP
2026-06-30,100.0,SP
2026-06-30,18.575471836764113,SP
2026-06-30,0.0,SP
2026-06-30,0.0,SP
2026-06-30,88.08966406256758,SP
2026-06-30,3.392289174253951,SP
2026-06-30,0.0,SP
2026-06-30,0.0,SP
2026-06-30,0.0,SP
2026-06-30,15.102780100915696,SP
2026-06-30,100.0,SP
2026-06-30,25.45985997196634,SP
2026-06-30,0.0,SP
2026-06-30,0.0,SP
2026-06-30,12.219258909940892,SP
2026-06-30,0.0,SP
2026-06-30,0.0,SP
2026-06-30,0.0,SP
2026-06-30,3.533471532430431,SP
2026-06-30,2.5426614918987225,SP
2026-06-30,0.0,SP
2026-06-30,0.0,SP
2026-06-30,0.0,SP
2026-06-30,16.541649630614707,SP
2026-06-30,100.0,SP
2026-06-30,5.71698568887631,SP
2026-06-30,0.0,SP
2026-06-30,0.0,SP
2026-06-30,0.0,SP
2026-06-30,100.0,SP
2026-06-30,12.255692583712909,SP
2026-06-30,0.0,SP
2026-06-30,0.0,SP
2026-06-30,0.0,SP
2026-06-30,7.678264390665901,SP
2026-06-30,100.0,SP
2026-06-30,4.170339103664829,SP
2026-06-30,0.0,SP
2026-06-30,0.0,SP
2026-06-30,100.0,SP
2026-06-30,3.6003452671169174,SP
2026-06-30,0.0,SP
2026-06-30,0.0,SP
2026-06-30,0.4968076256680424,SP
2026-06-30,6.257364102242327,SP
2026-06-30,0.0,SP
2026-06-30,0.0,SP
2026-06-30,0.0,SP
2026-06-30,9.991759356808267,SP
2026-06-30,0.0,SP
2026-06-30,0.0,SP
2026-06-30,0.0,SP
2026-06-30,6.016980602229024,SP
2026-06-30,100.0,SP
2026-06-30,7.936753546000783,SP
2026-06-30,0.0,SP
2026-06-30,0.0,SP
2026-06-30,0.0,SP
2026-06-30,29.804749943327497,SP
2026-06-30,6.161472315855208,SP
2026-06-30,100.0,SP
2026-06-30,0.0,SP
2026-06-30,0.0,SP
2026-06-30,1.8955419386523316,SP
2026-06-30,100.0,SP
2026-06-30,7.18423096290489,SP
2026-06-30,0.0,SP
2026-06-30,0.0,SP
2026-06-30,100.0,SP
2026-06-30,4.3697960021191875,SP
2026-06-30,0.0,SP
2026-06-30,8.197774746284574,SP
2026-06-30,28.398277674934324,SP
2026-06-30,0.0,SP
2026-06-30,0.0,SP
2026-06-30,100.0,SP
2026-06-30,5.667801223790425,SP
2026-06-30,0.0,SP
2026-06-30,3.7777332903394822,SP
2026-06-30,0.0,SP
2026-06-30,0.0,SP
2026-06-30,1.1954284131369992,SP
2026-06-30,12.172033411659884,SP
2026-06-30,0.0,SP
2026-06-30,31.79851617449449,SP
2026-06-30,0.0,SP
2026-06-30,5.985009702305163,SP
2026-06-30,0.0,SP
2026-06-30,0.0,SP
2026-06-30,0.0,SP
2026-06-30,100.0,SP
2026-06-30,7.8337142071911945,SP
2026-06-30,0.0,SP
2026-06-30,12.562267194568191,SP
2026-06-30,0.0,SP
2026-06-30,9.441019366822792,SP
2026-06-30,0.0,SP
2026-06-30,0.0,SP
2026-06-30,4.44975567874387,SP
2026-06-30,0.0,SP
2026-06-30,0.0,SP
2026-06-30,0.0,SP
2026-06-30,10.143649360283776,SP
2026-06-30,0.0,SP
2026-06-30,100.0,SP
2026-06-30,8.64543442390347,SP
2026-06-30,100.0,SP
2026-06-30,0.0,SP
2026-06-30,12.436176230366707,SP
2026-06-30,100.0,SP
2026-06-30,8.650427161748846,SP
2026-06-30,0.0,SP
2026-06-30,6.026587219435049,SP
2026-06-30,0.0,SP
2026-06-30,0.0,SP
2026-06-30,27.30923632609798,SP
2026-06-30,100.0,SP
2026-06-30,7.7275252221837025,SP
2026-06-30,0.0,SP
2026-06-30,100.0,SP
2026-06-30,4.6602040362734085,SP
2026-06-30,6.581923869444971,SP
2026-06-30,15.93062841385406,SP
2026-06-30,0.0,SP
2026-06-30,0.0,SP
2026-06-30,8.226092618336596,SP
2026-06-30,100.0,SP
2026-06-30,9.376894519916599,SP
2026-06-30,0.0,SP
2026-06-30,0.0,SP
2026-06-30,3.722832062267628,SP
2026-06-30,0.0,SP
2026-06-30,66.63232211104535,SP
2026-06-30,100.0,SP
2026-06-30,1.6332303956718877,SP
2026-06-30,71.8710569954566,SP
2026-06-30,25.785815763946836,SP
2026-06-30,0.0,SP
2026-06-30,0.0,SP
2026-06-30,4.990779177492036,SP
2026-06-30,8.073731708563905,SP
2026-06-30,0.0,SP
2026-06-30,0.0,SP
2026-06-30,0.0,SP
2026-06-30,0.0,SP
2026-06-30,59.40219785155866,SP
2026-06-30,100.0,SP
2026-06-30,3.59332063736824,SP
2026-06-30,0.0,SP
2026-06-30,0.0,SP
2026-06-30,63.44675150132444,SP
2026-06-30,16.07074674615664,SP
2026-06-30,0.0,SP
2026-06-30,0.0,SP
2026-06-30,0.0,SP
2026-06-30,8.063404994891654,SP
2026-06-30,0.0,SP
2026-06-30,4.9037420943579155,SP
2026-06-30,0.0,SP
2026-06-30,0.0,SP
2026-06-30,1.148999898945554,SP
2026-06-30,100.0,SP
2026-06-30,7.8883502437936155,SP
2026-06-30,0.0,SP
2026-06-30,0.0,SP
2026-06-30,100.0,SP
2026-06-30,10.117226070386637,SP
2026-06-30,100.0,SP
2026-06-30,0.0,SP
2026-06-30,0.0,SP
2026-06-30,21.540285738479295,SP
2026-06-30,100.0,SP
2026-06-30,6.636843352704799,SP
2026-06-30,0.0,SP
2026-06-30,0.0,SP
2026-06-30,34.91047731055218,SP
2026-06-30,7.767922358565592,SP
2026-06-30,0.0,SP
2026-06-30,0.0,SP
2026-06-30,0.0,SP
2026-06-30,23.09355936668991,SP
2026-06-30,100.0,SP
2026-06-30,9.068499573924516,SP
2026-06-30,0.0,SP
2026-06-30,100.0,SP
2026-06-30,5.390067141738185,SP
2026-06-30,0.0,SP
2026-06-30,10.540479684245216,SP
2026-06-30,32.414883529266056,SP
2026-06-30,0.0,SP
2026-06-30,0.0,SP
2026-06-30,9.040113701792542,SP
2026-06-30,6.776088492954437,SP
2026-06-30,0.0,SP
2026-06-30,1.2147489388947332,SP
2026-06-30,0.0,SP
2026-06-30,0.0,SP
2026-06-30,1.1930577512219855,SP
2026-06-30,8.211210705673006,SP
2026-06-30,0.0,SP
2026-06-30,0.0,SP
2026-06-30,24.741093858787174,SP
2026-06-30,2.920035060191001,SP
2026-06-30,0.0,SP
2026-06-30,5.095051678326494,SP
2026-06-30,0.0,SP
2026-06-30,43.80889218532861,SP
2026-06-30,8.524411130397308,SP
2026-06-30,0.0,SP
2026-06-30,15.427484814625661,SP
2026-06-30,100.0,SP
2026-06-30,3.03003766430228,SP
2026-06-30,0.0,SP
2026-06-30,0.0,SP
2026-06-30,0.0,SP
2026-06-30,2.4846384771593106,SP
2026-06-30,0.0,SP
2026-06-30,0.0,SP
2026-06-30,100.0,SP
2026-06-30,5.167208193329392,SP
2026-06-30,0.0,SP
2026-06-30,100.0,SP
2026-06-30,6.7082996355658535,SP
2026-06-30,0.0,SP
2026-06-30,1.1976896492320486,SP
2026-06-30,100.0,SP
2026-06-30,4.033867760404262,SP
2026-06-30,0.0,SP
2026-06-30,100.0,SP
2026-06-30,4.072786408870196,SP
2026-06-30,0.0,SP
2026-06-30,0.0,SP
2026-06-30,4.897796052058115,SP
2026-06-30,0.0,SP
2026-06-30,100.0,SP
2026-06-30,2.9363872523687458,SP
2026-06-30,12.129706034455657,SP
2026-06-30,24.477690479465757,SP
2026-06-30,0.0,SP
2026-06-30,0.0,SP
2026-06-30,4.827726701500111,SP
2026-06-30,0.0,SP
2026-06-30,0.0,SP
2026-06-30,0.0,SP
2026-06-30,0.0,SP
2026-06-30,0.0,SP
2026-06-30,0.0,SP
2026-06-30,0.0,SP
2026-06-30,0.0,SP
2026-06-30,8.606883857314484,SP
2026-06-30,2.0839015440457094,SP
2026-06-30,0.0,SP
2026-06-30,0.37698380845387314,SP
2026-06-30,0.0,SP
2026-06-30,9.91968593375574,SP
2026-06-30,0.0,SP
2026-06-30,3.8681863720933594,SP
2026-06-30,0.0,SP
2026-06-30,0.03930589946956535,SP
2026-06-30,0.0,SP
2026-06-30,2.786476278079236,SP
2026-06-30,1.6997929514529702,SP
2026-06-30,0.17657245828205664,SP
2026-06-30,7.933537438425767,SP
2026-06-30,0.0,SP
2026-06-30,2.1300558472010924,SP
2026-06-30,0.0,SP
2026-06-30,0.0,SP
2026-06-30,0.0,SP
2026-06-30,27.645860481722433,SP
2026-06-30,0.0,SP
2026-06-30,2.278729020731634,SP
2026-06-30,4.01355391842639,SP
2026-06-30,4.436691229783225,SP
2026-06-30,6.117603283880307,SP
2026-06-30,0.0,SP
2026-06-30,12.997618833820326,SP
2026-06-30,0.0,SP
2026-06-30,0.0,SP
2026-06-30,6.256253101780149,SP
2026-06-30,0.0,SP
2026-06-30,4.032284345043617,SP
2026-06-30,0.0,SP
2026-06-30,3.0558026882589866,SP
2026-06-30,0.0,SP
2026-06-30,0.0,SP
2026-06-30,4.417855931472687,SP
2026-06-30,0.0,SP
2026-06-30,3.6531651555212643,SP
2026-06-30,14.912817520284522,SP
2026-06-30,0.0,SP
2026-06-30,1.0809467761615188,SP
2026-06-30,0.0,SP
2026-06-30,3.451640545793492,SP
2026-06-30,0.0,SP
2026-06-30,7.417506632849369,SP
2026-06-30,0.0,SP
2026-06-30,1.2689875966728568,SP
2026-06-30,0.0,SP
2026-06-30,0.0,SP
2026-06-30,6.59957213027402,SP
2026-06-30,30.44404262404817,SP
2026-06-30,4.154774846111901,SP
2026-06-30,0.0,SP
2026-06-30,0.0,SP
2026-06-30,0.0,SP
2026-06-30,0.0,SP
2026-06-30,0.12104754705175133,SP
2026-06-30,0.0,SP
2026-06-30,4.956406305569612,SP
2026-06-30,9.583178664995891,SP
2026-06-30,3.3087834587350993,SP
2026-06-30,1.9223713323383482,SP
2026-06-30,0.0,SP
2026-06-30,4.747693397686047,SP
2026-06-30,2.200034795317373,SP
2026-06-30,0.9232374652409656,SP
2026-06-30,2.1414457620118013,SP
2026-06-30,0.0,SP
2026-06-30,2.818066608614603,SP
2026-06-30,0.0,SP
2026-06-30,0.6616738997461213,SP
2026-06-30,0.0,SP
2026-06-30,3.7269745003043306,SP
2026-06-30,0.0,SP
2026-06-30,1.8309748950478235,SP
2026-06-30,0.0,SP
2026-06-30,3.058722141651875,SP
2026-06-30,1.40594222254026,SP
2026-06-30,0.0,SP
2026-06-30,1.9658903876356044,SP
2026-06-30,0.0,SP
2026-06-30,2.154828317487521,SP
2026-06-30,0.0,SP
2026-06-30,0.0,SP
2026-06-30,2.9439656883300396,SP
2026-06-30,0.0,SP
2026-06-30,3.8982042991523684,SP
2026-06-30,0.0,SP
2026-06-30,8.586165114565354,SP
2026-06-30,18.38350354521249,SP
2026-06-30,0.0,SP
2026-06-30,0.0,SP
2026-06-30,0.0,SP
2026-06-30,0.0,SP
2026-06-30,0.0,SP
2026-06-30,0.0,SP
2026-06-30,10.233795145766054,SP
2026-06-30,0.0,SP
2026-06-30,0.0,SP
2026-06-30,0.0,SP
2026-06-30,0.0,SP
2026-06-30,0.6291329965886321,SP
2026-06-30,6.555455327578463,SP
2026-06-30,6.386275630777112,SP
2026-06-30,4.2300623990877435,SP
2026-06-30,0.0,SP
2026-06-30,2.0328552273601845,SP
2026-06-30,7.272618244899949,SP
2026-06-30,22.320795331831235,SP
2026-06-30,2.2409005505643376,SP
2026-06-30,4.54120702886042,SP
2026-06-30,0.0,SP
2026-06-30,4.107140711302374,SP
2026-06-30,0.0,SP
2026-06-30,3.883826274792367,SP
2026-06-30,0.0,SP
2026-06-30,12.499428632977702,SP
2026-06-30,2.6404259708596505,SP
2026-06-30,0.0,SP
2026-06-30,5.8726077674546975,SP
2026-06-30,8.804351713890371,SP
2026-06-30,3.6656068514605544,SP
2026-06-30,0.0,SP
2026-06-30,3.6027656629369584,SP
2026-06-30,9.835944686593528,SP
2026-06-30,0.0,SP
2026-06-30,2.8838443415587607,SP
2026-06-30,22.60553236115168,SP
2026-06-30,2.932951244579049,SP
2026-06-30,0.7368110963908634,SP
2026-06-30,3.9127822760964417,SP
2026-06-30,0.0,SP
2026-06-30,6.850046892502565,SP
2026-06-30,0.0,SP
2026-06-30,0.0,SP
2026-06-30,100.0,SP
2026-06-30,0.0,SP
2026-06-30,3.1370167762626786,SP
2026-06-30,32.16775306792441,SP
2026-06-30,0.0,SP
2026-06-30,0.0,SP
2026-06-30,0.0,SP
2026-06-30,0.0,SP
2026-06-30,61.493290564374625,SP
2026-06-30,3.506532737113051,SP
2026-06-30,0.0,SP
2026-06-30,3.330621923777087,SP
2026-06-30,0.0,SP
2026-06-30,1.1865022910784973,SP
2026-06-30,0.0,SP
2026-06-30,7.398763332277114,SP
2026-06-30,0.0,SP
2026-06-30,0.0,SP
2026-06-30,3.501246957050984,SP
2026-06-30,0.0,SP
2026-06-30,4.271223088690992,SP
2026-06-30,0.0,SP
2026-06-30,6.240027066182939,SP
2026-06-30,0.0,SP
2026-06-30,5.81638349552225,SP
2026-06-30,3.631827064482391,SP
2026-06-30,3.403662619853217,SP
2026-06-30,0.0,SP
2026-06-30,4.383945838532237,SP
2026-06-30,0.0,SP
2026-06-30,0.0,SP
2026-06-30,10.950088156615658,SP
2026-06-30,0.0,SP
2026-06-30,2.102000131408237,SP
2026-06-30,0.0,SP
2026-06-30,8.229676720359834,SP
2026-06-30,0.0,SP
2026-06-30,0.0,SP
2026-06-30,8.544301916514401,SP
2026-06-30,0.0,SP
2026-06-30,3.724723757320957,SP
2026-06-30,0.0,SP
2026-06-30,11.732929120640181,SP
2026-06-30,21.930604696583906,SP
2026-06-30,0.727030742601185,SP
2026-06-30,4.150793301911342,SP
2026-06-30,0.0,SP
2026-06-30,5.254542482417353,SP
2026-06-30,5.1387690857782875,SP
2026-06-30,1.5830594050334137,SP
2026-06-30,0.0,SP
2026-06-30,7.6204951780486265,SP
2026-06-30,0.0,SP
2026-06-30,0.0,SP
2026-06-30,2.6014300783103494,SP
2026-06-30,0.0,SP
2026-06-30,4.200003679066203,SP
2026-06-30,33.81364685503793,SP
2026-06-30,3.591510236691235,SP
2026-06-30,0.0,SP
2026-06-30,3.456415249967706,SP
2026-06-30,0.0,SP
2026-06-30,12.938721893554828,SP
2026-06-30,0.0,SP
2026-06-30,5.163996783607294,SP
2026-06-30,0.0,SP
2026-06-30,20.066636217031046,SP
2026-06-30,78.28744496053794,SP
2026-06-30,0.0,SP
2026-06-30,0.07895390706885783,SP
2026-06-30,0.0,SP
2026-06-30,1.9476042245203262,SP
2026-06-30,10.990956216878697,SP
2026-06-30,0.0,SP
2026-06-30,0.0,SP
2026-06-30,0.0,SP
2026-06-30,0.661594751068564,SP
2026-06-30,0.0,SP
2026-06-30,1.6800087197589926,SP
2026-06-30,0.0,SP
2026-06-30,0.0,SP
2026-06-30,28.435661759088138,SP
2026-06-30,0.5503596658668389,SP
2026-06-30,0.0,SP
2026-06-30,2.1122735676612643,SP
2026-06-30,0.0,SP
2026-06-30,2.2721804492527884,SP
2026-06-30,2.977595700964374,SP
2026-06-30,11.458303441277105,SP
2026-06-30,2.600794061339032,SP
2026-06-30,0.0,SP
2026-06-30,3.872222626665578,SP
2026-06-30,0.0,SP
2026-06-30,3.625444159375689,SP
2026-06-30,0.0,SP
2026-06-30,2.5554612571601325,SP
2026-06-30,0.0,SP
2026-06-30,0.0,SP
2026-06-30,0.0,SP
2026-06-30,0.0,SP
2026-06-30,0.0,SP
2026-06-30,0.0,SP
2026-06-30,0.0,SP
2026-06-30,0.0,SP
2026-06-30,0.0,SP
2026-06-30,0.0,SP
2026-06-30,0.0,SP
2026-06-30,0.0,SP
2026-06-30,3.504540420622606,SP
2026-06-30,7.385533586498417,SP
2026-06-30,3.848494171338838,SP
2026-06-30,3.8736786957606655,SP
2026-06-30,1.8404299060287093,SP
2026-06-30,11.777241747883961,SP
2026-06-30,5.361739126396623,SP
2026-06-30,1.284359905404041,SP
2026-06-30,1.482447362432442,SP
2026-06-30,12.023871572771014,SP
2026-06-30,5.056640143954255,SP
2026-06-30,7.7466423763100964,SP
2026-06-30,3.977163232043252,SP
2026-06-30,4.484556124776061,SP
2026-06-30,3.24801808931849,SP
2026-06-30,63.123255460869764,SP
2026-06-30,8.424511910766032,SP
2026-06-30,4.517196581332863,SP
2026-06-30,19.131669982878115,SP
2026-06-30,4.8756949910307315,SP
2026-06-30,5.761228715437449,SP
2026-06-30,1.6349943487926,SP
2026-06-30,18.090970613395296,SP
2026-06-30,7.366131117156348,SP
2026-06-30,4.965364921911657,SP
2026-06-30,4.349941205029779,SP
2026-06-30,17.050631708801294,SP
2026-06-30,6.588587270024177,SP
2026-06-30,12.715079381211872,SP
2026-06-30,6.054218753033281,SP
2026-06-30,7.545719668723808,SP
2026-06-30,5.39562784956203,SP
2026-06-30,24.035984709918885,SP
2026-06-30,1.841669019057647,SP
2026-06-30,2.5167362512940423,SP
2026-06-30,19.604389855950785,SP
2026-06-30,4.089952941117462,SP
2026-06-30,4.588166997488983,SP
2026-06-30,1.3951249442941327,SP
2026-06-30,15.407069061631514,SP
2026-06-30,5.240994163778811,SP
2026-06-30,4.458168776063234,SP
2026-06-30,2.410568578866925,SP
2026-06-30,13.043331410433376,SP
2026-06-30,5.039074435760114,SP
2026-06-30,9.817655443629409,SP
2026-06-30,4.462962006046631,SP
2026-06-30,6.5164360638186345,SP
2026-06-30,3.2977831005409306,SP
2026-06-30,16.205663376892808,SP
2026-06-30,0.0,SP
2026-06-30,0.0,SP
2026-06-30,0.0,SP
2026-06-30,15.129289565728921,SP
2026-06-30,1.388353411565193,SP
2026-06-30,5.640077981065195,SP
2026-06-30,1.7029022102759153,SP
2026-06-30,15.437181535663544,SP
2026-06-30,4.480961471840353,SP
2026-06-30,0.0,SP
2026-06-30,7.555196459551983,SP
2026-06-30,20.987204432357036,SP
2026-06-30,5.571044626584287,SP
2026-06-30,14.805568955582018,SP
2026-06-30,4.278143900553631,SP
2026-06-30,0.0,SP
2026-06-30,5.3720654033268245,SP
2026-06-30,8.71619599412181,SP
2026-06-30,3.1350644283290645,SP
2026-06-30,13.839027321542597,SP
2026-06-30,2.739961833554455,SP
2026-06-30,4.0279192063526414,SP
2026-06-30,1.2650687318325087,SP
2026-06-30,12.302121596941245,SP
2026-06-30,4.96051347238892,SP
2026-06-30,7.811087755817235,SP
2026-06-30,3.513363837100613,SP
2026-06-30,13.706723904772334,SP
2026-06-30,5.109314943259679,SP
2026-06-30,9.14523524596906,SP
2026-06-30,5.254090064012457,SP
2026-06-30,6.2083657897518805,SP
2026-06-30,3.937051655947727,SP
2026-06-30,8.77718419357747,SP
2026-06-30,0.0,SP
2026-06-30,7.553392113779422,SP
2026-06-30,5.026952376888769,SP
2026-06-30,17.642498560244164,SP
2026-06-30,3.7746650433432025,SP
2026-06-30,4.337648421906288,SP
2026-06-30,1.8651318479298868,SP
2026-06-30,16.270990853273222,SP
2026-06-30,6.416249358762391,SP
2026-06-30,4.119733597493362,SP
2026-06-30,5.863850675065903,SP
2026-06-30,13.03942382901202,SP
2026-06-30,5.75271050776585,SP
2026-06-30,11.07322511123777,SP
2026-06-30,6.165418931860865,SP
2026-06-30,7.40754807220075,SP
2026-06-30,4.887750469476108,SP
2026-06-30,100.0,SP
2026-06-30,5.61228148394958,SP
2026-06-30,4.863674675278067,SP
2026-06-30,26.86960715557541,SP
2026-06-30,7.477399091838915,SP
2026-06-30,5.416944679451366,SP
2026-06-30,3.9117590040967176,SP
2026-06-30,21.83176765854017,SP
2026-06-30,8.34694520782207,SP
2026-06-30,9.710267732925093,SP
2026-06-30,5.521116077503947,SP
2026-06-30,17.331120457775164,SP
2026-06-30,8.128475219058192,SP
2026-06-30,12.562539951184847,SP
2026-06-30,7.565806950230011,SP
2026-06-30,11.138907187402555,SP
2026-06-30,6.857282134493986,SP
2026-06-30,30.59571499761689,SP
2026-06-30,6.218665512289137,SP
2026-06-30,0.03546529809175594,SP
2026-06-30,0.2739850243025571,SP
2026-06-30,15.87690934325778,SP
2026-06-30,2.7572679899146064,SP
2026-06-30,4.713809979459451,SP
2026-06-30,0.9708706127483091,SP
2026-06-30,14.828321041670694,SP
2026-06-30,5.1097807768616645,SP
2026-06-30,2.780721619812119,SP
2026-06-30,1.2712317260856225,SP
2026-06-30,13.596314111827823,SP
2026-06-30,3.79708648715716,SP
2026-06-30,7.174227027651551,SP
2026-06-30,3.3149798664058814,SP
2026-06-30,3.2981707286577495,SP
2026-06-30,2.234273498224967,SP
2026-06-30,0.0,SP
2026-06-30,5.6152940809163985,SP
2026-06-30,3.098146140102468,SP
2026-06-30,3.9222856064728284,SP
2026-06-30,0.0,SP
2026-06-30,0.0,SP
2026-06-30,3.1173765674308322,SP
2026-06-30,0.0,SP
2026-06-30,0.0,SP
2026-06-30,0.0,SP
2026-06-30,29.71564959207581,SP
2026-06-30,10.005175368392095,SP
2026-06-30,0.0,SP
2026-06-30,44.44247471258236,SP
2026-06-30,100.0,SP
2026-06-30,7.8190551925974905,SP
2026-06-30,0.0,SP
2026-06-30,0.0,SP
2026-06-30,17.303454328100013,SP
2026-06-30,0.0,SP
2026-06-30,4.193388254902184,SP
2026-06-30,0.0,SP
2026-06-30,0.0,SP
2026-06-30,0.0,SP
2026-06-30,9.690671550646504,SP
2026-06-30,0.0,SP
2026-06-30,10.399305587966536,SP
2026-06-30,0.0,SP
2026-06-30,9.093219503117496,SP
2026-06-30,21.455959454397966,SP
2026-06-30,6.035522139989678,SP
2026-06-30,0.0,SP
2026-06-30,0.0,SP
2026-06-30,25.87832814293337,SP
2026-06-30,13.475950616914126,SP
2026-06-30,5.398321181538284,SP
2026-06-30,26.51325122774375,SP
2026-06-30,100.0,SP
2026-06-30,0.0,SP
2026-06-30,1.6511394846830725,SP
2026-06-30,0.0,SP
2026-06-30,5.606831290783375,SP
2026-06-30,0.0,SP
2026-06-30,0.0,SP
2026-06-30,0.0,SP
2026-06-30,13.670939641129621,SP
2026-06-30,0.0,SP
2026-06-30,6.039650505370312,SP
2026-06-30,0.0,SP
2026-06-30,0.0,SP
2026-06-30,7.666153637425656,SP
2026-06-30,100.0,SP
2026-06-30,14.336675361098456,SP
2026-06-30,0.0,SP
2026-06-30,0.0,SP
2026-06-30,12.545168043773353,SP
2026-06-30,0.0,SP
2026-06-30,8.70577808889714,SP
2026-06-30,0.0,SP
2026-06-30,1.133880319679954,SP
2026-06-30,0.0,SP
2026-06-30,56.262251166642365,SP
2026-06-30,0.0,SP
2026-06-30,13.336848500779746,SP
2026-06-30,0.0,SP
2026-06-30,4.548404037848793,SP
2026-06-30,0.0,SP
2026-06-30,0.0,SP
2026-06-30,100.0,SP
2026-06-30,8.363794912958507,SP
2026-06-30,56.68408911863625,SP
2026-06-30,0.0,SP
2026-06-30,4.58909702539306,SP
2026-06-30,0.0,SP
2026-06-30,24.035031415367182,SP
2026-06-30,21.974997148880185,SP
2026-06-30,0.0,SP
2026-06-30,15.13556228037781,SP
2026-06-30,0.0,SP
2026-06-30,1.2064061119757254,SP
2026-06-30,29.064532900055625,SP
2026-06-30,17.609652880169698,SP
2026-06-30,3.134790308879852,SP
2026-06-30,31.992650245162235,SP
2026-06-30,14.802698848612634,SP
2026-06-30,16.036419981231756,SP
2026-06-30,32.925916800246625,SP
2026-06-30,11.45532326942777,SP
2026-06-30,3.905938751889294,SP
2026-06-30,0.0,SP
2026-06-30,9.892957812535471,SP
2026-06-30,0.0,SP
2026-06-30,6.560503642439036,SP
2026-06-30,0.0,SP
2026-06-30,29.081357437418564,SP
2026-06-30,0.0,SP
2026-06-30,0.0,SP
2026-06-30,12.674455934858111,SP
2026-06-30,13.547669012684525,SP
2026-06-30,0.0,SP
2026-06-30,17.560024687675995,SP
2026-06-30,0.0,SP
2026-06-30,0.0,SP
2026-06-30,0.0,SP
2026-06-30,0.0,SP
2026-06-30,0.0,SP
2026-06-30,0.0,SP
2026-06-30,0.0,SP
2026-06-30,0.0,SP
2026-06-30,0.0,SP
2026-06-30,0.0,SP
2026-06-30,0.0,SP
2026-06-30,0.43702963545459145,SP
2026-06-30,0.0,SP
2026-06-30,0.0,SP
2026-06-30,0.0,SP
2026-06-30,0.0,SP
2026-06-30,0.0,SP
2026-06-30,0.0,SP
2026-06-30,0.0,SP
2026-06-30,0.0,SP
2026-06-30,0.0,SP
2026-06-30,0.0,SP
2026-06-30,0.0,SP
2026-06-30,0.0,SP
2026-06-30,0.0,SP
2026-06-30,0.0,SP
2026-06-30,0.32199801145665424,SP
2026-06-30,0.0,SP
2026-06-30,0.0,SP
2026-06-30,0.0,SP
2026-06-30,0.0,SP
2026-06-30,100.0,TO
2026-06-30,0.0,TO
2026-06-30,0.0,TO
2026-06-30,0.0,TO
2026-06-30,0.0,TO
2026-06-30,0.18943871531059817,TO
2026-06-30,0.0,TO
2026-06-30,1.574034470089548,TO
2026-06-30,6.2778979767140655,TO
2026-06-30,0.0,TO
2026-06-30,8.06235696611131,TO
2026-06-30,4.056933870964714,TO
2026-06-30,8.091086880362191,TO
2026-06-30,1.9701143894168425,TO
2026-06-30,4.210001605159729,TO
2026-06-30,6.83905534912515,TO
2026-06-30,9.691821200678467,TO
2026-06-30,3.489159358693391,TO
2026-06-30,5.158829697659334,TO
2026-06-30,3.065131992160718,TO
2026-06-30,4.872791329068575,TO
2026-06-30,0.7004868550632657,TO
2026-06-30,0.0,TO
2026-06-30,0.0,TO
2026-06-30,3.6878515879282356,TO
2026-06-30,27.51596145366787,TO
2026-06-30,0.0,TO
2026-06-30,0.0,TO
2026-06-30,100.0,TO
2026-06-30,8.58885777565092,TO
2026-06-30,2.269154031664196,TO
2026-06-30,25.887281851676967,TO
2026-06-30,0.0,TO
2026-06-30,2.3374450879188164,TO
2026-06-30,20.292138268343663,TO
2026-06-30,18.352539552874113,TO
2026-06-30,8.635908216572608,TO
2026-06-30,0.0,TO
2026-06-30,5.044210271208346,TO
2026-06-30,0.0,TO
2026-06-30,6.564633652885384,TO
2026-06-30,0.0,TO
2026-06-30,10.12988874376652,TO
2026-06-30,100.0,TO
2026-06-30,4.455476363971789,TO
2026-06-30,7.680231877874892,TO
2026-06-30,7.631424917600158,TO
2026-06-30,5.446001223702486,TO
2026-06-30,8.740071136469712,TO
2026-06-30,91.25888212131088,TO
2026-06-30,0.0,TO
2026-06-30,0.0,TO
2026-06-30,100.0,TO
2026-06-30,13.011828543244683,TO
2026-06-30,0.0,TO
2026-06-30,5.060701328350866,TO
2026-06-30,16.721395139050376,TO
2026-06-30,17.2351545060755,TO
2026-06-30,0.0,TO
2026-06-30,0.9464260575398361,TO
2026-06-30,100.0,TO
2026-06-30,2.369200414435052,TO
2026-06-30,11.760306483489716,TO
2026-06-30,0.0,TO
2026-06-30,0.0,TO
2026-06-30,3.345100726056626,TO
2026-06-30,10.267372641789498,TO
2026-06-30,0.0,TO
2026-06-30,7.44161756932247,TO
2026-06-30,0.0,TO
2026-06-30,5.226013719477641,TO
2026-06-30,0.0,TO
2026-06-30,3.8642641174629393,TO
2026-06-30,0.0,TO
2026-06-30,7.0110512609504685,TO
2026-06-30,3.013839250747063,TO
2026-06-30,11.17470643898421,TO
2026-06-30,13.726825026339473,TO
2026-06-30,0.0,TO
2026-06-30,0.0,TO
2026-06-30,2.1983720643725055,TO
2026-06-30,41.20718993275678,TO
2026-06-30,0.0,TO
2026-06-30,0.0,TO
2026-06-30,46.92728037256023,TO
2026-06-30,0.0,TO
2026-06-30,0.0,TO
2026-06-30,0.0,TO
2026-06-30,0.0,TO
2026-06-30,0.0,TO
2026-06-30,0.0,TO
2026-06-30,0.0217286628441565,TO
2026-06-30,1.568087444807258,TO
2026-06-30,4.609069161729009,TO
2026-06-30,100.0,TO
2026-06-30,100.0,TO
2026-06-30,0.21607826847556139,TO
2026-06-30,17.822297060136847,TO
2026-06-30,0.0,TO
2026-06-30,0.0,TO
2026-06-30,14.684146269378237,TO
2026-06-30,100.0,TO
2026-06-30,4.5250874384188355,TO
2026-06-30,0.0,TO
2026-06-30,0.0,TO
2026-06-30,9.322471915785083,TO
2026-06-30,0.0,TO
2026-06-30,100.0,TO
2026-06-30,5.861060149427817,TO
2026-06-30,0.0,TO
2026-06-30,100.0,TO
2026-06-30,4.572740121090619,TO
2026-06-30,7.896640896532042,TO
2026-06-30,16.211407079583378,TO
2026-06-30,100.0,TO
2026-06-30,11.459005488583387,TO
2026-06-30,9.835480428008434,TO
2026-06-30,0.0,TO
2026-06-30,100.0,TO
2026-06-30,9.822140672161128,TO
2026-06-30,0.0,TO
2026-06-30,3.9656799465904515,TO
2026-06-30,2.9763369835635944,TO
2026-06-30,0.9462907746227895,TO
2026-06-30,42.171488075459806,TO
2026-06-30,5.456547424994958,TO
2026-06-30,0.0,TO
2026-06-30,18.34439552538889,TO
2026-06-30,0.0,TO
2026-06-30,3.0530639356339053,TO
2026-06-30,11.763146543299326,TO
2026-06-30,0.0,TO
2026-06-30,38.93909475727794,TO
2026-06-30,3.2476651538125347,TO
2026-06-30,6.635550509605101,TO
2026-06-30,5.039728243807965,TO
2026-06-30,12.299716956740932,TO
2026-06-30,3.8627339165228043,TO
2026-06-30,12.818107389574857,TO
2026-06-30,3.335317948692558,TO
2026-06-30,13.180754378750692,TO
2026-06-30,0.0,TO
2026-06-30,0.0,TO
2026-06-30,0.0,TO
2026-06-30,100.0,TO
2026-06-30,0.8542793863050325,TO
2026-06-30,9.276048176443702,TO
2026-06-30,4.454044037835966,TO
2026-06-30,28.423235565376046,TO
2026-06-30,39.547424563380424,TO
2026-06-30,2.8013132066087727,TO
2026-06-30,7.4677228359479955,TO
2026-06-30,12.257392708761616,TO
2026-06-30,9.38930686886531,TO
2026-06-30,5.018599707691472,TO
2026-06-30,0.0,TO
2026-06-30,0.0,TO
2026-06-30,100.0,TO
2026-06-30,4.581167507648196,TO
2026-06-30,7.473201943241527,TO
2026-06-30,0.0,TO
2026-06-30,6.602809432687902,TO
2026-06-30,5.771415444248827,TO
2026-06-30,0.0,TO
2026-06-30,22.76950666267725,TO
2026-06-30,0.0,TO
2026-06-30,4.611651765538081,TO
2026-06-30,5.191160904400547,TO
2026-06-30,17.0335094372094,TO
2026-06-30,12.838763006178363,TO
2026-06-30,0.6867144267527338,TO
2026-06-30,34.04804121065412,TO
2026-06-30,9.705490039527321,TO
2026-06-30,1.1683008320825532,TO
2026-06-30,4.924773455185267,TO
2026-06-30,0.0,TO
2026-06-30,11.571035045630621,TO
2026-06-30,9.08559862950686,TO
2026-06-30,2.0468223947859796,TO
2026-06-30,100.0,TO
2026-06-30,8.722046779202607,TO
2026-06-30,6.034381029125345,TO
2026-06-30,8.761521077220143,TO
2026-06-30,3.562672060377271,TO
2026-06-30,0.0,TO
2026-06-30,0.0,TO
2026-06-30,100.0,TO
2026-06-30,5.359909218418267,TO
2026-06-30,0.0,TO
2026-06-30,2.469398422109777,TO
2026-06-30,4.897206748596929,TO
2026-06-30,0.0,TO
2026-06-30,0.0,TO
2026-06-30,9.239286809756459,TO
2026-06-30,0.0,TO
2026-06-30,0.0,TO
2026-06-30,0.0,TO
2026-06-30,0.0,TO
2026-06-30,0.0,TO
2026-06-30,0.0,TO
2026-06-30,0.0,TO
2026-06-30,0.0,TO
2026-06-30,0.0,TO
2026-06-30,100.0,TO
2026-06-30,0.0,TO
2026-06-30,0.0,TO
2026-06-30,0.0,TO
2026-06-30,0.0,TO
2026-06-30,3.9961386004818156,TO
2026-06-30,7.545317182000767,TO
2026-06-30,87.2467024952114,TO
2026-06-30,11.626803101631717,TO
2026-06-30,0.0,TO
2026-06-30,0.0,TO
2026-06-30,0.0,TO
2026-06-30,0.0,TO
2026-06-30,0.0,TO
2026-06-30,0.0,TO
2026-06-30,15.023569144943977,TO
2026-06-30,1.3216067245212209,TO
2026-06-30,0.0,TO
2026-06-30,2.3280684189933263,TO
2026-06-30,0.0,TO
2026-06-30,1.9203517167212116,TO
2026-06-30,0.0,TO
2026-06-30,57.76391416284669,TO
2026-06-30,0.0,TO
2026-06-30,4.088508705628413,TO
2026-06-30,8.616239596541247,TO
2026-06-30,0.0,TO
2026-06-30,0.0,TO
2026-06-30,2.1076330387545283,TO
2026-06-30,0.6953810604641677,TO
2026-06-30,0.0,TO
2026-06-30,0.0,TO
2026-06-30,0.0,TO
2026-06-30,0.0,TO
2026-06-30,0.0,TO
2026-06-30,0.0,TO
2026-06-30,0.0,TO
2026-06-30,0.0,TO
2026-06-30,2.8174332738496544,TO
2026-06-30,0.0,TO
2026-06-30,0.0,TO
2026-06-30,0.0,TO
2026-06-30,0.0,TO
2026-06-30,7.139606616771914,TO
2026-06-30,0.0,TO
2026-06-30,0.0,TO
2026-06-30,9.639972850640891,TO
2026-06-30,0.0,TO
2026-06-30,5.701404957988614,TO
2026-06-30,0.0,TO
2026-06-30,0.0,TO
2026-06-30,5.327793787440834,TO
2026-06-30,6.98336752710903,TO
2026-06-30,0.0,TO
2026-06-30,0.0,TO
2026-06-30,0.0,TO
2026-06-30,0.0,TO
2026-06-30,18.726558819279607,TO
2026-06-30,0.0,TO
2026-06-30,9.04656930949746,TO
2026-06-30,31.44045176792678,TO
2026-06-30,0.0,TO
2026-06-30,100.0,TO
2026-06-30,27.63327549500527,TO
2026-06-30,15.38170202139845,TO
2026-06-30,0.0,TO
2026-06-30,7.816708771691403,TO
2026-06-30,2.94877092499069,TO
2026-06-30,10.036645070836583,TO
2026-06-30,3.2855496839905842,TO
2026-06-30,0.0,TO
2026-06-30,17.81915643968955,TO
2026-06-30,19.453949852301175,TO
2026-06-30,5.321251858257626,TO
2026-06-30,3.8798014318394927,TO
2026-06-30,0.0,TO
2026-06-30,0.0,TO
2026-06-30,0.0,TO
2026-06-30,0.0,TO
2026-06-30,0.0,TO
2026-06-30,0.0,TO
2026-06-30,0.0,TO
2026-06-30,4.798249815069331,TO
2026-06-30,0.0,TO
2026-06-30,0.0,TO
2026-06-30,0.0,TO
2026-06-30,0.0,TO
2026-06-30,0.0,TO
2026-06-30,0.0,TO
2026-06-30,0.0,TO
2026-06-30,0.0,TO
2026-06-30,0.0,TO
2026-06-30,0.0,TO
2026-06-30,0.0,TO
2026-06-30,0.0,TO
2026-06-30,18.600771894096166,TO
2026-06-30,21.872066411289854,TO
2026-06-30,10.467400985065659,TO
2026-06-30,0.0,TO
2026-06-30,0.49264180351757625,TO
2026-06-30,7.350769210596118,TO
2026-06-30,10.472363232590942,TO
2026-06-30,0.0,TO
2026-06-30,0.0,TO
2026-06-30,0.0,TO
2026-06-30,0.5455781592416035,TO
2026-06-30,0.0,TO
2026-06-30,4.089661096732952,TO
2026-06-30,0.0,TO
2026-06-30,9.525929865022082,TO
2026-06-30,0.0,TO
2026-06-30,0.0,TO
2026-06-30,0.0,TO
2026-06-30,4.493860775417017,TO
2026-06-30,16.195377172932517,TO
2026-06-30,0.0,TO
2026-06-30,9.568279944912428,TO
2026-06-30,6.216219782489244,TO
2026-06-30,0.0,TO
2026-06-30,7.132461764961559,TO
2026-06-30,0.0,TO
2026-06-30,4.263067852123757,TO
2026-06-30,0.0,TO
2026-06-30,0.0,TO
2026-06-30,1.5594809851088263,TO
2026-06-30,0.0,TO
2026-06-30,0.0,TO
2026-06-30,0.0,TO
2026-06-30,0.0,TO
2026-06-30,5.061009756144975,TO
2026-06-30,0.0,TO
2026-06-30,0.0,TO
2026-06-30,17.618257349273495,TO
2026-06-30,4.1685175264621,TO
2026-06-30,0.0,TO
2026-06-30,2.9242699680942685,TO
2026-06-30,0.0,TO
2026-06-30,0.0,TO
2026-06-30,5.265772520170472,TO
2026-06-30,0.0,TO
2026-06-30,7.975920354771358,TO
2026-06-30,0.0,TO
2026-06-30,6.241803575175134,TO
2026-06-30,1.7013374247053106,TO
2026-06-30,0.0,TO
2026-06-30,0.0,TO
2026-06-30,0.0,TO
2026-06-30,5.0858246574215045,TO
2026-06-30,0.0,TO
2026-06-30,3.435232532324977,TO
2026-06-30,1.3119527167878584,TO
2026-06-30,9.920667715479134,TO
2026-06-30,0.9789517528083505,TO
2026-06-30,22.154111730313815,TO
2026-06-30,1.4923072935885935,TO
2026-06-30,30.46145023117618,TO
2026-06-30,18.066579412606174,TO
2026-06-30,0.7616080939227912,TO
2026-06-30,2.1929858634742,TO
2026-06-30,8.121678024104147,TO
2026-06-30,2.392230142947889,TO
2026-06-30,0.0,TO
2026-06-30,9.329845804607555,TO
2026-06-30,33.95079524606673,TO
2026-06-30,2.9359806956333343,TO
2026-06-30,6.108377560907435,TO
2026-06-30,1.5138933914282975,TO
2026-06-30,18.449075003273407,TO
2026-06-30,8.091559626742301,TO
2026-06-30,9.776088869478066,TO
2026-06-30,5.572275056182787,TO
2026-06-30,14.725934208365663,TO
2026-06-30,5.2923595603054725,TO
2026-06-30,0.5112249735764384,TO
2026-06-30,5.581002452415389,TO
2026-06-30,14.776044966169039,TO
2026-06-30,6.407688729687065,TO
2026-06-30,0.0,TO
2026-06-30,3.323613468939504,TO
2026-06-30,15.024978424170024,TO
2026-06-30,2.3914380171610783,TO
2026-06-30,6.859386365242873,TO
2026-06-30,2.0214379215446225,TO
2026-06-30,10.627018701268979,TO
2026-06-30,7.758639005632525,TO
2026-06-30,0.0,TO
2026-06-30,2.27243927691409,TO
2026-06-30,12.979909379795613,TO
2026-06-30,5.370137581585014,TO
2026-06-30,8.689289237409396,TO
2026-06-30,4.705662755559931,TO
2026-06-30,0.0,TO
2026-06-30,2.271912675852129,TO
2026-06-30,0.0,TO
2026-06-30,27.74081593941225,TO
2026-06-30,0.0,TO
2026-06-30,0.0,TO
2026-06-30,0.0,TO
2026-06-30,17.82585737689381,TO
2026-06-30,0.0,TO
2026-06-30,0.0,TO
2026-06-30,0.0,TO
2026-06-30,0.0,TO
2026-06-30,9.374400114057241,TO
2026-06-30,3.5017839664829027,TO
2026-06-30,14.437824862853383,TO
2026-06-30,4.103540977467414,TO
2026-06-30,12.229828617373641,TO
2026-06-30,2.7931676889711192,TO
2026-06-30,20.771446553680196,TO
2026-06-30,8.479368201290114,TO
2026-06-30,35.254383195842365,TO
2026-06-30,6.162852113746079,TO
2026-06-30,6.702743208372894,TO
2026-06-30,7.941223876514876,TO
2026-06-30,15.090006705681294,TO
2026-06-30,5.634763669596063,TO
2026-06-30,1.6511200106920336,TO
2026-06-30,3.8525377095151794,TO
2026-06-30,0.0,TO
2026-06-30,0.0,TO
2026-06-30,18.16129339055765,TO
2026-06-30,9.258453968493406,TO
2026-06-30,7.2446784588481625,TO
2026-06-30,2.4025501548342034,TO
2026-06-30,6.266515503474002,TO
2026-06-30,10.940957672885208,TO
2026-06-30,0.0,TO
2026-06-30,1.5474689903779117,TO
2026-06-30,7.239878396475224,TO
2026-06-30,11.67277367975705,TO
2026-06-30,8.781881465605112,TO
2026-06-30,4.434798649896892,TO
2026-06-30,0.0,TO
2026-06-30,3.700577560274139,TO
2026-06-30,2.0647798377810904,TO
2026-06-30,11.977389888718706,TO
2026-06-30,31.634434257171286,TO
2026-06-30,6.399234460813663,TO
2026-06-30,13.942418793693479,TO
2026-06-30,3.0495592288075257,TO
2026-06-30,29.268585880652005,TO
2026-06-30,9.922148705193113,TO
2026-06-30,4.1828974855732435,TO
2026-06-30,2.6631453976339654,TO
2026-06-30,22.338239128912736,TO
2026-06-30,6.876112138664387,TO
2026-06-30,9.638202726028554,TO
2026-06-30,5.482737311632289,TO
2026-06-30,1.0936594048292418,TO
2026-06-30,4.796142171587965,TO
2026-06-30,19.574629071348348,TO
2026-06-30,33.091672909922764,TO
2026-06-30,3.4384294942919023,TO
2026-06-30,17.263265916526933,TO
2026-06-30,1.8807338695486262,TO
2026-06-30,4.772062705449573,TO
2026-06-30,1.150247766745202,TO
2026-06-30,11.88445085744124,TO
2026-06-30,4.2539731039861355,TO
2026-06-30,0.0,TO
2026-06-30,1.1856378678614439,TO
2026-06-30,9.27914028695964,TO
2026-06-30,10.437183016478253,TO
2026-06-30,26.3241676262218,TO
2026-06-30,4.1088850476826515,TO
2026-06-30,0.42902899597516114,TO
2026-06-30,2.6691927945186213,TO
2026-06-30,0.0,TO
2026-06-30,100.0,TO
2026-06-30,8.515097493981424,TO
2026-06-30,0.0,TO
2026-06-30,0.0,TO
2026-06-30,0.0,TO
2026-06-30,0.0,TO
2026-06-30,13.151331665405861,TO
2026-06-30,0.0,TO
2026-06-30,0.0,TO
2026-06-30,0.0,TO
2026-06-30,13.655780831182524,TO
2026-06-30,28.518986429630726,TO
2026-06-30,0.0,TO
2026-06-30,0.0,TO
2026-06-30,0.0,TO
2026-06-30,0.0,TO
2026-06-30,17.95085338018367,TO
2026-06-30,0.0,TO
2026-06-30,0.0,TO
2026-06-30,0.0,TO
2026-06-30,0.0,TO
2026-06-30,0.0,TO
2026-06-30,0.0,TO
2026-06-30,3.7980061905774978,TO
2026-06-30,0.0,TO
2026-06-30,0.0,TO
2026-06-30,0.0,TO
2026-06-30,17.113038468273526,TO
2026-06-30,13.410447827311403,TO
2026-06-30,0.0,TO
2026-06-30,26.852180655343595,TO
2026-06-30,0.0,TO
2026-06-30,7.5673788577014385,TO
2026-06-30,0.0,TO
2026-06-30,0.0,TO
2026-06-30,56.085260725908626,TO
2026-06-30,7.832751974927879,TO
2026-06-30,0.0,TO
2026-06-30,4.334876137998064,TO
2026-06-30,0.0,TO
2026-06-30,0.0,TO
2026-06-30,0.0,TO
2026-06-30,0.0,TO
2026-06-30,0.0,TO
2026-06-30,0.0,TO
2026-06-30,0.0,TO
2026-06-30,0.0,TO
2026-06-30,0.0,TO
2026-06-30,0.0,TO
